transaction_amount,hour_of_day,is_weekend,num_items,customer_age,prev_transactions,distance_from_home,device_type,network_quality,is_first_transaction,store_type,velocity_score,is_fraud
161.3636911,3,0,2,18,2,26.53974177,1,48.40393715,0,0,3.718296156,0
116.2028514,1,1,4,26.28581798,2,50.71440221,,76.14497894,0,0,4.95127249,0
1,2,0,5,18,,9.467935203,0,67.60031589,0,0,4.556043486,0
48.78061793,2,0,3,44.47118993,,41.07706832,0,94.82552554,0,0,6.918436728,0
,3,0,4,38.73360893,8,,2,100,0,1,5.535334848,1
,1,1,2,20.2603978,2,43.37189089,2,67.90800934,1,1,,1
74.69054695,3,0,4,48.16927201,5,16.76409906,0,82.43976887,0,0,,0
17.93099422,1,0,1,33.20069412,3,2.022411242,0,77.47250549,0,0,4.937005762,1
74.37056015,3,0,3,,1,64.70726549,0,30.87027181,0,0,7.77809835,0
177.016199,2,0,5,29.99565291,3,31.28494138,0,70.96581703,0,1,5.141244903,0
46.88481431,2,0,7,28.60424889,0,,1,76.14388479,0,1,6.329405568,0
95.88731502,3,0,2,42.90450997,11,0.451994997,1,63.03983927,0,1,,0
118.1985315,3,0,0,23.24485444,15,18.02807275,1,83.56728275,0,,3.554678221,0
110.3633665,2,0,3,,0,22.99223059,0,,0,0,7.695967211,0
142.8368711,3,0,7,41.48618713,9,19.60430895,0,97.17764566,0,0,2.864328994,0
118.380992,1,0,1,47.82801279,1,45.99129558,0,84.23271927,0,0,4.279532898,0
153.5757968,3,,2,51.01165377,0,,0,70.52411595,0,1,,0
134.0108053,3,0,2,34.97661695,0,27.7075402,0,78.53633622,0,0,3.518932528,0
80.41757163,3,0,3,38.50324816,3,1.48110486,1,46.18210546,0,0,8.197356628,0
95.19700501,2,0,2,18,1,19.53617104,1,60.68335745,0,0,6.203664793,0
26.66074047,2,0,1,,0,2.319459132,0,51.52358623,0,0,4.464503539,0
1,2,0,3,18.21099045,2,57.40168958,1,,0,0,5.45677532,0
24.27648454,2,0,1,55.84225261,2,46.61335138,0,62.8600865,0,0,3.252258633,0
78.96773386,2,0,3,31.38047817,0,,0,77.80186815,0,0,4.12009937,0
,3,0,8,33.08415451,8,,2,77.99099478,0,0,1.765574355,0
185.585424,1,0,3,29.94003965,3,,0,92.24818724,0,0,2.974842449,1
74.43921618,2,0,2,55.68828087,2,13.35009198,0,95.86381006,0,0,1.846234092,1
95.62823356,2,0,7,18,7,58.04260449,0,72.09337162,0,1,3.026272013,1
75.31217084,1,0,3,34.24526232,,19.6445491,1,100,0,0,6.830420674,0
55.94658317,2,0,10,45.99606717,17,21.1841703,1,94.73645196,0,0,,1
141.947025,1,0,2,,7,63.0969526,1,91.32557159,0,1,3.619098555,0
203.7700399,2,1,1,,2,6.272825894,2,87.41589547,0,0,3.447374394,0
137.7832919,2,0,2,45.38054292,1,14.38144131,0,25.81141227,0,0,7.782170823,0
103.9058868,2,0,3,32.46444925,7,3.492307922,2,75.40647499,0,1,7.826427524,0
22.63480055,3,0,4,18.31632102,,1.489752787,,45.62560611,0,0,5.960808493,0
118.2480501,3,0,1,18,3,2.402821152,0,100,1,1,,1
129.2952101,3,0,6,50.67745803,2,,2,67.37205643,0,1,2.595627317,0
111.5350453,2,0,3,31.7908055,14,0.224467284,1,67.3237146,0,1,,1
193.9937275,3,0,4,42.84247794,5,10.41009835,2,100,0,0,,0
122.8344005,2,0,1,46.60276719,,10.68236131,1,22.31659453,0,0,1.796817058,0
73.31998468,2,0,0,34.38617402,3,20.68180356,0,81.74820401,0,0,,0
125.3995663,2,0,0,22.77686335,2,4.064625342,2,100,0,1,7.951397169,0
83.27493821,2,0,5,,0,5.178635954,1,68.93297876,0,1,1.614826926,0
62.40153341,2,0,3,18,1,43.09672416,0,84.24961505,0,0,2.576397353,0
25.8507784,2,0,1,18,3,,1,40.55147625,0,1,4.925677698,0
122.6754356,1,0,3,41.03509595,8,71.26777944,0,98.25270146,0,0,3.000244476,0
44.88539251,3,0,4,20.1870061,2,10.44301461,0,53.78301348,0,1,5.449458397,0
73.05790719,2,0,5,36.84426773,4,0.784854296,0,44.3337913,0,0,4.1161504,1
102.0462374,2,0,3,39.73657157,2,2.559554153,1,72.21953105,0,0,4.484435739,0
172.6767039,3,0,4,35.03065265,6,8.328690281,1,65.17602034,1,0,5.200467582,0
75.8508037,1,0,2,74.22899986,2,12.51343765,1,75.80516372,0,0,2.020126466,0
2.016493806,,0,1,42.76712063,,3.85772164,0,100,0,0,6.737480865,1
125.2794621,2,0,3,45.39301571,1,0.9655841,0,64.19333638,0,0,4.676274374,0
140.5399323,3,0,2,27.33514887,2,,0,85.59962129,0,0,4.02849458,0
,2,1,1,18,0,31.15170395,0,65.57498859,0,0,6.504283067,0
73.70601621,3,0,2,21.30191169,11,81.04761866,2,71.84696853,0,0,8.282070608,0
124.0130251,2,0,4,,0,30.92089281,0,92.67954757,0,1,,0
112.4110293,1,0,1,47.77179847,22,9.293494501,0,68.47086667,1,0,4.985634068,0
124.5487476,1,0,3,23.22195934,1,5.005737451,0,46.35659016,0,0,5.231203942,0
98.78227039,1,0,1,46.93273796,3,41.96910439,0,88.39317514,0,0,,0
1,1,0,4,50.67233621,4,18.48740327,0,74.23475008,0,0,,0
115.0850004,2,0,1,26.75240764,6,5.692249484,0,79.23649582,0,0,6.974282022,0
149.813341,3,0,2,33.72807861,0,4.949437264,2,85.07051222,0,0,4.616178514,0
115.5554996,2,0,4,53.59086331,,7.592580382,0,54.46571597,0,0,7.356570756,0
204.4221386,2,0,6,35.39142202,0,,1,90.41559551,0,0,3.004936089,0
111.9277477,2,0,2,25.96033917,3,48.28684451,0,85.17212212,1,1,3.571723091,0
51.20633735,3,1,4,22.66800968,2,50.46169889,0,79.95252975,1,0,7.476094736,0
132.9725621,2,0,3,,4,,0,59.25245908,0,0,4.212582041,1
135.1713958,2,0,1,45.14085583,,,1,90.25709377,0,0,,0
149.1341571,3,1,5,49.65429219,4,1.968949027,1,85.26200159,1,0,4.421952371,0
95.10423768,,0,5,18,0,38.08065263,1,,0,0,5.941488212,0
106.1335158,1,0,3,27.74361393,,44.32172219,1,,0,0,5.809429054,0
95.40776178,2,0,4,30.85633947,,,2,74.69537787,0,0,4.39087948,0
82.89256744,2,0,5,35.75180559,4,7.075868924,0,58.82078578,0,0,7.715833043,0
110.0349347,3,0,3,39.44418332,6,51.64016461,0,88.52725266,0,,6.046938884,0
,3,1,1,21.2930852,10,,1,85.5439158,,0,0.739410166,0
187.4791952,2,0,2,59.43021853,11,,0,97.74445936,0,,4.530952115,0
151.2554576,3,0,2,21.99362477,2,,0,86.484289,0,0,2.636656642,0
232.2171674,3,0,5,22.17962912,0,8.513160898,2,55.49062659,0,0,3.321139216,0
124.3936142,2,0,5,58.60212676,5,1.063259025,1,,0,0,7.132741213,0
116.2041985,2,0,4,67.21441728,1,35.16939241,1,78.5987331,0,0,7.656625992,0
122.8902805,2,0,1,18.06711234,1,11.89892386,0,52.6234073,0,1,2.923799413,0
40.84719076,3,0,5,19.61723185,0,45.89229381,,66.76102045,0,0,4.460497717,0
26.75126269,3,0,2,40.57353195,4,,0,68.24373997,0,0,,0
73.43928527,2,0,1,22.43315564,0,,0,79.03063882,0,0,7.949255655,0
1.646514821,2,0,4,28.17869052,0,4.098308869,2,50.84172881,0,0,2.687454638,0
82.74265594,2,1,4,22.58450784,11,,2,98.35030603,0,1,3.809188603,0
12.06302568,2,0,1,18,3,32.20949815,2,55.50339638,1,0,9.780963098,1
276.4527594,2,0,1,30.77718713,5,20.89258518,0,,0,0,3.12400377,0
149.5083119,3,0,0,18,9,57.76623953,0,70.52332923,0,0,,1
142.4805994,2,0,2,35.45050782,3,10.57078971,0,80.28610471,0,0,7.447312674,0
122.7943886,3,0,1,64.4574813,0,,1,26.11687766,0,0,,0
99.02901971,3,0,4,35.81348594,4,29.53474896,1,70.05790085,0,1,3.901304538,0
146.0825056,3,0,6,67.33204472,3,12.14415859,0,68.40587364,1,0,,0
155.3115779,1,0,5,30.87166225,8,9.432312409,0,66.34624115,0,0,9.448680849,0
67.51173866,2,0,5,18,0,0.979991345,2,,0,0,,0
120.2106433,2,0,2,28.59557506,2,8.553773456,0,62.29201938,0,1,4.640393604,0
126.8814951,3,1,1,18,18,14.90534176,1,82.69251257,0,0,4.260010225,0
117.417087,1,0,2,48.32330167,9,2.115487582,0,62.78489079,0,1,5.441279651,0
91.78323971,2,0,2,29.70996264,7,10.20095771,2,40.58572588,0,0,4.012212603,1
108.2147383,3,0,2,33.58547266,7,,1,51.9363479,0,0,7.017865646,0
89.98237111,3,0,2,36.63915515,3,34.73898955,0,53.1840568,0,0,1.904961891,0
172.3898209,2,0,3,,,8.303811378,0,42.6867015,0,0,3.210124975,0
101.7076209,2,0,1,19.28409649,1,9.67756677,1,98.86528187,0,0,6.864432611,1
96.30135682,3,0,3,,13,46.35159107,0,100,0,0,5.157950545,1
58.19541649,2,0,3,38.58795047,1,,0,,0,0,3.504185315,0
130.336153,2,0,2,18,3,34.62374136,0,78.02773905,0,0,4.704766651,0
132.7701915,2,0,3,44.17956311,0,3.913939101,0,100,0,0,5.577056378,0
194.8883508,,0,2,21.88514278,6,43.04343422,0,48.22243688,0,1,-0.873099784,0
1,2,0,3,61.95717203,15,0.907507126,2,71.82744999,1,0,8.022587488,0
94.77753907,2,0,2,,0,33.86398267,,69.31594785,0,1,8.672301782,0
,1,0,2,29.1939709,1,19.54392806,0,80.79791431,0,0,4.461974347,0
,3,0,1,28.06442527,6,10.65440895,0,52.06954654,0,1,5.755369552,0
105.478579,2,0,1,45.50533593,3,10.29612566,0,55.5552323,,0,,1
116.7529015,3,0,3,25.84986903,1,12.117106,0,100,0,0,4.95003125,0
83.98074703,2,0,4,66.29583439,5,8.458986763,1,63.32874385,0,0,5.95423744,1
101.6203507,,0,2,27.35440424,0,,2,74.5164958,0,1,4.186909392,0
94.99229618,2,0,4,,0,1.505811011,0,93.22011173,0,0,,0
63.48166841,2,0,2,53.86817691,1,29.09042237,1,41.55449388,0,0,5.079875168,0
67.40819461,2,0,4,37.53942579,15,14.0342612,2,72.18489986,0,1,6.260640954,0
142.6216667,2,0,4,32.68582541,,4.110236023,0,77.47924135,0,0,8.027909639,1
104.3736877,2,0,1,41.19348893,0,10.54045305,2,85.89447304,0,0,2.641684122,0
68.33843016,3,0,2,29.553021,4,106.5190883,0,80.42501077,0,1,3.851633923,1
33.95608223,3,0,0,46.58638117,2,4.768059689,1,80.80548426,1,0,7.967123303,0
93.81355269,2,0,1,37.62940363,1,27.03983542,0,71.20101345,0,0,6.109868706,0
162.6141831,,0,3,18.83226269,22,68.46990063,2,81.42687707,0,0,5.283635392,0
174.7469114,2,0,1,43.88611991,1,25.46341404,0,67.92080251,0,0,3.378177084,0
76.30803265,3,0,4,,1,,0,64.514274,0,0,5.38280873,0
39.51526286,3,1,2,,0,1.458738509,2,92.59919423,0,1,4.137738247,0
151.3493132,2,0,4,32.20196449,6,,0,,1,1,6.049487653,0
128.2754823,,0,4,18,1,82.82694482,2,23.90907336,0,0,5.484368867,1
122.5247862,2,0,,25.04572581,0,,2,83.66827024,0,0,5.370903363,0
122.6033919,2,0,4,18.92763802,13,31.9578098,0,100,0,0,4.220763272,0
38.04464622,2,0,2,,1,27.46282772,0,87.98376428,0,1,8.556496078,1
127.5942986,3,0,2,29.99820236,0,25.13989047,0,91.89008614,0,1,2.737438534,1
173.2088619,1,0,3,48.61017512,10,2.172739994,1,72.99009883,0,1,3.945386393,0
66.21459604,1,1,1,40.6662667,0,4.01833427,0,59.08587178,0,1,0.462516775,1
122.8640202,3,1,1,40.37970287,1,24.63974754,0,,,1,9.222639371,0
88.2363045,2,0,1,51.60887825,4,,1,81.75851568,0,0,4.632532955,0
170.5229573,1,,2,43.47827672,17,0.238222472,1,80.65227561,0,1,,0
73.47494262,2,0,4,37.75028057,2,13.36930566,0,95.95038688,0,0,5.173728981,1
1,1,0,4,47.21346215,10,10.14096512,0,93.09409464,0,1,5.367636671,0
25.0409399,3,0,5,,,11.8402128,0,63.57059025,0,0,6.023261031,0
148.4784513,2,0,3,47.59223855,0,1.990863359,1,66.53848183,0,0,6.123329712,0
151.1765322,3,0,3,79.0010449,0,16.28894764,1,74.94240876,0,0,,0
94.83891235,3,1,5,,6,10.51201259,1,60.16646007,0,0,6.687434011,0
121.6108345,3,,5,44.10033532,0,32.6076804,1,83.66656196,0,0,4.831143703,0
78.65979025,2,0,3,50.73550068,2,,1,49.33461852,0,1,4.153144793,0
138.0423327,1,0,5,23.7281986,6,13.5648748,0,83.93060648,0,0,5.810604975,0
1,2,0,2,29.57853096,1,52.16357002,0,49.36239726,0,0,4.339894971,1
129.9551666,3,0,1,34.82584682,0,8.238126581,1,57.31261268,0,1,6.089531176,0
34.143404,2,0,3,33.48607436,6,19.50026516,0,74.4674076,0,0,4.293738923,0
95.58185204,3,,4,56.68425318,6,33.37158128,0,61.88024896,0,0,0.020002704,1
174.2058014,2,0,1,64.41459685,1,55.66736568,1,72.55282674,0,0,,0
49.91899951,2,0,5,18,1,20.97213324,0,87.95132901,,1,,1
96.96695931,3,0,3,,10,9.124338163,0,41.4850688,0,0,,0
226.4963875,3,0,3,18,3,35.0138053,1,,0,0,1.070442552,0
112.037659,2,0,6,35.59616374,0,3.04883797,0,100,0,0,6.710237528,0
108.8220778,2,0,4,,3,105.1247814,0,52.10518684,0,0,,0
109.9340005,3,0,3,43.1914628,,6.223067502,2,93.6157488,0,0,,0
48.23788388,2,0,1,31.78992259,14,44.57613171,1,56.50236509,0,1,6.75851579,0
185.1107472,2,0,1,,5,,1,39.93930932,0,0,4.547067055,0
168.4039675,2,0,4,26.73416482,3,5.913296778,0,57.17079286,0,0,,0
75.55569405,2,1,5,,4,12.99186351,0,68.00855569,0,0,8.116769001,0
30.99492709,3,0,1,37.56444432,3,22.66376178,0,87.98996798,0,0,5.726750523,0
69.94367237,2,0,2,30.51966689,4,9.796972364,2,49.67881923,0,1,4.069589673,0
100.4391827,3,0,3,51.09934603,0,18.87451034,0,100,,0,5.178896084,0
1,3,0,6,43.02015457,0,0.522259297,0,62.97430688,0,0,7.284724703,0
48.40168581,2,1,2,36.22465567,2,0.236796627,,80.29796107,0,1,2.246550938,0
131.2754008,3,1,2,39.66185775,4,85.21743442,1,,0,0,4.96522139,0
,2,0,2,,1,1.867312285,0,57.26973172,0,1,7.178379049,0
128.1484618,2,1,2,32.35735429,4,13.10263315,,62.18754248,0,1,3.842767843,0
21.18039215,1,0,3,46.74937082,5,21.27495116,1,34.92888634,0,0,1.306620703,0
42.33337984,3,0,3,30.92371365,15,6.517540166,0,62.86363975,0,1,3.235399938,0
211.5749456,2,1,1,60.97475651,4,1.27666413,1,80.98052863,0,1,2.265350453,1
,2,0,6,46.29830625,3,5.915348074,1,59.36271129,0,1,6.804643308,0
108.6127193,2,0,1,23.82545384,8,11.99489387,1,75.1253562,,0,6.277383931,1
70.60718475,3,0,5,26.60665298,0,43.01641876,0,42.72230796,0,0,4.899012806,0
50.27857391,2,0,6,36.98545924,1,25.71481783,0,69.53622896,0,0,6.758460867,0
143.8086966,2,0,,24.74099515,4,44.1445213,2,100,0,0,3.213450684,0
136.7318773,3,0,2,40.42074092,8,8.559257142,1,63.36035742,0,1,7.461589925,0
92.07311538,3,0,5,29.11791186,6,33.96064307,0,100,1,0,,0
168.3437134,3,0,5,18,8,9.389246281,1,61.79792316,0,0,4.164571263,0
106.697919,2,0,2,,4,3.360111344,1,100,0,0,6.611120363,1
,2,0,3,46.8197818,1,2.345133177,1,41.98146233,0,1,3.450334922,1
88.6760554,2,0,2,53.77554284,11,16.36516215,1,80.24364223,0,0,6.403195117,0
189.9362509,3,0,3,47.86424698,2,2.267646637,1,78.24334296,0,0,4.783677573,0
115.402527,2,0,2,29.7512376,4,6.848594166,0,75.76078409,0,0,5.918112719,0
120.8400787,3,0,7,59.79816972,0,1.584338627,1,59.10790599,0,0,,0
158.295826,2,0,2,58.14856106,2,35.41572803,0,81.38504192,0,0,5.43822964,0
,2,0,2,34.97982118,13,27.75070081,1,71.25005991,0,0,,0
113.4025214,2,0,3,18,4,31.46479571,1,78.81589392,0,1,5.089034831,1
159.0945021,3,0,4,29.23136296,5,10.48179162,0,63.69576945,0,0,5.884212367,0
194.609588,3,0,,21.82424609,6,31.00294405,0,66.05377789,0,,5.760060776,0
97.72438773,2,0,2,56.85999206,0,44.41919912,2,87.92994773,0,0,6.230594675,0
78.52972294,2,1,2,47.75905486,5,,0,55.66924227,0,0,3.865640466,0
119.7289993,2,0,3,18,1,27.11124384,0,55.99704769,0,1,4.152931731,0
124.6988691,2,0,5,35.32212824,10,3.110095117,0,83.22337702,0,0,8.595707625,1
,3,0,1,37.73303117,0,18.81877057,0,,,0,6.891318813,0
91.58704328,2,0,5,18,0,21.44641862,0,93.33077139,0,1,,0
107.2531873,3,0,3,,3,43.621661,0,69.60181712,0,0,5.573288082,0
67.53175902,3,0,2,18,5,6.063919297,0,84.64761355,0,0,3.744865186,0
98.44705336,1,0,3,48.51636259,2,42.94002133,0,100,0,0,5.815535144,0
93.75565573,2,0,0,41.53838263,9,20.2312172,1,97.8453621,0,0,7.856881122,0
95.04528499,2,0,5,25.28541802,1,26.58924493,0,100,0,0,6.111663112,0
39.52615323,3,0,3,18,5,46.93198714,1,78.59287501,0,1,3.690605511,0
,2,0,2,,3,9.89741133,0,66.78398563,0,0,3.744557198,0
181.1942496,1,0,4,18,1,2.562801144,1,83.72133484,0,0,,1
109.742117,,0,4,28.76621487,6,5.927151214,0,,0,0,,0
111.2108202,2,1,3,,15,4.328423839,0,67.19863358,0,1,7.11525898,0
83.14570144,2,0,3,36.27248638,0,36.31240834,,50.3913114,1,0,3.067004004,0
69.7546618,2,0,3,46.54018415,8,62.54472888,0,68.93315652,0,0,1.42310833,1
,2,0,2,40.04260891,5,,0,54.01389223,0,0,4.431188968,0
98.68696034,2,0,5,40.0454977,0,31.71183739,0,65.78128101,0,0,6.202328532,0
127.7802233,3,0,2,18,4,62.27870355,0,,0,1,4.149432928,1
86.44381995,3,0,3,23.12195253,9,19.3860359,2,86.06339175,0,0,6.443977154,0
135.7000247,2,0,1,41.50685238,3,,1,74.31352287,1,1,3.57986471,0
62.54141367,,0,2,39.69949985,6,11.41452572,0,80.21710814,0,0,4.969292017,0
89.01652738,3,0,2,39.96243448,16,9.384095133,0,79.43827478,0,1,,0
114.2377297,3,1,2,37.512693,10,10.73337939,1,69.21879847,0,0,7.928411813,0
40.17210357,1,0,4,,7,8.083615803,0,80.58268411,0,0,9.253746793,0
88.54594845,1,0,6,44.65848042,0,3.001499928,2,70.15894679,0,1,3.857906203,0
118.667428,3,0,5,18,3,5.136079597,0,100,0,0,,0
114.3477927,2,0,3,26.00765556,2,2.444621908,1,88.47597814,0,0,5.672697888,1
160.1942219,3,0,4,18,17,21.83075342,0,81.41372842,1,,5.474409131,0
72.44071418,3,1,,32.86441396,0,10.10539486,0,70.95451083,0,0,,0
67.41998262,2,0,3,,1,46.93165108,1,98.80406882,0,0,8.738258244,0
80.77715605,1,0,3,31.02616628,0,33.45501022,1,76.96003207,0,,6.482036753,0
151.2031263,2,0,,18,9,43.1787518,0,77.05452478,0,0,3.918970099,0
25.13711774,2,0,4,18,2,22.3087742,0,74.33891603,0,0,8.031830254,0
,3,0,3,,,,2,85.41657396,0,1,7.319941727,0
215.3958125,1,0,7,,6,13.8500891,2,100,0,0,2.751983394,0
,,0,4,,0,,2,33.1314564,0,1,7.81045656,0
,1,0,2,37.76270791,1,,0,,0,0,,0
229.4781821,3,1,6,18,11,0.240875359,1,44.52261414,0,0,6.666011789,0
1,2,0,5,18,,54.73048901,2,64.08652918,0,0,8.08672826,1
147.8996971,2,0,5,44.0044547,5,40.74655614,1,96.76323495,0,0,6.788822406,0
133.9686641,3,0,4,35.8130582,6,19.15273835,2,43.43414667,0,0,,0
45.22403056,3,0,1,33.02095504,10,19.20304744,1,51.26774376,0,0,3.953620922,0
70.99918337,3,0,4,40.30719307,8,19.40069177,0,66.44743331,0,0,5.866578887,0
106.2087842,3,1,4,18,18,22.41594892,0,56.36538724,1,1,0.543421038,0
135.7304895,1,0,4,53.41383095,3,49.30365035,1,66.19708502,0,1,3.222695349,0
49.20890905,2,0,1,22.31150738,10,6.199044026,0,97.13100649,0,0,5.557966709,0
,2,0,2,18,4,28.32783136,0,66.6133519,0,0,3.600261207,0
172.4249615,2,0,3,50.17480505,5,6.324553194,0,43.61224108,0,0,,0
,3,1,2,61.99785235,1,23.5096832,0,73.65743629,0,0,7.051980754,0
79.4592856,2,0,3,18,,1.188139692,0,81.76839495,0,1,1.621727338,0
219.6054818,1,0,5,25.92339657,3,,0,,1,0,,0
113.4296791,1,,,60.4408663,2,6.664317846,0,72.15485772,0,0,3.881262767,0
9.101038731,2,0,4,20.02651857,0,63.90055785,2,48.45771015,0,0,8.176529784,1
49.11178455,3,0,2,18,2,67.83525283,0,33.984607,0,1,,0
88.15906966,2,0,2,28.99916521,1,32.18031477,1,79.34220046,0,1,3.317928675,0
140.4018095,2,0,4,,9,3.900444947,0,75.97008379,0,0,2.222485542,0
110.8341559,1,1,3,18,6,,0,62.89870311,0,0,3.709914288,0
121.2921829,2,0,1,33.82070903,2,96.4644203,1,76.65308428,0,0,6.241895077,0
132.3244769,2,0,0,44.37103609,4,13.02584695,1,78.10286949,0,0,2.022067066,0
44.47120773,2,0,2,,1,36.80582974,1,,0,1,7.299611763,0
75.04305243,3,0,2,35.29116461,,7.57600072,2,86.36978226,0,0,7.002435253,0
105.3584958,3,0,4,,2,18.05726757,0,83.49578189,0,0,5.378574021,0
58.39693476,3,0,2,23.33534206,8,63.43190794,0,52.12869776,0,1,-0.601876346,0
184.9717992,3,0,5,30.27002176,2,,2,94.99226969,0,1,5.543792611,0
126.914804,3,0,3,22.35716303,1,0.753166211,2,88.63924099,0,0,0.930464366,0
45.41874139,2,0,5,45.1525584,7,33.47460294,0,68.7749525,0,1,7.573469212,0
70.03036773,2,0,1,56.07595451,6,52.80596547,0,69.82470081,0,0,,0
32.7492758,1,,4,37.49285107,2,16.47564538,0,89.99892153,0,0,4.33675416,0
,,0,6,,7,10.15870799,2,84.36005474,0,0,,0
149.0882743,3,0,2,41.63539261,13,13.90880668,2,76.02724655,0,1,5.280095203,0
175.1709914,1,0,3,,4,19.88198909,0,67.11280144,0,0,,0
132.9824999,2,0,2,49.43484363,2,,2,79.94907917,0,0,,0
99.16948288,3,1,4,,18,8.81044638,0,78.33050936,0,0,5.620848291,0
112.8014867,2,0,4,37.92402366,3,0.97653784,0,73.84247774,0,1,4.702048612,1
,3,0,4,21.73803097,1,,2,45.51456737,0,0,1.495437695,0
62.31319178,2,0,6,31.0342496,2,33.63527025,0,51.84580881,0,0,3.875316234,0
,2,0,2,37.30776291,0,41.19338957,0,100,0,0,7.731514898,0
124.4687281,3,0,3,40.24451387,,34.11725274,0,89.30115004,0,0,,0
68.75907112,3,0,5,34.47172392,5,25.09715211,0,96.66915273,0,0,5.769425271,0
133.6430618,1,0,3,59.0960569,0,,2,59.0646539,0,0,7.139559603,0
85.96624616,,0,2,,1,18.30378143,2,96.44939236,1,0,5.657422567,0
191.5729383,3,,3,52.19500588,2,16.53649939,0,51.80181155,0,0,4.747144305,0
106.4052207,3,0,2,29.59896122,2,14.08962055,0,67.95471515,0,0,0.967486722,0
81.07101284,3,0,,45.79036735,2,6.970928782,0,66.99858129,0,0,,0
126.7182449,3,0,4,18,2,7.62600261,0,56.98551569,1,0,,1
1,3,0,1,,0,17.96472347,1,91.38464032,0,0,1.67753403,0
167.5557045,2,0,4,53.58321598,1,4.943805293,0,91.61986593,0,0,5.957792409,0
,1,0,4,43.88789718,0,0.503820489,2,95.88633593,0,1,5.466767784,0
156.2466273,2,0,4,19.55656232,8,34.23823513,1,65.21964551,0,0,4.925848037,0
99.45664315,1,0,3,44.02225369,11,0.717191846,0,100,1,0,8.041497553,0
204.896967,2,0,1,18,0,8.668825571,2,61.53249622,0,0,7.169183513,0
236.0084583,2,0,2,39.1760669,0,33.66842751,,,0,0,6.284497363,1
187.9310242,2,0,4,43.3000336,10,1.127034763,1,74.78070651,0,0,3.391272873,0
,2,0,1,48.03309713,5,0.969747521,0,81.51631112,0,0,,0
116.2179641,3,0,6,18,,8.741489445,1,63.37641237,0,0,,0
103.3495359,2,0,2,36.97651238,0,32.36972736,1,61.83248903,0,0,2.855954864,1
86.15553221,2,0,2,31.01136085,2,,0,87.80229785,0,0,,0
88.90558644,2,0,3,60.31909234,4,1.465422036,0,,0,0,6.239007447,0
68.81155197,2,0,,33.50998331,7,25.68230819,1,75.0578933,0,0,,0
165.9151162,2,0,1,41.71939824,5,13.80968285,1,100,0,0,7.989659677,0
97.93313976,3,1,3,22.0580856,,27.17450337,0,58.24335857,1,0,2.575590539,0
137.1229457,2,0,1,49.48862007,6,18.68562295,1,74.0087029,0,1,3.750567667,0
,2,0,3,36.46047595,0,14.88590321,1,63.78461988,0,0,1.416751421,0
70.2169353,3,0,2,,1,12.23740689,0,84.30239898,0,0,9.536602827,0
87.7305942,3,0,5,74.28093231,0,11.15653583,1,59.10693868,0,1,3.588010695,0
67.82408848,3,0,5,41.19252336,6,,2,81.13711091,0,0,,0
147.8652411,3,0,3,30.83756563,3,10.56505472,1,60.54371626,0,1,4.179030841,0
35.97853238,1,0,4,25.84999435,,,0,100,0,1,3.949620704,0
81.65877941,3,0,2,,17,4.664347927,0,91.30312278,0,0,3.501439249,1
45.48957966,3,0,,52.06869691,2,5.556709236,2,,0,1,4.114131714,0
30.60657248,3,0,3,30.83513291,0,18.2020963,0,80.30800358,1,0,5.915710103,0
101.5745781,3,0,6,34.62562122,10,34.14352119,1,62.88307292,0,0,2.179603734,1
5.999498305,2,0,2,57.87306457,1,26.63001539,1,37.26108259,0,1,4.951095698,0
191.9091838,3,1,,28.95958953,2,56.01692022,0,58.73904873,0,0,6.395998637,0
66.52815432,3,0,6,43.06597986,11,11.61856951,0,77.96269597,,0,6.781858947,0
103.704739,3,1,4,46.57293265,1,32.53345697,1,94.55529301,1,1,6.62787105,1
36.49694556,2,0,0,18,16,6.907398559,0,80.40749548,0,0,6.555557067,0
131.1355612,2,0,3,45.70601909,10,6.613663439,0,87.5306846,0,0,5.730541827,0
97.48809453,2,0,3,46.43990281,5,1.578347884,0,,0,0,3.97177435,0
63.27042116,3,0,6,,1,26.14897673,0,,0,,4.061366807,0
185.9688953,2,1,6,30.06016341,11,27.94299642,0,62.28109452,1,0,5.489343258,0
106.2950694,3,0,1,53.64054307,10,4.142682755,1,72.55460796,0,0,0.804982523,0
86.72197437,3,0,1,37.20681261,13,6.025754834,1,59.67037641,0,1,4.854892696,0
78.01344709,,0,1,64.63004358,10,41.66807914,1,63.22747743,0,0,4.522177807,0
,1,0,3,39.37010823,6,19.98743969,2,,1,0,,0
143.438625,3,0,3,48.5416032,4,35.69244378,1,52.0629562,0,0,6.840264865,0
164.6372645,2,0,6,,3,27.06510118,0,,1,0,2.658262199,0
114.4346815,,0,2,18,3,5.20044946,1,81.86037517,0,0,3.795677128,0
109.7192151,3,0,2,64.65392535,6,12.40341871,1,82.40899411,0,0,4.950445761,0
92.55153451,3,0,2,29.32747613,7,21.80329045,2,80.12768517,0,0,4.464523456,0
99.64775073,2,0,6,29.87698504,5,12.28217282,1,92.98982529,1,1,9.031480042,0
96.41993703,3,0,3,32.27493608,3,41.8632916,2,68.0386614,0,1,4.252389295,0
117.0294608,2,0,1,37.63132732,13,12.97437399,0,72.68321368,0,1,6.815003286,0
112.9330574,1,1,1,31.96932715,0,0.058749222,1,96.75339084,0,0,3.846597999,0
109.5788698,3,0,4,41.06023835,,39.4089889,0,56.12236715,0,0,5.032043816,0
111.6924013,3,0,2,37.60820727,0,18.74913069,1,74.29283766,0,1,9.370206079,0
35.1584026,2,0,4,34.27237881,3,14.11218153,2,100,0,0,4.93925985,0
67.82250838,2,0,3,60.60804627,17,9.506355567,0,73.09087817,0,0,4.950850447,0
89.53381614,2,0,2,32.25780071,2,,0,88.35724676,0,0,2.996353585,0
175.0137305,2,0,5,53.99008879,7,34.27472499,0,92.47582943,0,0,4.099032215,0
32.63730412,2,0,4,29.63427444,5,14.20025843,1,61.02742815,0,1,8.703821987,0
169.6019376,3,0,4,39.62434404,0,3.11078238,0,57.64313119,0,1,4.631359509,0
89.01640561,2,0,2,35.19029746,4,,1,57.03369514,0,1,4.329730303,0
163.9732466,3,0,4,35.98916504,2,29.5454456,1,,0,1,4.867938731,0
224.9215242,2,0,1,43.3717031,10,14.01641737,0,66.84446284,1,0,4.050317892,0
92.63973607,2,0,1,59.72957514,6,13.01890942,2,57.12667875,0,0,6.854008516,0
64.04233404,2,0,3,31.21628844,10,7.266521109,0,72.9188357,0,0,7.177798289,0
26.82425259,2,0,3,40.20596779,16,1.882436376,0,,0,1,,0
20.89116183,1,0,2,35.42596263,0,,0,71.25264173,0,0,4.424458677,0
137.7479383,2,0,3,41.6126459,0,45.09948361,0,,0,0,2.517717465,0
100.3211135,1,0,0,18,6,20.08348051,2,100,0,0,7.010938678,0
146.4466007,2,0,7,34.63703447,0,6.571050263,2,,0,1,,0
147.2934822,2,0,1,35.35232689,1,8.508157634,1,88.15859537,0,0,4.835155842,0
73.67224334,2,0,5,24.06677532,11,19.49775357,1,94.36240152,0,0,4.096080181,0
23.47692951,3,0,1,,2,1.44826588,2,52.8531874,0,0,3.87097546,0
175.0379895,3,0,2,38.97609576,21,21.61541209,0,79.64183459,0,1,3.635631603,0
62.70289368,2,0,3,18,7,3.916256246,0,,,0,3.976927238,0
77.4993571,2,0,2,80,0,,2,69.22343409,0,0,8.21075752,0
150.5137293,2,0,2,23.66220179,0,25.82080978,1,68.76408714,,0,5.861574272,0
173.5585164,2,0,4,30.98063563,3,3.347668512,2,78.27857059,0,0,5.625694862,0
,2,0,2,,2,22.95000674,,50.91674407,0,0,6.129485613,0
7.810320826,2,0,4,22.75773792,5,15.64735559,0,60.15629578,0,0,7.996253153,1
125.6807232,1,0,2,21.92192717,2,2.297432704,0,79.35123497,0,1,5.450467174,0
119.6742693,1,0,4,23.34341282,,,0,87.00441024,0,0,2.970785774,1
,3,0,2,38.30807739,3,48.47681487,2,81.74093308,0,0,5.742900048,0
106.0147816,3,0,4,26.20473667,1,4.199705303,2,75.66098854,0,0,2.368420501,1
168.6829273,3,1,3,18,0,12.05300485,0,84.87752044,0,1,8.202110359,0
93.49698532,3,0,6,47.41176626,4,51.56332968,1,88.81642993,0,0,6.01543299,0
59.18913777,2,0,6,43.35107814,1,5.148043914,2,55.98605557,0,0,4.060826702,0
207.2574564,2,1,2,55.66757479,0,84.87442177,1,100,0,0,8.824573185,0
53.6809435,2,0,3,,5,3.208299495,1,73.68392762,0,0,4.889592963,0
53.63234329,3,0,1,47.60548072,3,4.128621394,1,28.01812639,1,1,8.423426064,0
120.8840376,2,0,,32.31760738,8,2.46518602,0,,0,0,8.482472336,0
162.6566412,1,1,3,23.25754668,2,8.156673676,0,93.50816867,0,0,3.773734503,0
112.6284423,2,0,2,39.63092491,0,,0,61.35772977,0,1,1.909385851,0
85.48627279,2,0,4,32.56646015,7,50.42422121,2,84.57728757,0,0,5.182275336,0
104.76721,1,0,2,52.16450676,2,6.710784516,0,89.3385336,0,0,4.423582474,0
98.82239246,2,0,,32.99421615,17,10.55875898,,80.0828753,0,0,5.833036787,0
155.7160847,1,0,3,19.12536531,0,61.66129614,0,100,0,0,6.381198915,0
107.1694234,3,0,3,29.61063363,1,24.50532281,0,92.18620565,0,0,2.971499557,0
1,2,1,1,18,3,10.29524011,0,47.34551031,,1,6.212351468,0
152.3455897,3,1,3,28.18139112,17,2.875187687,1,58.6516592,0,0,1.485353471,0
1,2,0,2,48.3649447,20,51.29853413,2,57.79899423,0,1,1.103476367,1
35.36873264,,0,3,27.15050881,6,7.168981868,0,69.11464407,1,1,3.668396018,0
122.6792762,1,0,5,30.23211892,2,35.47352405,1,68.61880282,0,0,8.236725563,0
72.34550915,2,0,4,46.98942978,7,10.66492319,2,33.6976693,0,,4.937815795,0
188.0594062,1,0,5,34.26055433,0,5.98479915,2,100,0,0,3.930807822,0
140.4556395,2,0,6,37.05443166,10,37.6488698,,61.81278577,0,1,,0
175.0666826,3,0,6,72.79945327,5,,0,47.1723368,0,1,7.131929991,0
73.23823942,2,0,1,41.07803096,0,9.374490374,2,100,0,1,5.570315665,0
55.81404297,2,0,3,22.74611851,2,5.225568752,0,81.38721434,0,1,6.059215731,0
182.8104126,3,0,7,23.74548033,1,21.70679391,1,100,0,0,7.312092426,0
182.5286482,2,0,2,25.57153081,10,86.85562545,2,64.79472688,0,0,6.56699277,0
134.1611507,3,0,1,66.61303364,2,26.83607946,0,78.26839802,,0,5.861926082,0
46.60985392,3,0,5,,7,32.08972307,1,71.9466988,0,0,2.568756299,0
,2,0,4,33.03248289,2,19.90287607,0,81.96365554,1,1,3.412621452,0
72.75404566,3,0,3,24.6609918,,22.88213176,0,87.55538957,0,0,8.584631649,1
31.32985555,3,0,3,49.73760558,3,7.906590084,0,100,0,0,4.91473384,0
162.6421317,2,0,3,60.68782377,0,20.94948637,2,82.10705756,0,0,4.490403214,1
14.46983228,2,0,4,22.19413934,,34.87841898,1,66.01518563,0,0,,1
90.71705117,2,0,1,34.73074558,1,17.92570492,1,75.17060263,0,0,11.8774184,1
101.4228791,,0,5,18.76107948,0,0.473722625,2,82.52002016,0,0,5.740464874,0
91.352697,3,0,3,19.61604085,5,1.185930434,1,61.51807866,0,1,4.58632237,0
155.605031,2,0,3,41.94815614,9,51.983781,0,73.02603367,0,0,4.933065642,0
143.5373322,1,,1,18,0,19.5047231,2,64.1634651,0,0,4.911811849,0
1,2,1,3,23.43037497,1,45.09954325,1,52.0624959,0,0,,0
176.5375416,1,1,2,18.77693447,2,32.74824146,2,92.18941763,0,0,3.807862482,0
149.7790757,3,0,0,,0,30.76739448,0,84.31417015,0,0,1.886303199,0
121.6176357,3,0,3,,1,,0,72.3742191,0,0,2.177231185,0
162.228258,3,0,4,70.33952211,8,14.4368392,0,85.21044325,0,0,3.897206987,0
83.98510977,2,0,2,55.24039684,3,3.681784692,1,,0,0,1.058050387,0
43.86389892,3,0,1,18,5,5.457983164,1,94.62641932,0,0,7.249680234,0
184.7861439,2,0,3,34.08657017,2,8.537497312,0,87.05416964,0,0,6.67453974,0
29.38481493,2,0,3,18,1,36.92777572,0,62.66194493,0,0,6.483520912,0
100.6111774,,0,3,,17,23.94770692,2,83.47066937,0,1,,0
118.0830531,3,0,2,33.88922777,3,63.68248606,1,,0,0,5.811088813,0
115.4910355,2,0,2,18.66959697,2,14.12962885,1,70.7920328,0,0,4.018568283,0
93.02051859,3,0,2,25.17867204,2,10.43734612,1,27.69895269,0,0,1.251220611,0
135.570529,3,0,5,63.60648625,2,15.5231972,0,78.16415655,0,0,5.534983553,0
95.5954378,1,0,0,22.71001037,0,18.24547845,0,,0,0,5.826662785,0
91.25201217,3,0,3,41.40378947,0,1.394230936,1,65.79515919,0,0,4.594567376,0
85.12588996,,0,4,18,2,44.29723393,0,,0,0,2.753612425,0
87.02043243,2,0,5,40.90949432,1,61.75603791,0,74.77880907,0,0,7.043995623,0
70.1260571,3,0,0,28.00063884,4,43.32150786,0,47.60784909,0,0,6.132190648,0
107.1713283,2,0,7,46.57740825,2,,2,76.53543102,0,0,,0
68.13064363,3,0,3,29.17382239,4,0.753881626,0,91.23864498,0,1,4.889890685,0
137.1825888,2,0,3,29.30934145,3,12.44871706,1,65.09692855,0,0,6.155448166,0
17.73006265,3,1,3,58.3919055,0,1.283077622,2,89.03757176,0,0,1.966995692,1
146.9141903,,0,5,44.34091836,6,8.335459785,0,80.0397303,0,1,0.12897219,0
159.1993722,1,0,3,29.40895162,1,43.29006524,0,33.98902759,0,1,4.677366539,0
39.13586539,2,0,3,28.58917972,4,66.92237348,0,76.49847284,0,0,5.298160688,0
16.35530493,2,0,2,,,82.43579515,0,56.14978657,0,1,,0
,1,0,0,,4,,1,96.54602555,0,1,1.788628663,0
19.32193011,2,,4,65.9973383,10,3.592221406,0,69.84917745,0,1,,0
135.4178224,3,0,5,28.43066547,10,5.752262033,0,56.1770155,,0,,1
134.3159228,3,0,2,18,5,11.00496528,1,78.61651377,0,0,4.653426599,0
67.33353837,2,0,5,33.73398343,0,131.3271141,0,40.97460345,0,0,3.551887941,0
1,2,0,3,60.31780678,2,38.1932796,0,45.6515715,0,0,5.862288988,0
148.5158101,2,1,3,,1,,1,51.18124038,0,0,4.411187135,0
116.3905537,3,,1,18,18,0.569653435,0,61.58517062,0,1,6.460362312,0
116.5823834,3,0,2,24.94127677,9,27.78401787,0,87.18824463,0,1,-0.324138659,0
85.78076752,1,0,2,18,1,12.60895556,2,62.90043931,0,0,3.243558396,0
101.7443974,2,0,1,63.13787536,2,18.98330937,0,64.43968417,1,0,3.342089029,0
36.08236856,3,0,7,20.93472754,7,26.42148819,0,77.2994927,0,0,3.025844976,0
124.9441597,3,0,1,44.05274165,7,26.19067338,2,70.12116217,0,0,,0
167.0225223,,0,3,78.91467854,4,9.701588176,0,70.91379492,0,0,8.445529309,1
58.6559823,3,0,4,,6,11.0605397,0,100,0,1,8.559196965,1
172.078431,2,0,2,64.50306181,0,3.124249866,1,100,0,0,8.29836849,0
157.3015072,1,0,3,57.07464055,3,49.86904352,1,71.86328781,,0,6.952989953,1
153.004487,2,0,3,32.79539193,2,3.709344351,,53.62645755,0,0,2.094505626,0
47.30822523,3,0,5,43.19970918,0,0.278053646,0,79.90634002,0,0,3.377510461,0
24.24044689,2,0,2,46.39629779,9,9.771537856,0,51.58288511,0,0,7.842754661,0
64.23481454,3,0,4,46.05444236,0,20.37881984,1,64.61474464,0,0,6.6693918,0
113.4647376,1,0,1,,0,37.06944255,0,,0,1,10.76532502,1
159.6655503,1,0,1,39.38383936,31,,1,87.62968462,0,0,,1
8.41588764,,0,2,,1,,1,85.77587813,0,0,7.262526591,0
41.05382544,3,1,4,34.05578871,0,8.954980429,0,100,0,0,5.598147851,0
130.162375,2,0,0,31.91542787,2,,0,44.30714156,0,0,1.941451127,0
20.79320285,2,0,2,52.17367381,3,33.02129599,0,49.57274865,1,0,7.863986981,0
97.10247291,2,0,6,41.79352147,1,56.28712969,0,61.22594172,0,0,7.717068935,0
123.6519141,1,0,5,41.35518484,1,1.594063183,1,58.42180283,0,0,,0
55.16788863,2,0,3,61.8980247,2,32.05194742,0,86.95416576,1,0,2.210396272,0
84.23516724,2,0,7,36.45929605,0,23.470952,2,55.8412249,0,0,6.650226986,0
91.22180273,3,0,3,55.38807049,3,17.23341684,0,80.93954006,0,0,6.009424276,0
58.28384773,1,,5,56.99429632,7,1.248363697,0,79.15490503,1,0,4.017333129,0
79.13165932,1,0,5,45.50417972,2,48.31511274,2,96.77722574,0,0,5.144413221,0
99.00631823,1,0,6,23.71877299,7,23.5000705,2,71.93831649,0,1,5.145955693,0
26.02778884,1,0,1,55.60734474,14,40.04714054,2,,0,0,6.012024274,0
88.05339504,1,0,2,,6,14.99603519,2,87.51685264,0,0,6.837999353,0
185.9520306,,0,6,35.94704966,3,26.81131019,1,63.40166666,0,0,4.918751885,0
32.51134653,2,0,3,24.11764827,,,0,24.91529026,0,0,0.335428144,0
90.31473101,2,0,2,33.86719056,1,16.06747836,0,60.85171343,0,0,6.951333519,0
74.15765584,3,0,1,51.9685583,1,75.8046785,0,72.84734549,0,0,,0
192.6139092,2,0,2,35.02615795,0,8.783656481,2,98.96893916,0,0,,0
157.4636663,2,0,4,67.22669346,3,8.030340937,1,100,,0,4.842887914,0
132.136138,3,0,6,22.27536425,2,0.607566679,0,66.55391019,0,0,3.066525149,1
104.4790341,2,0,3,36.37998477,14,10.04861635,1,78.58675469,0,0,4.545181831,0
150.3146405,3,0,2,58.58861221,2,9.345082357,0,61.7379627,0,1,2.420274016,0
107.062857,3,0,4,41.55226064,4,,1,95.69598313,0,,6.50122998,0
119.0967726,3,0,1,28.83978158,0,51.12625426,1,92.53915137,0,0,11.10092104,0
63.59985294,1,0,4,19.67797299,3,12.1279982,1,72.8424539,0,0,6.224606593,0
166.5287452,3,0,3,49.90508517,,12.47898442,0,,0,1,4.773269905,0
44.40164871,3,0,1,33.3893585,2,8.160898365,0,89.76625203,0,1,3.110278947,0
1,3,0,2,30.32682011,1,74.8149605,2,88.65915114,0,0,5.235073727,0
42.44231317,2,1,4,33.58599278,0,16.68856431,0,58.95973136,0,0,4.528785009,0
143.4578032,3,0,4,32.23146688,4,14.74229838,0,67.381141,0,0,,0
69.60880537,2,0,1,37.1577745,8,8.562407154,0,97.55873866,0,1,3.258728624,0
115.7123666,3,0,4,40.0091896,32,20.03127657,0,78.26646776,0,0,4.955984379,1
,2,0,3,22.22919538,5,51.88627267,1,72.21558265,0,0,4.47527972,0
84.69930228,2,0,3,53.55187715,3,5.282324214,2,62.26320435,0,0,3.343864607,0
52.98005418,1,1,4,41.3475048,6,,0,74.17810494,0,0,5.929381783,1
1,2,0,3,20.52680385,0,72.35877031,0,64.49165159,0,0,8.421228895,0
193.2887256,3,0,2,33.92390664,6,4.417741107,0,71.42238787,0,0,5.64699293,0
,1,0,4,52.34726083,1,7.228304772,2,74.53960409,0,1,,1
72.5221432,2,0,2,23.07441296,0,40.43458796,0,45.09829279,0,1,0.737580855,0
46.36284871,3,0,1,22.12105971,3,28.77014905,1,78.62131371,1,1,,1
120.3311017,2,0,5,,,,0,56.31826878,0,1,3.463304833,0
93.49284728,2,0,5,47.22773913,0,49.22620767,2,77.61418625,1,0,,0
41.52596854,2,1,,45.50081081,0,15.83546396,1,49.9901563,1,0,7.77480889,0
153.2688136,2,1,6,28.12205576,0,14.06345727,1,85.558455,0,0,3.202295184,0
61.20625884,3,0,4,53.21721298,6,1.32574305,0,83.73265857,0,1,4.707722926,0
75.84067689,3,0,4,,3,2.707648574,1,56.44459435,0,0,4.66948419,0
129.7578513,2,0,6,53.99481611,17,61.24777806,1,50.13806737,0,0,,0
34.40818838,2,0,0,29.35618741,2,32.43835222,0,63.85300271,0,0,,0
168.4315779,3,0,4,73.57544279,10,8.628684612,0,61.32877446,0,1,,0
59.519824,3,0,2,54.49204324,4,2.687202327,2,,0,1,1.172589725,1
162.6270366,3,0,3,60.03619145,0,16.67199394,0,98.22349671,0,1,4.142415916,0
102.793197,2,0,2,38.38004027,3,6.831627436,0,72.26227206,0,1,0.540666321,0
76.11772087,2,0,3,57.70423972,0,112.0597043,0,54.47823812,0,0,4.897580225,0
125.5078734,2,0,3,26.01425376,2,104.7076012,0,54.64626988,0,0,,0
95.1688165,2,0,0,56.16630967,0,5.834416849,2,47.21138814,0,1,4.111971547,0
,3,0,3,31.68089604,3,,0,42.01268596,0,0,7.549505212,1
53.00601068,2,0,3,18,0,7.436477075,1,89.63469798,0,0,5.067690472,0
44.71476658,3,0,2,28.65884389,0,71.68222137,1,100,0,0,,0
61.92060675,3,0,3,26.48018466,6,78.27990838,0,55.96830402,0,,3.588586346,0
158.6378423,1,0,0,45.89077887,,39.71821035,2,69.97644683,0,0,7.55114202,0
,2,0,4,32.38151319,2,39.67354909,0,48.63511216,1,0,,0
106.8267666,1,0,0,41.47922335,2,2.214678148,1,65.11883533,0,1,,0
111.2117372,1,0,4,,6,19.19526812,1,59.65822038,,0,4.742600561,0
32.73951646,3,0,6,26.58478676,3,56.18654911,0,61.08519911,0,0,5.32336989,0
58.03951663,2,0,1,18.19248994,1,26.78177752,0,77.54172714,0,0,4.484382336,0
92.61987069,3,0,2,52.62907832,1,9.622978244,2,100,0,1,2.816589586,0
157.8003335,3,,1,23.70260943,3,48.89240628,0,100,0,0,,0
161.1927959,2,0,2,20.26087484,12,13.20631483,0,94.265072,0,0,,0
,1,0,5,27.27651511,1,33.38270623,2,66.16143031,0,1,3.97964662,0
97.93543191,2,0,5,,0,1.139531829,0,56.39187411,0,0,3.807840019,0
130.9443149,1,0,3,55.23126581,5,69.15324409,1,63.08217502,0,0,3.135106784,0
112.8987991,3,0,5,50.50480219,1,8.4793584,0,55.16257047,1,0,5.092747415,0
114.0318202,3,0,3,,9,14.77806068,1,58.19359007,0,1,,1
126.7103931,2,0,1,34.09862484,0,23.0571502,1,80.48654853,0,0,3.674327629,0
26.71630713,2,0,4,37.62405003,3,4.128491661,0,99.42578804,0,0,7.90052332,0
83.61689267,3,0,3,27.73700918,0,6.409527561,2,53.6120145,0,0,2.66375069,0
15.46641862,2,0,3,41.22746587,1,21.89275543,1,68.45834006,0,1,6.782925913,0
111.7807279,2,0,3,40.02026665,3,5.686872499,0,29.47382615,1,0,8.182103893,0
4.752777299,3,0,2,30.79579377,7,7.628976969,0,61.18753764,1,0,4.682102376,1
183.7429836,2,0,5,55.11425634,18,20.94934764,0,100,0,1,6.867449198,0
115.4004951,2,0,4,46.69777618,1,34.85635194,0,81.53633623,0,0,6.490940523,1
53.87935076,2,0,1,,,,1,54.98399127,0,0,3.280098938,0
51.77311025,1,1,2,30.21481019,2,2.736669164,0,55.91077404,0,0,5.028819688,0
128.8278482,3,0,1,33.74171214,,15.73753982,0,52.09079138,0,0,2.829142045,0
,3,0,3,52.66574198,15,14.33230715,0,55.92561869,0,0,5.679167264,0
183.6726045,3,0,0,33.09638114,0,53.72814936,0,,0,0,7.066472756,0
,2,0,6,45.16509305,1,38.68676424,1,66.77613735,0,0,5.674676211,0
,2,0,5,64.74251952,1,,2,85.64227026,0,0,9.980362911,0
58.69440041,2,0,2,30.68489747,1,34.49939927,0,74.74856525,0,0,5.095776564,1
83.01204962,1,0,4,21.34310554,7,,,81.33898458,0,0,3.766329536,0
81.53963998,1,0,3,43.86816227,3,50.78518712,1,69.59564511,0,0,6.71133582,1
57.3806617,2,0,4,18,9,,0,,0,1,7.774518341,0
166.8328679,2,1,3,39.28492072,5,34.813263,,62.90171072,0,0,2.660417286,0
84.32351569,2,0,4,,10,19.26492446,2,43.18176942,0,1,4.869559194,0
57.19150797,2,0,5,,4,6.900040252,0,67.31382022,0,0,1.953105587,0
58.95605388,2,0,4,46.3458494,5,53.77181242,0,82.14039877,0,0,3.723358057,1
45.92259982,2,0,6,,2,,1,82.58229851,1,0,,0
101.7187655,,0,4,18,4,41.39244322,1,,0,0,6.454165438,0
123.9489913,1,1,1,33.72906134,2,4.641486685,0,,0,0,2.546883245,0
88.2689715,2,0,2,56.67244266,4,96.9828514,1,74.9262217,0,0,5.789479188,0
98.72229645,2,,10,36.60918669,12,35.19967887,0,80.82756477,1,0,6.893488901,0
70.84612807,2,0,1,33.32311615,12,45.40861756,1,82.29283115,0,1,2.407926673,0
141.9831932,2,0,1,37.55761371,6,5.676385242,2,62.78418944,0,1,2.627016184,0
148.7559867,2,0,2,43.70311522,3,40.95998071,0,64.56183013,0,0,4.661748592,0
91.59280907,1,0,2,40.88440027,0,38.62772326,0,53.40053509,0,0,2.366196923,0
60.81232394,2,0,3,18,13,20.16968377,1,,1,0,5.402392649,0
49.78547183,2,0,2,28.7477654,2,12.49351381,1,67.35057513,0,0,3.038050428,0
28.76259069,3,0,2,56.99503674,0,,1,45.41107166,0,1,6.467723046,0
129.4276635,2,1,10,47.54574576,4,78.29515506,0,,0,0,4.486116747,0
64.15888397,2,0,4,,6,52.86795638,1,35.97435079,0,0,5.645640308,0
73.7955801,3,0,3,49.69831392,8,47.67832362,1,84.1270062,0,0,6.901544503,0
174.9048817,3,0,2,46.32078859,0,39.7052489,0,67.18887267,0,0,5.930679608,0
47.64212157,,0,1,36.59148633,,28.96044653,0,86.94211291,0,0,9.032317321,1
86.61794546,2,0,2,34.67080382,,29.84781288,0,50.24040053,1,0,4.271986795,0
49.65363195,3,0,2,41.03992184,28,20.27818037,0,86.50455699,0,0,7.267336877,0
92.37650818,1,0,6,,5,4.696690781,1,100,0,0,,0
100.7809167,3,0,3,44.69289441,3,5.82716888,0,57.39336418,0,1,,0
125.7031276,2,0,7,36.58570348,7,27.40193484,0,82.61365094,0,0,7.352267536,1
29.65924953,,0,5,51.63754775,2,6.605410017,1,91.01304718,0,0,4.807359905,0
111.2225909,2,0,3,58.23777449,2,9.506845505,0,73.52249554,0,0,8.187752516,0
,2,0,7,37.59559452,2,25.8136789,0,87.99915721,0,0,,0
124.0293379,2,0,3,18,6,44.60710738,0,89.90371367,0,0,5.312525229,0
114.9542867,1,0,2,,3,4.158318979,2,90.35698952,0,0,3.824458653,0
77.30542919,,1,3,,7,25.60450507,2,100,0,0,5.745149362,0
67.53612275,2,0,4,26.53831192,3,53.93168585,1,92.62474899,0,0,5.39976076,0
66.61102218,1,0,3,,,,2,66.2801875,0,1,,0
138.5960077,3,0,2,51.22209756,4,23.3893317,1,,0,0,5.018371087,0
143.9708521,2,0,4,18,1,4.149257251,0,66.86421538,0,1,4.568840462,0
116.3066511,2,0,3,41.39455945,1,4.103359743,,86.2536156,0,1,4.068748817,0
59.26219986,2,0,5,41.59637044,2,4.457118154,2,56.82840062,0,0,4.455657546,1
154.5430835,3,0,4,34.76829442,2,1.507510456,1,68.5902962,0,1,2.397604115,1
118.0751763,2,0,2,32.48536901,2,10.79278159,0,,0,0,6.565893693,0
94.75161462,3,0,2,18,3,43.78899472,1,48.65495329,0,0,3.406526315,0
,2,1,5,35.36798218,4,,2,100,0,0,,0
,2,0,1,24.62087707,4,75.38553164,0,56.83785978,0,0,2.705207712,0
57.74230208,3,0,4,,1,28.08491427,0,60.89466427,0,0,7.001447901,0
91.04533575,3,0,2,29.03386265,4,17.4274814,1,73.99643663,0,0,6.500329128,0
55.18336707,1,0,6,33.72727291,,20.79811271,0,70.99773908,0,0,,0
59.23121858,2,0,2,56.68396083,0,0.649478414,2,89.85730144,0,1,5.121935404,0
101.6859527,2,0,0,,14,12.28575746,0,70.49565924,0,0,4.882479251,0
209.4901467,3,1,4,18.0991457,6,31.06453211,2,83.08999209,0,0,,0
1,2,0,5,44.41166319,0,120.4051496,1,60.6843805,1,0,4.189859326,0
134.5455479,2,0,2,45.15892851,5,12.61233019,0,71.94585002,0,1,6.860122746,0
42.85148511,3,0,6,18,0,15.69715166,2,92.71762528,0,1,5.583159645,0
136.5935352,3,0,3,33.00237354,0,11.50607777,,79.03166858,0,0,3.935231706,0
89.75616681,,0,5,35.07108247,1,16.62375536,2,78.77784858,1,0,,0
50.70980957,2,0,5,,2,0.045350946,0,52.11213068,0,1,5.471958309,0
105.7050746,3,0,3,18,1,38.98984711,0,,0,0,7.179978575,0
90.44861187,2,0,1,48.02063,9,57.31848355,1,52.71414582,0,0,4.956517763,0
63.98939895,3,0,2,28.73054545,8,13.61655196,0,87.73457563,0,0,3.478786095,0
159.5274297,2,0,6,18,4,,1,84.85325723,0,0,7.644235769,0
167.6101339,2,0,4,,3,18.86116246,1,75.59087767,0,0,3.636007177,0
90.85517794,2,0,2,36.86194596,0,39.29311774,1,83.13748555,0,0,7.120166742,1
77.98703978,1,0,1,18,4,0.297581119,,,0,1,2.431679982,0
1,2,0,3,43.42587131,4,54.91097477,1,100,0,0,0.31822944,0
117.4900012,,0,2,32.58241034,1,11.91575969,0,80.31083349,0,0,4.869187721,1
168.6957193,3,1,2,48.7852328,5,48.61943472,2,88.8822165,0,1,2.17434885,0
168.9233678,3,0,3,42.79200588,,2.162117267,0,96.74140264,0,1,6.699153473,0
7.67134761,1,0,3,48.57087664,14,17.24956915,1,82.87082574,0,0,4.998302591,0
,3,0,2,18,18,19.88430235,1,45.96358829,0,0,5.396580409,0
116.5959224,2,0,0,59.87987409,0,,2,52.9301225,0,0,1.334026643,0
107.9047438,2,0,4,18,1,19.3226567,2,100,0,1,0.975582531,0
153.9340417,2,0,1,44.75589995,10,4.346985811,0,100,1,1,,0
154.1345527,3,1,5,37.36771267,,64.93154147,,100,0,1,2.687067974,0
90.79838004,2,0,5,34.08178508,1,6.756165164,1,65.84815978,0,1,3.212196692,1
,2,0,3,56.35159965,0,,0,62.05576292,0,,4.359562588,0
79.78012884,2,0,1,40.13947845,16,63.68482264,0,91.98542714,0,0,7.599604237,0
153.7159006,3,0,4,,0,,1,70.69401725,0,0,,0
164.190843,2,0,2,61.4800732,3,6.101047385,0,72.79093863,0,0,5.485111397,0
118.8605938,3,0,2,29.12786522,7,22.56198795,2,72.79033226,0,1,3.344422624,0
102.1757334,2,0,3,47.32378763,0,16.81436703,0,85.20500574,0,0,3.006018694,0
85.5980563,2,1,4,20.3678678,7,,1,78.85619295,0,0,3.75885635,0
,1,0,2,22.30088595,4,40.15728183,2,100,0,1,,0
69.80705344,3,1,5,18,1,0.220451159,2,58.23696092,0,0,4.504664876,0
52.06107719,1,0,3,27.37129566,12,,1,79.62985832,0,0,4.766686639,0
,3,0,5,40.06051377,6,57.12120295,0,64.23720431,,0,3.528708775,0
60.99004354,1,0,3,18,1,9.457070053,0,84.99423501,0,0,1.510893637,0
57.83767023,2,1,3,29.9083195,,6.28092666,0,28.949896,0,0,4.532948021,0
25.75510158,2,1,,52.43066506,1,30.07272029,2,46.21650675,0,1,5.222956137,0
102.8324962,3,0,3,50.07811592,9,24.56519496,0,80.24151934,0,0,8.512475378,0
1.201835005,2,0,4,20.91271147,2,95.2136551,0,68.51204482,0,0,7.580327686,0
118.0184358,2,1,5,37.06436242,4,28.1693587,1,100,0,1,6.602245177,0
98.43982555,1,0,4,,,5.755157473,1,56.01508917,0,1,1.365298898,1
37.12110705,1,0,2,47.15622,29,22.00161244,0,64.56167973,0,0,6.390021362,1
53.62233346,3,0,3,36.70879835,13,5.767441211,0,87.93698829,1,1,8.539999799,0
165.8798768,,0,5,37.0542546,3,32.11038657,1,95.49001417,0,1,3.059447607,0
110.7698253,2,1,1,18,2,16.62325333,0,55.58811549,0,1,3.552930567,0
116.1539637,3,1,2,28.45150496,5,34.26843863,2,73.49723515,0,0,7.091364196,0
109.2355237,2,0,1,18,1,42.28557742,2,41.77849433,0,0,11.07947857,0
35.58461913,3,0,1,20.41247422,9,6.691656922,,96.72962294,0,0,6.318626627,0
104.9666153,3,0,4,18,8,35.09594064,0,68.77505883,0,0,6.338157456,1
97.22076645,2,0,6,18.42598069,1,27.60365183,1,32.53993644,0,1,,0
89.14914748,2,0,3,20.68905617,9,35.39777161,,71.94229931,0,0,5.918215894,0
109.4739911,,0,3,27.77383834,12,6.014325337,1,99.3423634,0,1,4.044915845,0
185.1257329,2,0,1,,1,17.29572945,,61.78048792,0,1,,0
213.621736,3,0,2,47.71320483,5,21.51891189,1,100,0,0,,0
173.9972069,3,0,,24.76172793,10,7.513999709,0,80.7867088,0,0,1.135745221,0
28.65867116,1,0,3,18,2,1.893087019,0,51.97748666,0,0,5.756010613,0
14.87081979,3,0,2,39.43568177,6,48.29578393,2,92.98938144,,1,,0
204.6193638,3,0,2,47.59068881,0,19.80378193,1,75.81715575,0,,,0
90.32861857,3,0,2,25.10082815,9,59.92720268,1,91.69561136,1,1,5.130748633,0
1,2,0,5,50.15532237,1,70.57094189,0,86.30501921,0,1,3.677966973,0
172.605885,2,0,5,35.67108743,6,25.84177391,0,94.7323469,0,0,1.730847609,0
152.3549151,1,0,3,26.22454135,1,9.507567808,0,40.23321117,0,,,0
92.43503899,2,0,3,37.06222303,1,78.47759224,0,,0,0,4.341482442,1
36.86151122,,0,7,34.80481438,4,36.71669373,0,88.3945685,0,0,,0
148.1172585,2,0,0,21.66801941,20,58.49060184,0,41.45146399,0,0,4.571440277,0
49.69913093,3,1,2,39.64509737,3,28.84558539,0,100,0,0,3.642128876,0
133.9571388,3,0,3,47.14951729,0,49.77653466,1,57.25731117,0,1,,0
77.03195502,1,0,3,48.81899163,6,32.25644013,2,28.4930566,1,1,5.213586543,0
65.81828589,1,1,1,18,,7.047244972,,100,0,1,7.334040676,0
173.8765041,2,0,2,,15,58.984232,0,66.43779673,0,1,6.238418781,0
159.4456686,1,0,3,19.58571852,4,0.759769118,1,88.55665961,0,1,6.116520131,0
,3,0,1,62.28060537,1,,1,,0,0,4.658733389,0
154.590267,,0,2,27.96785903,0,45.6509025,1,85.77133489,0,0,1.903352756,0
158.636451,3,0,3,47.68727083,5,12.08364375,0,85.28526414,1,0,5.874102346,0
127.3366784,2,0,2,54.7437096,0,10.37548854,2,65.85797547,0,0,4.254839735,0
126.1071273,3,0,4,32.5071274,2,42.15884577,0,68.93871156,0,0,5.16833507,0
6.509183023,3,0,0,24.15964315,5,7.436618821,0,100,1,1,5.00759351,0
90.54928512,2,0,3,55.25399593,6,104.8545909,2,65.96057753,0,1,5.087975711,0
53.92744883,3,0,7,26.02207938,4,1.450237655,0,74.85205316,1,0,4.559697225,0
95.43002212,2,0,1,,7,18.74771351,1,,0,0,6.059312172,0
93.57312443,2,0,,18,0,4.069265227,1,82.1383583,0,0,5.700837038,0
73.51198981,2,0,,57.12241653,1,26.39365632,0,79.05815197,0,0,,0
101.221592,2,0,4,39.9999947,6,26.19445221,2,70.20798028,0,0,6.149001004,0
90.98041591,2,0,2,49.75635941,24,36.56735888,1,79.3110393,0,1,7.799086617,0
70.9159543,1,0,6,37.64984643,3,102.3773528,2,73.77998994,0,0,3.74461578,0
,2,0,,29.62684254,1,64.85497933,0,95.24201616,0,0,5.720477535,0
,2,0,2,52.20693935,,14.16975703,1,50.41823132,0,0,4.761270945,0
18.47633781,3,0,7,45.61123322,1,36.18972601,0,,0,1,7.916518505,0
78.99065915,3,0,6,,1,6.217220971,0,71.49011991,0,1,3.85463894,0
25.94271377,3,0,4,18,1,10.1174086,2,79.55245585,0,1,4.054013725,0
31.40494285,2,0,2,18,2,27.76899624,1,100,0,0,6.581185585,0
102.9104359,2,0,3,,10,,0,85.00545427,0,0,5.122780552,0
131.9025551,2,0,1,36.67103763,6,15.25607691,1,57.18187059,0,0,3.461649131,0
21.76889363,,1,4,36.10673256,1,41.22876138,0,97.53888205,0,0,8.143222968,0
66.4188316,2,0,4,29.1275199,2,64.84311151,1,73.78023415,0,0,4.83174994,0
178.2321828,3,0,1,,6,39.85550168,1,52.80388927,0,0,3.265808026,0
50.37109966,2,0,5,37.54033556,5,13.91359341,0,50.8388608,0,0,5.698312109,0
1,2,0,3,36.90564053,23,8.553190508,1,90.88966102,1,1,4.143345584,0
122.0237369,2,1,3,,1,,0,80.24049762,1,1,2.208673807,1
158.5583816,2,0,1,24.49832555,0,34.81505984,0,81.61576018,0,0,4.264350904,0
84.74055773,3,0,3,49.62661865,1,1.732140407,0,100,1,0,7.396003032,0
133.3313942,2,0,6,20.58941075,5,37.66167626,0,100,0,0,5.599530861,0
86.30034591,3,0,3,40.44219374,0,45.19533135,0,52.03564711,1,1,1.761634853,0
89.66943602,2,0,5,53.60353555,2,2.278462906,2,,0,0,5.614663884,0
132.6161439,3,,5,18,,5.968859366,0,93.54282294,0,0,1.687905706,0
124.6441986,2,0,5,48.96199116,0,9.803408405,2,85.11300667,0,1,2.970334913,0
104.8913587,2,0,3,18,4,5.735629564,1,86.02278718,0,1,,0
57.65193258,2,0,3,24.12717975,0,34.47169643,1,70.24413964,0,0,5.561451573,0
86.72036834,2,0,5,40.14219166,12,38.80567105,0,81.21765989,0,0,4.722455905,0
42.40012262,2,0,1,45.05549912,0,2.62706147,2,54.56824432,,1,3.075505637,0
189.8843263,3,0,4,35.85705141,,12.52469003,0,81.47170142,0,1,2.931356496,0
58.59018635,2,0,2,23.61004893,2,1.827055618,2,88.42377993,0,0,3.214198958,0
37.80683823,3,0,3,42.91215085,2,14.28332372,0,75.32084972,0,0,5.468682819,0
202.8905589,2,1,3,33.56857593,2,6.411263674,0,73.34749273,0,0,,0
59.74524095,2,0,5,18,1,,0,85.1060153,0,0,6.604215109,0
,1,0,2,,3,26.05279659,2,96.37638486,0,0,,0
95.24441761,3,1,1,44.79369992,4,33.70839016,0,74.45959126,0,0,9.071918711,0
96.89979953,3,0,,54.51844973,1,21.51355271,1,95.58540962,0,0,7.697249388,0
148.2384947,2,0,2,46.83685146,12,44.62203159,1,53.50388427,1,1,5.860241334,0
87.56544369,3,0,3,,12,18.06090319,1,84.11185925,0,0,6.476629013,0
51.17999757,2,0,4,,3,23.72173775,2,99.6199212,0,0,7.994183647,0
114.6357741,3,1,6,18,3,,0,57.1192079,0,0,4.797112102,0
168.2070215,3,0,2,55.87580469,2,20.57007697,0,62.73736045,0,0,5.877684326,0
21.44238244,2,0,8,54.74116636,7,33.59551522,1,43.2964772,0,1,6.498616407,0
95.25878844,2,0,2,43.17232009,13,,1,83.83348514,0,1,4.182702838,0
64.52100726,3,0,2,,1,0.20112842,1,78.30737721,0,0,5.656906831,0
106.1602403,3,1,2,31.62285524,9,18.89852385,1,47.44476544,0,0,3.792633955,0
42.33247447,3,0,3,48.21562729,4,16.99109775,1,86.28786282,0,1,9.144286592,0
148.9444779,2,0,2,,3,0.156132294,2,74.70453965,0,1,4.750303507,0
125.7523843,2,0,2,31.56609541,4,21.96223576,0,85.70469478,0,0,2.859179941,0
40.08039375,1,0,,27.03932514,8,13.45184298,1,73.01420802,0,0,6.358526356,0
112.4654298,2,0,6,,24,1.206029762,2,53.16884945,0,1,4.163840791,0
97.82615251,2,1,6,18,6,8.304560645,0,67.69500321,0,1,4.24828386,0
60.47627723,2,0,6,38.44485969,0,28.19633938,2,80.19160787,0,1,4.988962844,0
,2,0,3,53.09741929,0,6.638872564,1,77.95936963,0,0,,0
99.4453998,,0,3,36.30090694,7,0.406331352,2,73.45038005,0,1,5.802609807,0
86.50240516,3,0,2,29.33069247,8,,1,64.84451681,0,0,4.069630517,0
104.8835188,3,0,2,41.39535291,3,31.07910542,2,82.60851961,0,0,5.235569811,0
129.5907067,2,0,6,,7,73.83108739,1,90.79169415,0,1,,0
46.13119615,2,0,4,18,7,34.18350603,1,38.79243392,0,1,5.539976778,0
68.56648765,2,0,4,52.32520066,3,11.59964511,2,73.48792173,0,0,4.662154421,0
115.9890967,2,,,18,6,0.745083341,1,86.89226552,0,0,3.098908817,1
96.57767537,2,0,1,50.30073949,0,1.132062897,0,78.21545935,0,0,5.604047389,0
,1,0,2,36.01329889,4,0.14851675,1,87.62342119,0,0,,0
142.5110871,1,1,3,50.01994955,5,9.970668579,0,69.93172383,0,0,6.774137942,0
106.7148249,3,1,0,27.00574313,0,66.64463021,1,88.07308531,0,0,7.194883787,1
92.41074525,,0,5,50.828581,1,10.22018,0,83.47719482,0,0,8.108553899,0
80.58265308,3,0,2,39.53086261,5,5.623804384,1,58.65772139,0,,5.120826473,0
146.4704992,1,0,5,,7,15.10531722,0,65.78847101,0,0,3.3864497,0
62.4104475,2,0,4,24.4807836,5,17.26147198,0,69.05858834,0,1,4.391236565,0
1,1,1,5,40.68138429,12,67.21096601,1,65.06686113,0,0,4.840442001,1
80.64346751,2,0,8,40.2614131,1,13.72205667,2,85.98384116,,0,5.736328294,0
,2,0,6,46.32621525,3,,2,57.28284475,0,1,3.598745645,0
94.5195098,1,0,5,50.31488706,2,26.28645318,1,71.11337413,0,0,3.934942044,0
93.54829424,2,0,3,56.27236415,10,10.36241051,0,100,,0,8.171003263,0
,3,0,3,,2,4.193454662,0,47.49837055,0,0,,0
94.27638141,3,0,7,37.56219281,0,3.860855961,1,100,1,0,7.861628609,0
,3,0,2,,2,11.17139,2,69.12144831,0,0,5.615626974,0
64.6553716,3,0,3,24.31653388,4,36.61307322,1,93.87342738,0,0,,0
62.23085338,2,0,1,39.99845701,,13.98733268,0,93.77877822,0,1,7.047839376,0
87.02266612,2,0,3,40.8684918,4,57.36023883,0,82.14396633,0,0,6.555669314,0
108.5684141,2,0,5,56.37146588,8,22.48226178,2,97.40377213,0,1,6.46225822,0
120.6899549,2,0,1,18,8,,0,100,0,0,3.673265255,0
160.3304077,3,0,3,37.2360457,3,3.070399969,0,51.75758991,0,0,7.630518857,0
,1,0,3,27.44439744,8,,1,55.57444448,0,0,9.170400532,0
202.8103565,2,0,2,50.74148435,3,14.83779082,0,100,0,0,5.573418958,0
122.837661,3,0,4,18,4,13.49760315,0,100,0,0,4.783132602,0
34.05157508,3,0,6,51.8363797,0,32.62600912,0,100,,1,2.377887224,0
100.0809516,3,1,1,,13,42.7894131,2,62.89799133,0,1,2.252585801,0
149.1345492,3,0,4,35.20873908,0,63.57459806,1,,0,0,6.279282694,1
34.63151089,2,0,3,,5,2.592859642,0,31.92215043,0,0,5.16929544,1
125.7647161,2,0,5,27.451568,17,25.89266955,0,58.19179009,0,1,5.695356489,0
61.61012174,,0,1,18,0,25.92630681,0,83.55317536,0,1,5.633174801,0
76.67523104,1,1,3,20.96903047,3,12.99083635,0,66.58259299,1,0,1.331274773,0
121.8369276,3,0,5,21.85917669,2,2.522031302,0,100,1,1,1.739678581,0
,3,0,2,18,4,2.315266603,0,61.99971149,0,0,4.913499234,0
72.58656025,3,0,4,18,12,40.47615441,0,96.61803062,0,1,6.74799457,0
,3,0,2,32.15409809,10,28.91178355,2,62.80790513,0,1,2.061597142,0
19.98644477,2,0,2,37.6658561,,17.27607103,1,,0,0,5.87157881,1
81.25889717,3,0,3,44.70329834,4,10.90964929,0,,1,1,4.600332404,1
84.59828579,2,,1,33.70440268,5,12.75901561,0,83.17462412,0,0,6.904747941,0
60.19315984,2,0,3,58.41936141,2,13.67377404,2,46.02301634,0,0,2.39788571,0
70.38220222,2,0,2,64.94241712,4,10.07669184,0,70.68436226,0,0,2.763979473,0
24.84598491,2,0,1,18,0,,,95.33061885,0,1,6.88782509,0
69.27306082,2,1,3,28.75457172,5,8.033774007,0,53.6931954,0,0,3.700260715,1
137.7366649,2,0,6,,,34.90248086,0,62.08926893,1,1,8.879135872,0
,,0,0,24.0130342,0,40.11142343,0,,,0,3.803496597,0
190.2787216,3,0,4,18,2,22.66253059,,,0,0,5.297283348,0
40.0524301,2,0,3,33.77676332,18,36.66799995,0,60.49108127,0,0,4.530121415,1
129.5211031,2,0,4,26.13771182,3,32.97364355,2,59.11916331,0,0,6.630517401,0
80.614922,2,0,5,18,3,5.478634079,2,63.85156121,0,0,5.84518923,0
,3,0,2,40.88863515,9,4.772923333,0,71.83531408,0,0,5.841664101,0
51.29390769,3,0,1,35.08520324,,12.69138219,,62.96067627,0,0,3.712447321,0
69.80074066,2,0,0,,0,44.87316604,1,39.69442494,0,0,8.708939303,0
27.59930498,2,0,0,40.23993364,11,10.70794832,0,61.72632069,0,0,5.487347774,0
163.7437521,2,0,7,18,1,6.180911267,1,68.05147142,0,0,6.441598058,0
45.13487362,2,0,3,49.37213939,0,7.781778973,,47.64806823,0,1,4.434509213,0
,3,0,1,32.25791147,3,,1,56.77137263,0,0,4.390630432,0
107.4798979,2,0,,51.44237094,0,17.82055696,2,67.23360254,0,0,5.816130285,0
162.3871036,2,0,3,18,4,60.92503523,0,63.12261881,0,0,6.090909669,0
199.7833745,2,,4,32.11179934,0,3.873403169,2,86.98561335,0,1,7.064187073,0
93.8327968,1,0,1,61.50696171,6,9.699810059,0,51.58436457,0,1,,0
148.802036,2,0,2,48.18369522,,1.999842424,0,43.8802132,0,0,,0
74.91079036,2,0,3,39.16416984,0,100.9547174,2,64.9526415,0,0,6.517340676,0
134.8083999,3,0,2,37.75953711,6,44.38775796,2,33.7797673,0,0,3.344229938,0
66.59279572,2,0,2,20.77904557,1,42.20365724,0,56.58314096,0,0,5.648645603,1
29.2314629,2,1,5,34.04347487,1,46.88049136,0,86.60988091,0,0,5.82767671,0
99.10525115,3,0,5,18,0,8.082536451,0,84.31518853,0,0,,0
66.65756415,2,0,5,18,16,1.63766116,0,77.77512408,0,0,3.194802926,0
167.5426165,3,0,2,35.0685133,0,3.228404186,2,66.13224499,0,0,4.440076786,0
161.5111088,3,0,1,51.83966593,2,27.33835426,1,76.88120675,0,0,2.247401197,0
204.5547136,2,0,5,27.93107781,22,0.167821892,0,83.89205106,1,0,,0
84.34709847,3,0,4,40.3523019,6,37.64956165,2,59.22703324,1,0,4.16941601,0
107.76625,2,0,3,18,2,83.82359491,0,62.34081786,0,1,1.591441749,0
1,1,0,1,48.43780852,12,41.20872471,0,82.66151504,0,1,,0
101.4159188,2,0,2,25.96891838,0,,,96.14263481,0,1,4.312623848,0
145.520925,2,0,2,42.11675924,1,4.38440264,0,92.54150313,0,0,4.045497054,1
93.39317055,2,0,3,,4,5.746097952,0,60.18872866,0,0,2.913444195,0
166.4097071,2,0,0,36.11102438,13,19.51787875,,69.95917679,0,0,3.311781622,0
181.9179866,3,0,6,19.09832859,1,44.9583282,1,100,,1,4.120962994,0
54.61219099,2,0,1,30.34029096,6,2.69940218,0,,0,1,5.46509947,0
27.59578293,2,0,2,33.44461409,5,2.83126994,0,59.96079719,0,0,,0
98.12146775,1,0,3,28.38956626,1,19.08957983,0,94.06403327,0,0,0.852329553,1
74.34018177,1,0,2,37.67763304,4,8.612375139,2,94.04560516,0,1,4.09667993,0
107.5878996,2,0,4,35.88955755,1,,1,65.77539242,0,0,6.352073137,0
73.52665182,1,0,3,46.93494057,1,9.861694072,0,,0,1,5.313607523,1
43.54741144,2,1,5,19.29268138,1,86.90960263,0,86.7514877,0,0,7.138090459,0
15.35215929,3,0,3,35.14374344,0,1.886165412,0,41.00505228,0,0,6.260762317,0
85.0161676,1,0,1,18,3,0.58442775,1,71.91030775,0,0,4.793304293,0
1,3,1,1,20.29486676,1,15.44175236,2,,0,1,3.039537908,0
116.4375555,2,0,4,39.81432616,6,20.67700858,0,45.66585652,1,1,3.529769243,0
88.95152002,3,0,2,21.64417271,2,96.07114554,2,71.7503581,0,1,5.506560927,0
66.58274026,2,0,3,18,4,8.144979124,0,72.29429781,0,1,,0
68.22950599,2,0,4,40.81217177,6,80.50008008,0,70.90246545,1,0,6.184629575,0
44.42098752,3,0,,20.25995159,4,112.5243456,0,73.78894563,0,0,8.15384624,0
77.14518717,2,0,1,61.18542079,2,15.18085529,1,78.28254426,0,0,2.120205664,0
128.3385863,1,0,5,18,17,,1,67.13717704,0,1,4.087028708,0
81.94953884,1,1,2,48.42788251,2,29.79569403,1,88.26072009,0,0,3.916544331,0
103.6018431,2,0,2,26.98575423,2,42.0152095,0,61.56801801,0,0,,1
126.4846377,3,0,4,21.7822319,1,10.44418779,0,55.17166347,0,0,,0
123.691646,2,0,3,41.90699757,5,15.58006286,0,79.08069025,0,1,2.764250121,0
173.7678108,3,0,2,24.72501314,1,6.67644781,2,64.85288669,0,0,0.44564892,1
17.25562819,2,0,1,65.58327403,2,10.61340418,2,58.66921117,0,1,3.224342524,0
47.05462065,2,0,1,57.08937023,1,1.119706558,0,60.17617173,0,,7.008313896,0
149.2724843,3,0,0,45.92640416,3,43.78241457,0,90.09907729,0,1,4.979837022,0
77.41702619,3,0,3,21.89883503,13,,0,69.40567128,0,1,-0.986496307,1
169.4512181,3,0,1,,8,,1,84.11296756,0,0,4.929079573,0
186.9425676,3,0,2,,2,2.4242147,2,67.76327589,0,1,4.419811127,0
48.07280896,3,0,6,,4,6.417285551,0,77.05818668,1,0,4.094146701,0
156.3352568,2,0,3,,1,3.826925017,1,,0,0,5.447300217,0
101.3045525,1,0,3,30.77729814,5,26.88396949,2,70.68790848,,0,5.906534154,0
,2,0,4,18,1,18.23222784,0,75.0806422,0,0,5.875311401,0
59.57531986,2,0,2,63.30285253,11,35.25455715,0,60.05344271,0,1,6.76092247,0
46.31556705,,0,6,32.81270856,6,,0,61.7310353,0,1,7.023552491,0
101.8391417,3,0,2,41.3643711,9,108.3741323,0,73.65599792,0,1,,0
,3,0,0,57.36842968,4,12.67500212,2,92.05730297,0,1,3.608082149,0
55.99940092,2,,4,,,25.38482616,1,56.46072552,0,1,3.395413933,0
136.7810999,2,1,3,44.59904771,0,3.01779167,0,100,,1,4.583866205,0
169.0727039,2,1,3,20.05772786,0,1.130766463,1,45.3603125,0,0,7.755718842,0
41.61102244,2,0,5,64.21564464,10,0.034265249,2,100,0,1,6.005745145,0
108.4230488,2,0,1,22.14428426,2,17.77209832,0,64.50705314,0,0,6.04009503,0
98.10534591,2,0,2,25.25989727,0,13.04154115,1,100,1,1,,0
111.939458,2,,,,1,50.04128117,0,86.74357021,0,0,1.289940464,0
173.7939575,3,0,2,46.09491636,0,33.21233837,0,78.15286387,0,0,2.977099101,1
96.21178567,3,,3,34.11573005,15,0.189041857,0,,0,0,2.313758864,1
34.39183994,3,0,,,6,17.43787312,0,53.97799326,0,1,,0
46.18094063,1,0,5,,1,55.86166069,1,,0,0,4.263009575,0
60.6108124,,0,4,,0,59.09116219,0,72.48267291,0,1,3.791036511,0
98.8781974,2,0,1,,4,4.268882481,0,,1,1,5.680896433,1
112.4162571,3,0,3,24.42305034,,9.134457373,0,93.76338368,0,0,6.028188221,1
194.8396491,3,0,5,67.89972435,1,15.84637774,0,72.51914422,0,,2.955555038,1
95.35278967,2,0,2,28.61307382,4,,0,99.73071374,0,1,3.858815074,0
128.5210587,2,0,,,4,7.08660385,2,94.67797625,0,0,3.105153182,1
87.79858239,3,0,2,,0,31.72113051,1,97.53221281,0,1,7.533998635,0
69.88939698,2,0,3,28.97795681,0,12.55247128,1,100,0,0,4.531472421,0
75.57619599,2,0,3,44.96059835,,9.522098306,2,48.78825002,0,0,8.089733221,0
167.9594747,2,0,3,25.57394196,0,17.15266651,2,88.16910399,0,1,9.651771684,0
55.31269905,2,0,1,27.85668598,16,17.7308022,1,54.10925816,0,0,3.941394506,0
83.69937521,3,0,5,46.69702309,6,0.829660769,,73.71516267,0,1,2.467495823,0
51.41929807,1,0,3,18,12,75.21828301,1,85.19297582,0,0,2.797698539,1
78.11313388,2,0,0,30.41721538,16,1.443017257,,75.86294912,0,0,4.08084579,0
111.6521476,2,,2,46.09318887,3,,2,69.24796263,,0,4.419603851,0
80.85914052,2,0,1,20.4835649,0,5.291266294,0,86.37594987,0,0,4.89383451,0
103.8002696,2,0,2,,11,6.347549655,0,55.14854162,0,0,3.855411828,0
97.50599229,2,0,2,39.32387593,0,25.83984486,0,82.61354682,0,0,7.800152984,0
57.38876785,2,0,6,24.73402348,4,10.41035774,1,59.99494284,0,1,7.04387338,1
173.4892129,,1,8,50.54533821,,68.52167997,0,50.76234099,0,0,,0
114.9225907,2,0,4,18,,8.561995713,2,65.41764138,0,0,7.661077161,0
55.32024931,2,0,6,37.68199133,2,30.48349624,0,63.58719134,0,0,6.373671473,0
34.38904033,3,0,0,32.83585162,1,22.06022243,0,90.63701854,0,0,1.944744817,1
119.6898649,3,1,3,18,8,20.97334244,0,67.34385979,0,0,4.849393637,0
,3,0,5,38.03808176,1,28.06219006,0,41.87138862,0,1,,0
135.3039457,2,0,8,45.64803482,9,11.89192183,1,100,0,0,3.721001392,0
62.63941604,2,0,6,30.97975615,5,67.76819165,2,83.31923496,0,1,4.262538439,0
154.8576356,2,0,3,36.40190162,12,8.679892261,2,60.95196071,0,0,,0
,3,0,1,60.24559116,2,17.63663589,1,80.38665565,0,1,1.306376749,0
45.18898376,3,0,3,36.18758725,3,27.49191678,0,94.17137123,0,0,7.82223067,0
92.98124705,2,0,1,,11,0.308698043,1,93.40940518,0,0,1.092773393,1
36.04846319,1,0,6,34.05551572,9,0.53684724,0,,0,1,1.570506849,0
51.65119284,1,0,6,18,3,25.248202,1,78.53512398,0,0,,0
102.9815185,3,0,3,28.28599674,10,4.12444791,0,68.1120094,0,0,3.529207229,0
147.9635413,,0,3,18,12,9.559725854,1,68.60777675,1,0,5.270372951,0
82.77613956,3,0,2,18,4,9.169202024,1,82.44807095,1,0,5.503207086,0
153.554025,3,0,3,29.82189737,13,33.22595126,1,66.70670033,0,1,5.776430553,0
49.51346476,2,1,3,27.25552329,9,21.01936239,1,56.85035498,0,1,3.013173915,0
127.3548691,,0,5,37.78502311,0,37.70669742,2,81.98333711,0,0,5.588683047,0
126.1417744,2,0,3,23.0529659,0,31.69188546,1,,0,0,-0.051303496,0
83.79659124,2,0,0,35.79036838,1,9.445786689,0,61.82909953,0,0,4.383168758,0
95.64576369,3,0,2,,2,2.211594081,0,47.93332779,0,0,4.821898691,0
62.30177056,2,0,3,52.32693628,3,8.571416774,0,86.91205923,0,0,4.410865748,0
118.3643657,2,1,1,26.05829583,5,3.800701425,0,75.29710751,1,0,6.955094922,0
84.73876478,2,0,4,53.11502007,3,70.69557721,1,93.89165361,0,1,2.271224276,0
132.3003094,3,0,4,39.12969494,,39.17835341,0,80.99366359,0,0,4.550199828,0
24.85646957,2,0,6,24.19481251,12,,0,39.49373781,1,1,,0
107.9928196,2,0,4,18.57380017,,25.18171227,0,85.12740626,1,1,6.422916157,0
10.3461801,1,0,4,23.0297693,11,60.28886405,2,66.81894304,1,1,,1
137.495012,2,0,4,44.28236437,0,76.52149693,1,69.60828188,0,0,2.963667623,0
23.64160717,3,0,2,20.02345805,2,211.289667,0,62.35238953,0,1,5.475347859,1
172.3488942,1,1,3,48.55683713,0,40.89026839,1,71.17848152,0,0,9.120879575,1
167.8120014,3,0,5,32.0675355,1,75.61224485,1,100,0,0,2.80403202,0
1.682170531,2,0,5,43.02494053,,3.374878844,1,85.91719877,0,0,7.34454023,0
81.84416694,2,0,2,37.39315371,0,19.93803394,2,74.91854524,0,1,2.61433852,0
179.5291036,1,0,5,,0,7.499308838,1,74.49825762,,1,4.855658545,0
169.3174699,2,0,5,29.14974874,3,91.62203805,1,73.5587876,0,0,,0
137.3955128,,0,3,41.41747014,1,10.42006937,0,70.37772241,,0,6.999049071,0
89.25394849,2,0,5,24.46156069,0,18.97439046,,59.1320122,0,1,5.975689921,0
114.7112065,2,0,3,30.05603483,5,28.07093732,1,100,0,0,4.46671304,1
115.023718,2,0,1,32.52855574,1,69.5209964,1,79.44612194,0,0,,0
47.65445087,2,0,4,48.83580848,1,20.59443702,0,81.18613675,0,0,7.764541507,0
,3,0,4,,2,7.261913218,2,27.05540417,0,0,,0
67.67135579,1,0,4,46.82723354,1,37.13096854,0,,0,0,3.910322738,0
51.78999643,1,0,9,42.16683096,0,120.4018704,2,97.55294976,1,0,,0
,2,0,4,22.61659363,9,10.37794713,1,79.48805192,0,0,7.845218184,0
79.5345763,1,0,3,,6,8.335637311,0,83.74478668,0,1,2.11664028,0
115.8179161,3,0,1,40.43672913,6,,0,58.25534977,0,1,6.194601784,0
,3,0,5,46.48418138,,69.55593877,0,82.88897455,0,1,4.63682334,0
59.08896584,2,0,7,35.07855724,10,57.20678307,,94.39242568,1,0,4.048597907,1
188.272712,3,0,1,18,8,25.5638587,1,80.74264311,0,0,,0
142.5562049,2,0,1,28.97908685,14,46.21842255,0,100,0,1,,0
75.63857179,2,0,2,38.45614303,1,,1,94.46608592,1,0,3.752243292,0
143.719459,3,0,3,18,1,12.10835857,0,54.95268227,0,0,6.588901872,0
99.72198532,2,0,4,29.26340964,1,20.78791558,0,87.40901053,0,0,,0
174.6344284,3,0,4,50.73115795,0,47.2174053,0,77.40934198,0,1,6.332727191,0
110.8229295,3,0,6,23.47102574,0,16.67912551,0,,0,1,5.591459791,0
169.6001143,2,0,4,23.88642603,,29.45263585,0,58.80636025,0,1,4.707792334,0
136.2295889,,0,2,19.40333593,0,42.86488305,0,,0,0,,0
209.8111571,2,0,3,59.61044647,0,19.94959255,2,83.85257191,0,1,5.900493586,0
1,,0,,,0,49.28974592,1,100,0,0,5.4858466,0
203.4113021,2,0,5,18,1,48.48576628,2,52.50182877,0,0,9.697093996,0
129.3631207,,0,3,33.36399623,1,17.45643485,2,78.58076509,0,1,6.116049182,0
148.4322495,3,0,2,26.38676822,16,0.529813338,1,91.55959302,0,0,,0
71.50835359,2,0,3,29.88073507,0,15.78089594,1,68.47836195,0,,7.136462771,0
116.2083176,1,0,4,,1,34.61401049,0,,0,0,4.056102865,0
28.34240927,2,0,3,28.22771964,5,15.90083184,0,78.18038756,0,1,2.751382661,0
109.0035519,2,0,6,22.25272435,5,121.0908589,0,74.18407259,0,0,5.838912381,0
37.32469938,2,0,1,44.77614574,14,1.437482461,0,74.81982989,0,0,5.912646195,0
127.8011048,3,1,5,40.1211097,17,18.84232014,1,89.74177129,0,1,3.552880289,0
172.0058608,2,0,2,,2,,1,51.46505614,0,0,6.390080693,0
154.7089774,2,0,5,50.75758222,10,,2,,0,0,2.756813532,0
110.6904397,3,0,2,61.90213303,4,2.008214676,2,,0,0,,0
161.4995184,1,0,1,21.50860632,5,6.112140107,0,,0,0,,0
1,3,0,3,71.01176084,0,57.61118847,0,71.56065347,0,1,,0
,2,1,5,18,4,35.0814113,1,91.81207243,0,0,,0
153.530528,2,0,5,37.83955788,,4.126505006,2,,0,0,3.526863626,0
77.05578686,1,0,1,53.44141204,6,,0,73.80246137,0,0,5.699246026,0
194.3843829,3,0,6,43.79609385,4,23.69512972,0,,0,0,7.538891738,0
98.90716263,3,0,5,18,2,21.32108631,1,65.55772136,0,1,1.152395395,0
75.79407527,2,0,4,47.2370441,13,6.661636936,1,93.58152042,0,0,11.17256227,0
169.4168889,2,0,2,50.70146517,0,18.7890261,2,97.028345,0,0,1.687888078,0
,3,0,2,31.74214175,1,31.39111593,0,73.31379254,0,0,6.47960297,0
159.8623462,3,1,1,21.5829953,2,,1,,0,0,,0
54.18629497,2,0,1,30.61047931,1,20.54601473,0,90.70364084,0,1,,0
82.14853996,3,0,4,27.04768377,24,46.99072312,0,82.94927703,0,0,4.326262697,0
146.3107701,2,0,3,,6,,1,92.62464092,1,1,,0
122.3858463,1,0,2,46.65959182,0,7.327099414,0,88.20918184,0,0,3.635141446,0
50.75034371,2,0,1,49.34989148,7,59.1531834,0,38.74083478,0,0,,1
159.729611,2,0,1,,0,24.56382332,2,58.39175853,0,1,4.048751441,0
77.58876918,2,0,4,20.1345948,1,43.5555657,1,68.39287885,0,1,5.076313976,0
163.6285081,,0,3,35.67751746,7,0.875497301,1,,0,0,,0
76.02535163,1,1,2,22.7736852,0,32.32471988,0,55.59542063,0,1,8.404586531,1
100.9573889,3,0,1,50.91335929,2,13.35036792,1,54.80642,0,0,,0
,3,0,1,18,9,28.34584318,1,100,0,0,5.084415109,0
63.59614511,2,0,7,60.89476915,2,10.72300099,2,91.39232737,0,0,1.418586963,0
119.6456755,3,0,1,36.79231235,9,10.40408151,1,66.1819263,0,0,1.957538039,0
80.01819072,2,0,1,,2,43.19703143,0,58.19568861,0,1,3.087707677,0
37.6108409,2,0,3,18,,17.34485542,0,88.36654887,0,1,4.285696017,0
124.3780149,1,0,3,18,6,34.47990826,2,73.59725477,0,0,7.146891948,0
120.8223019,2,1,3,43.97597342,10,7.959024467,,100,0,0,2.436600581,0
70.71036383,2,0,2,38.26348295,1,11.46880592,0,69.89987916,0,1,2.572554984,0
122.8606532,1,0,2,,10,3.972500474,1,55.35027306,0,0,2.08446507,0
16.95195332,3,0,8,54.06822578,6,19.68003034,0,84.88707996,0,0,7.857274342,0
102.3003193,1,0,2,27.56596726,0,23.88090365,1,66.68319862,0,1,7.538834358,0
,2,0,,43.24289733,1,5.282716367,0,38.31083132,1,0,5.770118584,0
40.611738,3,0,4,35.55438535,21,59.93572233,0,100,0,0,5.04675723,0
149.2161199,2,0,3,39.54603314,5,,1,35.28603444,0,0,0.801235538,0
13.75410837,2,0,4,23.85570709,2,9.752722993,2,100,0,0,5.229246967,0
59.70041345,2,1,2,44.82026283,,22.53327978,0,59.49816302,0,1,4.658138483,0
109.071331,2,0,3,28.77841942,8,0.626070077,1,66.08702617,0,0,,0
161.8826879,2,0,3,27.92661508,2,109.1836345,1,92.58467306,0,1,6.136025029,0
29.7591528,3,0,4,,0,9.643399243,0,71.70885736,0,1,4.477744334,0
76.5262807,3,0,3,56.45929331,,64.70640513,1,31.83127089,0,1,4.444580159,0
,2,0,0,40.11079768,6,25.94544412,1,62.46683765,0,1,,0
84.53954615,2,0,2,46.80602533,0,10.27570303,2,,0,0,,0
103.7902279,2,0,3,32.34340149,1,,2,80.56469232,1,0,2.28461893,0
113.1033405,2,0,2,32.5887224,0,,0,53.56219101,0,0,1.479701806,1
120.7918418,2,0,2,39.03366307,5,8.19413894,0,84.7460547,0,0,5.357870607,0
131.933857,2,0,3,49.58179183,1,8.615141406,2,84.42063217,1,0,4.050727513,0
131.3269182,3,0,3,,0,8.263278534,0,77.11855941,0,0,4.454070534,0
89.70702846,3,0,0,28.85329954,1,6.846241989,1,75.88749094,0,1,8.993155978,1
117.0025647,2,0,5,20.29962319,0,6.142423253,0,96.90535255,0,1,8.042201762,0
96.82377127,2,0,0,30.68892169,4,5.080489324,1,76.06015643,0,1,8.582035174,0
146.1754308,2,1,4,23.82777689,0,,0,55.41105518,0,0,4.924024667,0
59.28009063,3,0,9,33.81025037,0,4.488699738,0,,0,0,5.059572744,0
71.81377236,2,0,2,18,4,45.51223782,0,94.98301074,0,0,4.338207097,0
168.6424237,2,0,0,25.29355203,19,10.75676154,2,97.2000859,0,0,,0
1,3,0,1,38.97539632,2,10.61217087,2,,0,0,,0
61.35611661,2,1,4,56.6760183,6,25.02450422,0,83.55118135,0,0,,0
106.31571,3,0,0,18,2,,1,44.69491259,0,0,6.233817474,0
172.6630332,2,0,1,18,7,17.96658922,0,78.33588731,0,0,8.591847877,0
,2,0,3,22.7827,12,11.90093909,2,50.16006375,0,1,10.30886468,0
143.8023396,2,0,4,33.37571746,7,14.29672503,1,59.75832123,0,0,5.601333451,0
156.0930752,1,0,5,32.50842209,0,52.53672376,1,83.48659595,0,1,7.069490677,0
194.1012248,2,0,3,49.67835943,2,65.8216172,2,78.16378474,0,0,5.899598731,0
104.334885,2,0,5,18,0,18.95743212,1,52.41828125,0,1,3.977803534,0
147.7901373,3,1,3,34.01938688,3,,0,77.5352037,0,0,7.955621611,0
46.26694803,2,0,2,36.57730217,0,69.42963705,0,35.58379463,0,1,5.336530268,0
101.1597989,2,0,1,18,2,36.52550729,1,86.74226025,0,0,5.678067864,0
158.6562319,2,0,3,51.05641706,18,17.83514395,0,91.38533266,1,0,6.171774954,1
123.3335491,3,0,2,51.81308874,1,,2,100,0,0,,0
83.49549041,1,0,5,18.86095697,0,14.38065643,1,64.36220469,0,0,3.972640015,0
58.7294735,2,0,6,48.75029896,2,10.87392684,0,78.37887685,0,1,4.064447702,0
82.12772886,2,0,4,42.88382503,2,80.95530868,1,,0,0,2.450912559,0
24.31428037,2,0,6,,4,,0,84.44523926,0,0,7.289105037,1
53.96632035,2,0,4,26.8767494,10,8.59730285,0,87.22438155,1,0,1.391879402,0
55.80712819,2,0,1,53.12386455,13,21.12890402,0,65.64938293,0,1,4.2191137,0
49.20605865,,0,3,27.31792953,1,,,,0,0,5.242787069,0
1,,1,1,30.31947616,4,37.07008542,1,84.87871708,0,0,,0
91.34640879,2,1,0,33.12518322,1,3.640979382,1,72.01376445,0,0,,0
65.99132618,1,0,6,23.88033659,4,36.71821436,2,80.9940592,0,0,5.382007184,0
1,3,0,1,23.61272941,0,,,92.18005248,0,0,3.971065799,0
86.52965828,3,0,2,22.65743267,6,3.324697999,0,,0,0,,0
123.1086333,2,0,1,37.68697833,0,14.57474976,2,,0,0,,0
138.7557561,3,0,1,38.60886207,4,10.57411273,0,59.77463034,0,0,6.71702441,0
65.11405481,3,0,5,45.04246336,1,22.36287289,1,22.73408242,0,,,0
88.59971366,3,0,5,25.58793274,2,81.98522415,2,,0,0,5.604155287,0
120.7913315,2,0,2,61.08944614,1,28.64669074,0,52.75099713,0,0,6.824656246,0
55.63352706,2,0,8,,1,34.97034518,0,42.03692088,0,0,9.621003806,1
94.18854784,3,1,3,40.08917214,1,14.38057676,0,56.27878646,0,0,1.660893656,0
,,0,3,30.11310499,6,12.638731,1,67.48092197,0,0,5.088822785,0
120.6717452,3,0,2,40.61058257,1,52.24815259,2,44.77832232,0,0,5.398334638,0
38.0218857,2,0,2,51.15206182,0,4.945293537,0,51.1002748,0,0,4.47911314,0
120.4303654,3,0,3,30.45721635,2,,0,75.90405841,0,1,5.499613065,0
171.75437,,0,3,22.43485352,2,16.83312748,1,,0,0,3.905223067,0
71.09432706,3,0,4,29.31059219,1,37.56098582,2,51.86910784,0,0,4.638779522,0
192.4681071,3,0,4,31.95815243,3,3.489852653,0,92.40713889,0,0,5.1128248,0
86.73812298,2,0,2,27.64861297,,9.391880459,0,19.14783011,0,0,4.86161259,0
166.446666,2,0,0,44.60105972,7,34.94667034,2,74.17311055,0,0,5.426533756,0
51.68768401,2,0,5,36.09386594,,56.59887324,0,83.20736963,1,1,2.126314869,0
99.87980795,1,0,2,50.68315038,1,40.08459078,0,86.53117082,1,1,5.13532478,0
163.6357367,2,0,3,18,7,18.29143628,1,,0,1,6.204399704,0
163.3825756,,1,2,,6,63.53577779,2,79.87822153,0,1,4.622895543,1
34.77052781,2,0,0,38.94769286,7,75.88282334,0,95.77774406,0,0,4.864980411,1
108.0649771,2,0,5,37.26480225,8,,0,100,0,0,5.562567006,0
129.6263475,2,0,5,18,1,30.76154348,0,70.81723972,0,,5.183491045,0
147.7652604,2,0,3,18,11,1.575892157,1,57.89024289,0,0,4.113590633,0
109.5549534,2,0,5,,2,12.30061456,0,76.81752176,0,0,4.770598885,0
84.85573781,2,0,3,20.93012086,6,62.09239543,0,,0,0,2.069270676,0
89.17384012,3,0,4,42.3130999,2,23.23851367,2,67.64763204,0,1,7.171700968,0
215.1819376,2,1,1,42.57929345,0,3.729311928,2,100,0,,7.331562731,0
96.83630201,2,0,2,23.62410239,4,72.6483407,2,98.90646423,0,1,5.856529332,0
,2,1,3,50.34684914,11,47.69236242,,90.77266736,0,0,,0
100.427804,2,0,2,40.48875168,1,,0,,0,0,8.447937326,0
28.90946666,3,0,6,,6,30.63589871,0,80.28485987,0,0,5.119664942,1
79.84620055,2,0,3,50.2731429,4,22.55948184,0,100,0,0,4.892371495,0
123.4387128,2,1,2,30.49697395,3,2.417756211,1,81.1929433,0,0,3.693256275,0
,2,0,5,52.19194007,5,26.41125152,0,83.92796903,0,0,5.494780816,1
103.6340262,3,0,3,50.71504273,7,6.671765033,0,72.15969759,0,0,5.106382252,0
170.3467373,2,0,2,59.03765729,0,,1,100,0,0,3.366600234,1
93.43715165,,0,1,36.04979944,2,4.838516001,2,75.2377417,0,1,8.007335588,0
24.0315017,2,0,4,38.30443093,0,37.00084749,2,65.90007096,0,0,8.64141718,1
,2,0,0,18,10,6.463547565,1,71.67255405,0,1,5.089436403,0
6.63674037,2,0,3,44.74220477,3,7.413131726,0,70.0178279,0,1,4.695443398,0
90.92484189,3,0,2,18,1,7.937817644,1,62.49377125,1,1,2.611381057,0
92.61098406,2,0,3,18,14,60.59969261,1,56.7955235,1,0,5.959671037,0
113.5747655,,0,4,24.07603019,9,58.24846662,0,91.67414584,0,1,4.488764121,0
119.2101036,2,0,1,55.34920894,11,113.5914371,1,74.76425808,0,0,4.513358944,0
91.35991313,1,1,2,49.25301058,1,11.37115394,0,,0,1,3.590477802,0
136.1190679,3,0,4,26.03123975,0,14.89989513,2,89.56653256,0,1,2.125303361,0
72.74068776,2,0,2,,1,43.66100208,0,100,0,1,2.301959537,0
131.1034995,2,0,3,39.60005936,0,73.04953032,1,36.83963657,0,0,5.27302806,0
108.0244812,2,0,7,39.39935808,3,13.81225169,1,44.95856087,0,0,5.646185021,0
82.70403355,1,0,0,26.29523167,11,18.31244197,0,83.67095868,0,0,6.290163735,0
46.44731602,2,0,,18,4,2.636112505,0,100,0,0,5.21898926,0
57.67828493,2,0,2,37.40110621,24,2.754033133,0,48.00004709,0,0,8.054898451,0
143.6160318,2,0,6,18,4,,0,100,0,0,6.371939128,0
231.6191032,2,0,1,35.90209988,,15.63140885,,90.63162272,0,0,4.774320085,0
75.34995327,3,0,1,50.29761919,3,38.29498828,0,100,0,0,,0
148.6863115,2,1,4,32.07098975,6,,2,86.98557843,0,1,,0
165.5991869,2,0,4,56.76193543,4,3.428104411,1,87.28538954,,1,6.489104583,1
57.6603141,2,0,3,34.90658482,6,8.503709816,2,41.40740972,1,0,3.121840505,0
114.9376454,1,0,0,23.81875326,2,2.514450594,2,46.91179024,0,0,2.575946715,0
83.89859228,2,0,4,57.20036429,0,5.163724185,0,,0,0,2.470345742,0
48.71236582,2,0,0,27.17306116,2,18.94076388,2,75.38020335,0,0,1.884806632,0
4.599893144,3,0,,36.02556351,,5.078204848,2,79.71327286,0,0,7.482613225,0
195.470832,1,0,1,,1,9.33819433,0,82.63947872,0,0,1.429882263,0
129.7377171,2,0,3,18,7,34.63874978,,79.77513565,0,0,1.238436777,0
,3,0,0,19.38896082,1,43.77596852,0,61.98685563,0,0,5.644659523,0
51.32269001,,0,,32.4577149,2,26.97460547,,98.10159835,0,0,5.189052963,0
51.86337174,1,0,2,39.99605325,,15.4398952,2,86.76560311,0,0,6.386582905,0
165.5583749,,0,,29.4101773,2,3.318528678,0,97.96241551,0,0,9.796139562,0
,2,0,9,34.50945786,8,4.966264661,2,77.71765896,0,1,5.413775974,0
82.8656203,2,0,1,36.83689664,7,0.1937529,0,85.94706619,0,0,4.329207376,0
,3,0,2,18,1,12.29231659,1,92.503841,1,1,7.268015304,0
124.9842555,2,,4,43.80112219,1,10.16371491,1,82.87054309,0,0,7.966691399,0
33.84551033,1,1,2,29.55860505,,,1,83.85018042,0,0,6.38635618,0
54.4837829,2,0,0,54.14472542,6,3.314879284,0,100,0,1,,0
36.99176174,2,0,4,19.54969631,4,9.678581993,1,90.67827933,0,0,6.844101778,0
197.9918627,3,0,4,35.51559053,1,19.02830762,,100,,0,4.925929161,0
24.7639813,3,0,7,18,2,15.31651515,0,98.94436411,0,0,8.215631432,0
61.35873927,3,0,4,19.8714694,1,10.05866255,2,79.43581712,0,1,4.292538821,0
125.3078828,3,0,,39.49250764,14,68.23201462,2,100,0,0,5.427917409,0
187.7670421,1,0,6,44.85043945,5,21.22612101,0,86.06097672,0,0,4.141651174,1
122.9497001,1,1,2,47.39536755,3,4.826553738,0,80.0386264,0,1,2.329400381,0
141.8882111,2,1,,42.53736953,1,33.6017059,1,,0,1,4.968613956,0
136.5690126,,0,3,61.60985634,1,32.32064875,1,94.97794297,0,0,6.181892027,0
70.38030379,3,0,5,35.84359643,3,13.5264836,0,71.21386692,0,0,6.241273923,0
121.4670411,3,0,0,,,0.260814845,1,72.35906302,0,1,2.599523287,0
120.4026423,2,1,1,18,0,1.253343471,1,62.69692023,0,0,,0
111.9813759,3,1,4,27.69646812,6,2.677375754,1,53.67855967,0,0,4.49485412,0
63.32589667,1,0,5,41.10009787,1,6.781491811,0,86.10589367,0,0,6.236219728,0
134.5236343,3,0,1,26.49536857,,,1,58.4784586,0,0,,0
127.6244977,2,0,1,25.55294127,4,7.261004856,0,59.04713107,0,1,6.16651972,0
31.35702743,3,0,2,43.37271614,3,31.75701909,0,78.64131523,,0,6.562939953,1
157.6795172,2,0,1,23.2297185,9,31.058692,1,61.31186996,0,0,4.68151472,0
119.1717516,3,0,4,24.778955,7,,2,100,0,0,5.987228916,0
45.14281752,2,0,3,20.19854368,6,15.09413421,0,60.88074587,1,0,9.557250181,0
1,2,0,8,35.82840325,3,,1,64.21774368,0,0,4.690475418,0
29.62681128,3,0,3,47.01637759,7,11.14146961,2,79.07792455,0,1,8.09103473,0
115.4146032,2,0,4,23.85879248,6,2.302417336,1,,0,0,7.19765371,0
66.14191442,3,1,2,,3,12.46158599,2,47.2333692,0,0,7.777093947,0
1,2,0,8,31.9340372,0,46.44856455,0,75.74474036,0,0,5.86075268,0
69.43073763,2,0,1,31.66215339,15,9.041995605,1,69.79454275,0,1,6.374320022,0
,2,0,1,30.21908865,4,36.87660948,1,57.92128244,0,0,,0
167.5507876,3,0,2,24.56283264,6,37.00136893,0,78.02196129,0,1,1.814412682,0
99.18884412,2,1,4,24.13501081,,,0,74.24559229,0,0,5.766798821,1
126.3448962,2,0,2,37.74291953,1,18.03807884,0,72.59361456,0,0,7.225842408,1
148.2425817,2,1,1,42.74834375,11,7.537212745,,68.3416967,0,0,8.049115862,0
109.3383382,2,0,3,18.44562914,1,27.41597302,1,45.23353552,0,0,8.106971286,0
88.11583415,1,0,6,35.12590141,5,22.46306138,0,66.54255092,0,0,6.037512509,0
,1,0,2,38.04017435,14,,1,84.3857637,0,0,4.019767675,0
68.6133047,2,1,4,57.55825018,2,15.56752907,0,96.66000977,0,0,9.297717322,0
131.7360734,2,0,3,34.45539169,5,50.39150531,0,71.57710441,0,0,4.018293737,0
92.41427832,3,0,5,30.57103489,0,22.87394608,0,62.88803568,0,0,4.138552172,0
113.1743608,2,0,4,18,,8.576201359,0,100,0,0,,0
24.67329849,3,0,3,43.17033848,2,5.073045753,0,35.57587533,1,0,,0
138.7317027,2,0,3,34.94944126,0,10.90372315,0,71.71302446,0,0,,0
,2,0,5,48.71507576,,24.74941855,1,66.78035624,0,0,5.55126632,0
1,3,0,3,50.07750667,,44.96324183,0,78.35527956,0,0,5.904781856,0
128.9816587,3,0,3,18,0,3.072769376,0,55.1888776,0,0,7.097656117,0
103.8740259,2,0,3,38.68230094,10,67.35240229,0,57.13243944,0,0,6.120165698,1
23.36497201,2,0,3,18,,32.52622826,0,81.59906674,0,0,4.60665098,0
118.8650247,2,0,5,,,68.8249218,1,77.87415924,0,0,,0
64.00778958,,0,2,22.63772012,2,39.64910576,0,77.74270097,0,0,,0
57.87836849,2,0,9,31.62111977,1,39.31831567,,61.82188361,0,0,4.321863772,0
,2,0,5,24.99798978,2,27.45803014,2,79.25862465,0,1,3.535216271,0
101.878743,3,0,4,36.94161936,3,8.700737592,2,66.64464934,0,1,3.754854786,0
79.32881147,2,0,1,18,3,0.016418427,1,82.22038576,0,0,6.487233455,0
124.3887411,3,0,5,36.4973345,1,3.114626157,1,72.95211514,0,0,5.697052177,0
69.9316178,3,0,4,32.13761261,,21.48137207,0,45.3375337,0,0,7.245210802,0
,3,0,4,42.49611904,11,47.98962492,0,61.02741754,0,0,2.85155617,1
231.0396546,2,0,6,40.86311222,12,24.62091108,1,84.87151952,1,0,6.645198851,0
176.7241051,2,1,5,36.8686003,3,90.87139994,1,82.91251051,1,0,4.91877139,0
98.42804148,2,0,5,39.12470783,0,4.095215178,0,76.8607,1,1,,0
51.75382697,2,0,0,42.92188581,7,49.31322194,0,74.18414114,0,1,3.143451019,0
127.0731364,2,0,3,28.27775271,,22.06417583,1,89.34931539,0,0,5.320351998,0
84.54139383,3,0,1,18,5,,2,89.23183923,0,0,9.152054999,0
135.5807439,3,0,0,30.2702669,7,68.11288085,0,60.30634195,0,1,2.745907963,0
,1,0,,,8,2.621503986,1,69.94131558,0,1,5.263373243,0
,2,0,5,39.98746083,2,4.864396826,2,52.50001515,1,0,2.697049276,0
14.83087803,,0,4,26.48931911,0,21.21245343,1,100,0,0,,0
90.93879134,2,1,1,46.20607855,0,7.758901511,1,,1,0,2.925663498,0
175.1178526,2,0,1,29.91122056,3,7.246115634,0,45.73677327,0,1,4.4420499,0
51.69216383,2,0,2,22.14155372,0,11.15506062,1,60.54619778,0,0,0.301608776,1
127.502605,3,0,1,41.82422294,8,25.85383081,0,,0,1,,0
80.41209255,,0,1,18,11,65.50379513,0,99.09691378,0,0,3.946252898,1
133.9473494,3,1,5,33.67237699,7,0.301943889,2,44.45598862,0,1,,0
22.3120617,3,0,2,22.91784103,7,25.6221205,1,71.56899831,1,0,8.191503638,0
1,1,0,2,20.75333219,3,9.132642486,0,54.92427942,0,1,6.092703966,0
40.55182902,2,0,3,21.96405698,9,,2,92.31476174,0,1,4.252044826,0
132.5225046,,0,1,67.85855201,3,,0,73.36328943,0,0,1.750511774,0
,3,0,5,,4,19.96609584,0,60.03651018,0,0,6.612260156,0
50.51975899,,0,1,33.06616825,3,15.65044534,1,71.14285799,0,0,,0
143.1764121,3,0,3,48.18862613,1,6.372797319,0,79.78134794,0,,7.650631001,0
128.5445255,1,0,1,25.70605315,9,12.3409551,2,98.08308568,1,1,6.454069117,0
166.0652016,,0,3,18,,74.16162,0,78.99125996,0,0,9.386114161,0
205.2648715,3,0,0,,1,10.07366163,2,25.2515353,0,0,2.817218121,0
88.82670088,3,0,3,18.57671617,1,3.892189894,2,47.21038243,0,1,6.404175449,0
80.74588598,3,0,3,,3,,0,58.75948204,0,0,-0.906747668,0
,2,0,0,18,2,10.4882454,1,53.12217263,,0,,0
65.64929502,2,0,3,50.97442423,3,33.99587692,1,67.58434608,0,1,6.926305845,0
,1,0,3,18,6,15.39646116,1,86.59857728,0,1,5.151089408,0
102.0643728,2,1,4,25.86909299,0,5.705159219,1,73.34779845,0,1,1.420332385,0
61.04536303,2,0,3,28.94115288,1,38.45105939,0,,0,0,,0
147.3403783,2,,4,50.96090935,1,6.501255953,2,100,1,0,6.317119679,0
125.2290907,2,1,1,33.60826318,,7.037377058,,100,0,1,4.752524383,0
100.0554972,2,0,2,37.3735869,0,,1,78.33054774,1,1,5.082663893,0
127.5398786,1,0,3,18,3,24.73822926,0,66.9651117,0,0,,0
23.98566039,2,0,2,30.23629534,2,42.99478603,0,85.65905846,0,1,8.696804782,0
18.30385205,2,,2,29.40302759,10,,0,94.1855052,0,1,2.464193484,0
,2,1,1,25.74608806,0,7.670459774,2,100,1,1,6.845059568,0
26.2933934,3,0,3,26.38321397,3,10.68017455,0,84.5715905,0,1,,0
148.1953467,1,0,1,18,7,3.98308349,0,94.25808399,0,1,5.742054513,0
204.3023525,3,1,3,46.55168598,1,22.15555533,1,,0,1,0.232042192,0
74.20473434,3,0,5,24.2725429,19,0.719604474,1,67.25931663,0,0,1.406139423,0
74.49195932,,0,3,,8,9.475492347,0,91.5260039,0,1,4.226631822,0
170.1004663,2,0,3,18,5,3.758469155,1,65.13372873,0,0,,0
63.41841305,2,0,1,29.26531488,5,2.989705678,2,95.39322321,0,0,,0
130.3004976,2,0,1,45.56539794,3,55.53180292,0,100,0,0,6.292386509,0
,1,0,3,42.51515008,3,104.1068004,1,60.86210717,0,0,2.006450948,0
219.3983853,3,0,1,38.98629451,,32.92266019,0,100,0,1,8.79039299,0
132.0239898,2,0,2,26.69135733,0,25.95260828,2,89.0054234,0,1,4.665324996,1
19.67114496,3,0,0,46.4690271,12,90.60609209,1,100,0,0,6.939742258,0
135.4725909,1,0,3,69.76732465,2,12.60394884,0,72.44061869,,0,4.729333144,0
102.4042473,2,0,3,55.24790783,10,23.35322463,0,69.60507955,1,0,5.125127913,0
,3,0,3,38.88886566,,8.392386497,2,48.71516767,,1,4.153370359,0
,2,0,5,34.0741678,2,5.572247975,2,100,0,0,,0
130.747232,,0,2,36.17614221,3,0.481085662,,83.17008435,0,1,,1
93.52413766,3,0,1,48.7446366,,22.06348512,1,75.6691469,0,0,,0
83.21076504,2,0,1,19.50801781,1,42.4979068,0,73.52256463,0,0,3.832390019,0
107.3467649,1,0,5,34.96005404,12,85.83227853,1,77.38622777,0,0,3.973526545,0
109.7922628,2,0,4,20.02288057,8,28.08364758,0,,0,0,1.513727397,0
71.4408013,3,0,5,20.62013385,,,0,76.04235961,0,0,,1
24.57220159,3,1,3,,1,15.83200457,2,,0,1,3.858584945,0
39.29056936,,0,6,36.83886167,0,13.23475072,0,100,1,1,3.936477405,0
129.2157083,2,0,5,24.67562282,4,3.699720883,,94.79450961,0,0,6.611543945,0
89.59388748,3,0,3,52.02972823,2,1.46978619,1,100,0,1,0.744212341,0
98.93776104,3,0,5,30.79627517,0,21.97546334,1,37.53078582,0,1,6.762371482,0
30.97006471,2,0,5,52.99105464,0,18.40538213,0,66.11720638,0,0,,0
122.6185898,1,0,2,,1,50.52190871,0,96.13857355,0,,5.127836556,0
93.13445171,,0,5,34.69203176,0,0.461138549,1,51.99782772,0,0,7.27152361,0
103.3919257,1,0,3,46.82572543,15,130.1514568,1,74.63468156,0,0,5.876310031,0
77.60193308,3,0,4,,8,14.20882134,0,,0,0,6.267096598,0
91.98199595,2,0,4,58.22522923,3,4.521813386,0,,0,1,7.904539325,0
194.5220343,2,0,3,18,11,3.2238708,0,77.82453171,0,0,7.531639153,0
69.36056548,2,0,3,23.00037398,7,22.80541084,1,86.13332299,0,1,3.149815904,0
114.5781838,2,0,3,27.50793888,2,7.333142187,1,,0,0,6.397577348,0
132.2061884,2,0,4,23.63605735,5,44.85830353,1,84.94507526,0,1,6.741697513,0
187.7466536,3,0,3,37.86520738,3,4.092182175,1,,0,,1.103622781,0
73.11771211,,0,5,40.59355865,0,1.305214937,0,31.44513532,,1,1.959810463,0
144.6298669,2,1,3,28.72124452,0,0.390226396,2,75.84919754,0,0,7.699846484,0
103.6139483,1,0,1,,11,15.28344733,2,88.65528272,0,0,7.403962467,0
,1,0,1,27.08893737,1,1.21899004,0,88.9558111,0,0,4.020746732,1
109.2485288,,0,3,68.40180451,0,48.04920175,2,85.37790115,1,0,,0
,2,0,2,63.67982357,8,1.237593942,1,56.90006104,1,0,3.804528761,0
87.54640777,2,0,2,27.37726935,6,41.07097568,1,50.90025324,0,0,6.607955773,0
44.81650857,2,1,4,50.33962366,15,,1,69.58925487,,,5.379838244,0
31.65708184,3,1,3,,0,29.92255657,1,76.60738957,0,1,5.198519546,0
106.7962284,2,0,2,18,0,9.964036827,2,80.18704343,0,0,3.947135613,0
130.4367795,2,0,0,24.49641893,4,1.386073285,0,42.83596146,0,0,4.782521869,0
86.83460966,3,0,1,37.21581167,0,2.984189893,2,24.44897938,0,0,3.699190509,0
172.2206098,1,1,3,24.73980514,8,3.643140224,0,81.13990423,0,0,8.781753283,0
169.5127664,3,0,4,35.7222993,3,11.43559545,0,79.67255156,0,0,,0
183.2675959,2,0,2,44.5177595,8,25.30046065,0,84.87695543,0,0,4.009102106,0
69.85896721,3,0,2,18,11,13.80982057,0,73.37510016,0,0,7.938432914,0
,1,0,4,18,24,7.266575847,1,43.65038899,0,0,6.026416036,1
153.6253669,2,0,2,53.9418536,2,50.53240039,0,57.25228569,0,0,4.044285831,0
156.0515334,1,,1,55.5613609,3,7.045394496,1,46.94291886,0,,4.375521611,0
170.1397155,1,1,1,45.7608591,1,57.60440562,0,84.74175187,0,0,3.178489234,0
155.9787456,3,0,5,20.50079326,2,16.07403166,0,100,0,0,2.658125378,0
97.85883093,2,0,5,48.51846629,4,19.48704925,1,81.8302243,0,0,3.810579166,0
73.53994951,2,0,5,50.21768999,2,8.255521872,0,63.34488103,0,0,3.180222796,0
122.1158434,3,0,3,24.12283026,1,37.03565793,2,39.50097733,,0,,0
134.796605,3,0,0,37.81930129,5,0.109631853,1,68.60538368,0,0,5.568693717,0
38.27440008,2,0,5,22.73982199,10,,0,90.11399861,0,0,2.44925227,0
35.98478007,1,0,5,53.08683206,11,52.44082094,1,50.22916661,0,0,5.209274045,1
76.77978688,2,0,7,18.91792572,0,26.13240864,2,61.85226767,1,1,5.829294705,0
29.78802169,2,0,4,24.20309697,8,78.56061402,2,59.64682626,0,0,,1
97.22261506,3,1,1,29.5642319,1,12.8650528,2,100,0,0,,0
222.765007,1,1,2,32.37375973,5,27.61503269,1,91.67709281,1,0,6.749055069,0
70.37678704,,0,4,37.20097932,1,15.92848832,0,56.49520348,0,0,,0
25.17353725,3,0,2,27.52937456,1,9.041242313,1,100,0,0,9.01547929,0
128.967338,3,0,4,60.16037198,3,8.92112434,0,68.22205383,0,1,,0
63.2883339,2,0,2,49.09402062,8,21.37424188,0,70.95476706,0,1,5.136756044,0
96.87034361,3,1,3,61.99520409,12,2.033237918,2,41.87829667,0,0,8.512751458,0
92.48397699,,0,5,18,0,15.34997816,0,54.1827958,0,0,3.075609863,0
57.42967829,1,1,3,43.52816086,0,71.52560057,0,43.30435051,0,1,,1
27.45360544,3,0,3,18,4,92.59839158,1,67.8864799,1,0,3.974895514,0
91.55891384,3,0,1,54.47261508,,67.46661777,2,92.26699557,0,0,4.236072615,0
,2,0,1,38.79152082,2,2.957120619,1,72.62182886,0,0,6.607308689,1
118.3740833,3,0,1,30.96873304,4,47.76904409,1,75.68203823,0,1,,0
98.38615529,3,1,3,,1,15.04782261,2,81.9216197,0,0,,0
80.73432016,,1,3,26.754384,0,30.32229146,0,71.53787305,0,,,0
151.7624667,1,0,5,40.36005937,10,3.102421598,1,64.10727075,1,1,,1
125.6800053,2,1,1,31.13472149,12,14.48279993,0,85.30452094,0,0,6.933133569,0
125.4304187,2,0,3,47.64161858,2,0.34596826,0,85.49537108,0,1,4.898404818,0
8.182010811,1,0,1,18.73911895,2,8.07142763,0,80.53344426,0,1,4.777474102,0
98.8474722,2,,3,18,10,0.670602962,,,0,1,7.861989682,0
,2,0,0,18,11,8.917262371,0,46.13440432,0,0,9.648902804,0
38.69103211,3,0,2,28.12875229,10,15.88407214,1,78.9114496,0,0,,0
1,3,,3,38.86825205,0,24.62203074,1,,0,0,5.645119061,0
128.144043,3,0,3,42.45455018,7,,0,100,0,0,6.610892813,0
38.28255641,2,0,5,,2,11.33622643,0,55.12356234,0,0,7.968374876,0
120.9766222,3,0,3,18,0,1.103194006,2,64.35196828,0,0,4.980729733,0
138.5432597,3,0,7,49.77909772,0,8.432242108,0,84.13959326,0,0,,0
148.7772564,2,0,1,34.81944661,12,,0,75.4686355,0,0,5.995615872,0
184.4594467,3,0,3,25.77843329,4,9.767719417,2,,0,0,4.986162677,0
122.959004,1,0,2,60.10201411,2,26.55475769,0,84.70396374,0,1,5.451418529,0
109.0994941,2,0,1,39.9773421,2,3.071166876,2,89.67743492,0,0,4.726486961,1
56.08683736,3,1,3,40.78527382,0,0.616756619,0,72.01384045,0,0,5.886848872,0
78.68212019,2,0,1,32.71907569,2,9.91995515,2,,,0,0.806028935,0
63.23994826,3,0,2,38.20023914,4,4.486193254,0,59.38536348,0,0,4.726500849,0
139.674436,2,0,2,47.80732829,2,1.605954881,1,68.56279167,0,0,2.778388815,0
130.6234397,3,0,2,,5,38.58900574,1,,0,1,,0
21.47496982,2,0,4,35.38204016,8,0.071845454,0,79.89393225,0,0,5.981987125,0
75.12145808,2,0,4,46.73064189,9,18.68485587,1,99.92258979,0,0,1.136241477,0
167.4589524,3,0,2,27.59155307,,23.66541155,0,81.41700953,0,0,4.688869194,0
100.0263979,,0,3,38.48253759,2,,0,69.71111391,0,0,4.41902303,1
122.0653576,2,1,6,24.40118601,3,43.10893676,1,100,0,0,9.593104123,0
89.05668741,2,0,3,52.68602638,,106.5310388,1,89.805462,0,1,,0
183.6720943,2,0,6,,8,45.64505338,0,77.98557435,0,0,7.517513803,0
88.82686073,3,0,5,43.21255517,4,29.17312486,0,90.67608212,0,0,2.524143587,0
87.18595879,2,0,4,18,5,2.99427199,0,64.75170317,0,0,8.315959201,0
65.66423285,3,0,4,55.08958676,15,10.55156248,0,75.36438461,0,0,,0
203.0373962,2,0,0,52.94520332,1,44.99855719,2,55.4096993,0,0,6.415715209,0
65.93098825,3,0,3,43.02528303,,55.71423674,1,36.67121408,0,0,5.087629854,0
112.7210422,,0,1,41.9461311,2,20.5948273,2,79.30055569,0,0,,0
62.87578837,1,0,5,24.82928535,4,52.48760224,0,100,0,0,2.307795017,0
,2,0,4,25.00853129,0,17.12218316,1,89.07970094,0,0,4.330682226,0
73.7184533,3,0,1,28.14119837,3,6.384113246,0,91.35245795,0,1,5.979729156,0
109.9196759,2,1,3,60.10425134,0,10.24426191,0,95.94991263,0,1,4.325660588,0
95.54399802,3,0,5,28.40960174,1,5.800717683,2,19.78605451,0,0,9.608820876,0
62.74161148,3,0,7,,0,11.59958652,0,94.25590193,0,0,4.648786313,0
73.54736613,3,0,7,53.60790732,5,,0,45.08203147,0,0,2.433986623,0
53.78834279,2,0,3,54.03849191,,,0,74.92057494,1,1,1.296055752,1
109.2370289,3,1,4,55.20770871,4,,1,44.99129038,0,1,5.192753735,0
11.9595594,3,0,2,45.82102864,0,,0,83.40674219,0,0,-1.853966023,0
259.6553784,2,0,0,21.49718564,6,7.453333244,0,77.836044,0,0,,0
57.14212218,3,0,5,18,1,27.43388982,0,,1,0,7.035668442,0
66.3757202,3,0,4,24.98944498,2,26.34294911,0,,0,0,4.872473017,0
45.94717298,2,0,3,34.507583,9,0.765980348,0,,0,0,6.244103856,0
114.964629,2,0,1,25.89252887,0,100.8509545,0,66.28123729,0,0,,0
129.3927944,3,0,2,34.92925384,4,,1,100,1,0,8.415287272,0
129.4289202,2,0,3,37.02267831,11,45.33799485,0,64.21792842,0,0,,1
1,2,0,4,,1,12.48261443,0,96.02208272,0,0,,0
94.2445153,1,0,4,25.42713901,5,12.82127891,1,61.01238912,0,1,3.514336031,0
102.9966315,,0,5,35.91765844,0,10.62632976,1,87.56061455,0,1,3.320649795,0
141.4029407,2,0,2,45.86854375,5,,1,49.78236038,0,0,2.35937314,0
59.45712444,3,0,3,41.56650632,2,,,60.28537952,1,0,4.672949597,0
93.07438777,3,0,3,38.87261866,3,8.908238094,0,72.91901691,0,0,3.15599647,1
131.9296229,3,0,3,32.57055424,0,20.85146501,1,94.72127283,0,0,3.932598272,0
64.52844213,2,1,5,18,4,49.23836933,1,59.71024942,0,0,,0
110.5508734,3,0,6,32.7059675,,10.80371686,2,68.91099012,0,1,4.924726001,0
169.6727264,2,0,1,18,2,5.400296245,0,,0,0,6.076151226,0
153.5964933,2,0,1,47.2173199,0,4.121593779,0,,0,0,5.626545143,0
119.7226071,1,0,3,47.20659471,2,36.24173482,,100,0,0,5.367667347,0
82.46108972,2,1,3,,18,70.04156123,2,100,0,0,,0
1,,0,4,20.19346103,7,19.02991246,0,80.88889082,0,0,,0
78.99861364,3,0,4,,6,76.04513095,2,58.24375356,0,0,4.8851214,0
86.99818749,2,0,5,18.69650886,11,6.604419798,0,79.2898112,0,0,6.386994315,0
137.3126783,2,0,1,30.38228875,9,28.14630876,2,83.22016812,0,0,2.097725112,0
,1,0,4,37.32820317,0,29.20561841,0,67.07786455,0,0,,0
100.3589233,2,0,3,65.15128569,14,82.13846954,0,,0,0,3.39162669,1
60.19679311,1,0,3,54.17232756,0,24.3276591,0,73.21357047,0,1,8.302335046,0
,1,1,4,,2,6.816971236,2,91.51144549,0,0,3.853786106,0
98.85659689,3,1,0,59.63781257,3,8.983759416,1,75.01213879,0,0,,0
151.8043826,3,0,2,46.82302248,4,66.9339939,0,34.3420208,0,0,5.344450335,0
69.57530481,1,0,5,26.69548507,1,6.040417653,2,78.26905981,0,0,-0.042470986,1
114.7812244,2,0,,53.1150148,9,20.58316802,2,65.11859509,0,0,,0
164.563692,2,0,1,26.93078696,2,15.42529496,1,95.36293961,0,0,3.020257123,0
72.05390764,2,0,2,19.99290126,22,4.929141661,0,51.52187217,0,0,1.541737921,0
,1,0,1,63.5117291,0,0.300730452,2,86.38075264,0,0,2.319564992,0
104.1913314,2,0,2,52.14164638,1,15.47237207,2,74.03074468,0,0,9.369069521,0
117.8126394,2,1,3,18,0,13.29914045,1,,0,0,,0
71.88562354,3,0,2,49.88835338,10,11.18650826,2,95.00582125,0,0,,0
29.36371205,2,1,3,51.07004119,4,54.97311044,0,51.56596758,0,0,5.166070293,0
,2,0,2,43.40778297,9,,,33.40950283,1,0,9.324115904,0
103.0941676,2,0,4,40.69757371,2,18.59781626,0,78.46215244,0,1,5.194267903,0
39.17095979,2,0,0,,,17.17815657,1,40.34420684,0,0,1.27676396,0
214.5471286,2,0,1,19.40466584,,,1,65.28680093,0,0,7.748832164,0
23.71718427,2,0,1,31.47016951,1,7.027343044,0,86.26770782,0,,,0
43.39254296,1,0,1,43.42287666,5,61.65093592,0,91.81973888,0,0,1.987774562,0
97.78633401,2,1,1,18,1,12.88151748,0,58.532478,0,1,2.712585175,0
105.9790184,2,0,3,23.95039543,2,0.871778261,0,74.90618834,0,0,5.442149226,0
106.318979,3,0,1,,8,4.55530733,2,49.47224989,0,0,4.465912044,0
64.07963672,2,0,3,27.37269881,6,62.92002225,,48.30009195,0,0,3.494978431,0
88.626187,1,0,2,54.4693526,2,18.74257904,0,73.63072589,0,0,5.274446143,0
155.4849921,2,,,,5,81.62641046,1,78.80661163,,1,5.100325166,0
159.7765694,3,1,0,49.19836624,0,12.80771193,1,51.84765701,0,1,1.922844767,0
65.69751215,3,0,2,18,4,2.795260523,2,80.10684667,0,0,12.65956434,0
134.2081604,1,0,4,34.29884399,1,34.51519245,1,46.65529378,0,0,6.758483122,0
47.8864206,2,0,2,26.43856311,5,1.634297488,0,95.66204147,0,0,2.542693832,0
70.96758487,1,0,2,28.25971377,3,,1,74.7290794,0,0,7.637144958,0
235.1513782,2,1,0,35.50240081,1,9.589419031,0,69.35033699,0,1,5.024036506,0
140.8418506,3,0,4,23.29200863,,15.23773568,0,62.69429791,0,0,2.712993224,0
87.79597632,3,0,2,18,2,,0,,0,1,4.587140305,0
224.6091999,3,0,3,52.29126337,1,2.738279577,1,74.23528562,0,0,,0
51.71086836,2,0,6,19.08771283,2,27.88241497,2,95.88554865,0,0,4.510361692,0
124.3250822,2,0,1,21.59180277,4,6.2576398,0,71.40164623,1,0,4.491309201,1
119.1326776,,0,4,46.9623903,0,9.509646714,0,39.33315701,0,0,5.514798991,0
20.10639328,2,1,5,23.2887355,3,4.299989557,2,78.62186184,0,0,3.31743164,0
49.470089,2,0,3,34.24189611,2,2.456463798,1,33.62305425,0,0,8.561373653,0
93.28456293,2,0,5,18,16,54.10553274,2,94.12979948,,0,,0
26.39814635,2,0,1,31.68255808,8,,1,88.3699421,0,0,,0
193.808542,3,0,2,18,6,19.69830415,,64.13122525,0,0,5.545587745,0
16.94582922,1,0,3,47.56126264,13,38.584424,1,,0,0,8.64363764,0
119.9611561,2,0,4,56.44527673,1,23.04201971,1,82.59798359,0,0,2.216601476,1
97.74385548,2,0,1,69.16984708,22,,0,75.56327795,0,0,7.217032752,0
1,3,0,,36.4003185,10,1.501096702,2,54.72768048,,1,1.554631822,0
151.5290293,3,0,1,30.77647958,6,83.06886638,1,82.60987943,0,0,,0
153.4396161,3,0,2,45.53377879,11,26.6595269,1,66.38996176,0,0,6.693670003,0
22.82745284,2,0,2,26.21980716,7,10.21877829,2,79.27041672,0,0,8.566932266,0
185.2052758,2,1,3,,8,72.37406255,2,84.35665939,0,0,6.001156573,0
165.8697033,3,0,2,56.58564477,3,0.674288641,0,44.73776426,0,0,5.626075775,0
1,2,0,4,,4,17.25097937,1,95.76612652,0,1,5.433536252,0
194.0578535,3,0,0,43.06861313,6,2.132525846,1,86.79054834,0,0,3.527719457,0
87.4230557,3,0,9,18,6,37.96054508,1,72.30231736,0,0,4.82206687,0
,3,0,0,25.3936393,1,6.612241867,,79.62447668,0,0,3.603088181,1
39.44919001,3,0,,37.18859047,12,19.70223679,0,76.91089485,0,0,7.395667798,0
103.4672169,3,0,2,73.15246644,0,40.29533837,1,73.55518371,0,0,2.804879873,1
135.9878971,3,0,3,31.87300921,4,27.60328363,0,96.72418735,0,0,3.988444829,0
86.55556547,1,1,,35.47376984,1,27.03578639,1,,0,0,4.918698352,0
47.11445355,,0,2,28.18033729,,0.829162279,1,79.89503841,0,1,7.586181724,0
71.93310018,,0,2,26.1120128,13,37.26760729,1,100,0,1,6.80532896,0
26.07390048,2,,4,26.13843053,8,,1,77.73134923,0,1,5.522151565,0
1,3,0,3,18,7,1.197887338,2,45.22675222,,1,6.340789294,0
70.12449027,3,0,4,30.47117525,1,7.762751478,2,,0,0,6.504015489,0
95.51321529,2,0,5,59.41680981,1,2.711618476,1,60.23609224,0,0,1.961772105,0
254.9149717,,1,2,63.60784642,5,18.1238806,2,58.60792665,0,0,7.520482164,1
,2,0,2,47.59385098,4,46.13807563,0,80.52935116,1,1,6.06192591,1
37.44004317,1,0,4,,1,10.52129995,0,77.64896638,1,1,,0
52.55235861,2,0,5,33.18153461,0,71.82779816,1,82.53539323,0,0,6.078203059,0
101.9118997,3,0,4,32.77057755,1,30.40372639,0,83.8902965,0,0,4.96327735,0
71.54259007,1,0,0,48.73605518,3,9.046394167,0,84.94643976,0,0,,0
114.0022671,2,0,2,45.79212097,11,33.55846902,0,51.8195256,0,1,3.42786099,0
112.1765102,3,0,2,37.81730203,0,10.51230631,0,96.73576931,0,1,4.962963957,0
103.1165675,2,0,4,31.01585586,4,14.75885134,0,41.10183975,0,0,5.8690829,0
95.66494319,2,0,1,39.32817768,3,17.12012575,0,72.26413795,0,0,,1
121.0047245,3,0,7,39.16657277,10,19.57300777,1,81.45566232,1,1,6.831397735,0
42.45032113,2,0,1,22.55873766,9,,0,100,0,0,5.688647367,0
60.45503092,3,0,4,18,3,10.3208919,1,77.89303713,0,1,4.264453283,0
40.1896688,3,0,3,18,5,,1,66.08868537,0,0,7.684836848,0
91.368635,3,0,3,40.2990943,1,81.47466847,,68.90179478,0,0,6.673770183,0
67.10827231,2,0,2,31.29362015,10,29.28826885,2,41.54439313,0,0,2.807408288,0
,2,0,5,,0,28.92044404,0,80.86917382,0,0,5.407164225,0
46.1127611,2,0,2,18,2,14.19625595,1,,0,1,3.177417107,0
112.0660967,3,0,6,43.67423765,10,26.7733614,0,51.47228931,0,0,,0
98.06285525,2,0,2,18,1,,2,96.10345608,0,1,,0
138.5898089,3,1,0,29.00763443,5,,1,99.09230824,0,1,,0
85.57124414,2,0,0,29.84977248,3,3.041124106,1,25.90084628,0,1,4.759446211,0
94.46673157,3,0,4,65.32719508,3,,0,96.21746414,0,0,,0
138.0027982,2,0,,58.25558848,4,24.18449637,1,87.30726492,0,1,2.603231767,0
112.887627,3,0,2,18,,22.01320277,0,73.15110055,0,1,5.083621477,0
28.46124489,3,0,2,,0,,1,77.36350784,0,,3.836194794,0
136.6527141,1,0,3,,1,63.40402204,0,85.06792534,0,0,6.239309786,0
88.99431344,2,0,7,28.93976069,17,3.4011402,2,,0,0,7.175418896,0
88.09447818,2,1,4,42.03108423,2,51.3315802,1,100,0,0,4.859368138,0
20.26484664,3,0,5,39.44020128,6,11.24855829,1,50.12454634,1,0,8.564684396,0
165.2170121,2,0,6,18,2,19.74127297,2,48.35641213,0,0,6.483395407,0
119.4156003,1,0,1,48.20163056,0,3.524804939,0,91.5996907,0,0,4.608438194,1
23.24798762,2,0,3,58.01001317,4,34.74867829,0,100,0,1,,0
1,3,0,1,43.1218782,0,8.096150998,0,92.01597224,0,0,6.429515232,0
93.42637022,3,0,2,32.57230377,3,12.12757336,0,33.76388582,0,0,7.930163546,0
1,3,0,2,51.00861771,29,6.968662444,1,86.98485924,0,1,4.909098769,0
85.89371115,2,0,2,,1,34.1101597,0,77.49206237,0,1,7.819817543,1
70.82003368,2,0,2,18,2,1.373265621,1,57.16383019,0,0,,0
135.351618,2,0,0,22.50409444,15,,0,79.40221268,1,1,4.088225613,0
206.1078099,2,0,3,38.57880141,1,,0,,0,0,2.702323395,0
7.033161417,3,0,2,18,8,6.765086806,1,93.09555186,0,0,3.413681586,1
203.753252,3,1,3,18,2,18.71385877,0,82.64133947,0,1,5.680502243,1
142.0991848,3,0,7,18,4,2.582016643,2,87.0091529,0,0,4.48942811,0
87.61237909,3,1,1,37.26048056,,3.517020852,0,65.13467837,1,0,2.755167312,0
81.56903171,2,1,3,26.56777416,4,14.86632676,,75.05367341,0,1,3.453118364,0
203.2110067,3,0,2,,10,3.680175321,1,72.61867167,0,1,5.226696817,0
1,1,0,4,27.27711693,1,14.51228683,1,49.09788343,0,0,4.710890063,0
154.002803,2,0,6,20.93578571,1,3.806767159,1,67.12873134,0,0,3.999513079,0
98.78835831,2,0,,39.03141023,2,66.22860825,1,76.6384548,0,0,,0
,2,0,2,38.61642714,3,45.76731045,0,97.26913177,0,1,2.941413382,0
137.3305682,2,1,3,25.32872679,0,,0,61.95598952,1,1,,0
60.00297466,,0,5,31.20133764,18,13.88024057,0,67.66780412,0,1,2.247593245,0
101.5697933,2,0,2,23.49113262,5,34.15534315,2,,0,1,7.542347374,0
183.4510763,2,0,2,18,18,,1,61.85228971,0,1,5.853929113,0
35.03918183,3,0,1,34.13293966,2,15.11160427,,66.72042774,0,0,4.3507832,0
97.06397864,3,0,2,20.87601742,9,5.288325732,0,77.58856443,0,0,,0
201.180311,2,0,3,18,6,12.79689493,2,55.19113026,0,1,,1
115.364976,1,0,1,27.77734943,1,8.893607543,0,100,0,0,8.340713021,0
130.5185133,3,0,5,23.31663042,14,21.24539274,0,100,0,1,4.110086952,0
102.4886844,,,5,45.35214587,4,34.84242551,0,31.43838184,0,0,4.824895176,0
83.4939953,2,0,2,32.93975792,11,18.53596731,1,59.05443192,0,0,2.792738208,1
86.35777268,3,0,2,23.25386917,2,68.04325386,0,,0,1,5.453687535,0
151.470655,2,0,3,48.60313412,2,21.3144425,1,70.62449168,0,1,6.528827153,0
120.3526144,2,0,4,18,0,18.36125171,0,100,0,1,2.548233726,0
,2,0,3,27.04159944,0,46.19292285,0,62.75291124,1,0,,0
102.9609217,3,0,2,45.82737488,0,25.65197319,2,78.06771474,0,0,5.047089548,0
,3,0,4,55.99439264,17,8.108706256,1,,0,0,3.036372642,0
207.7464339,1,1,3,31.82531668,5,8.431999261,0,56.53312347,0,1,2.043910155,0
120.7386445,2,0,2,31.65064458,13,37.39620406,1,61.91261049,0,1,9.715484604,1
60.37396308,3,0,2,23.24667794,2,25.94564316,0,64.31461797,0,1,6.768955325,1
130.5292873,1,0,1,47.67791712,,2.341950354,1,98.46329076,0,1,3.632399004,0
71.17447996,3,0,4,33.57369772,2,6.68697528,2,,0,1,5.556104702,0
83.98263459,1,1,3,54.70464569,,,1,90.46069183,0,0,5.654825824,0
160.5971993,2,0,5,55.09268715,32,29.87072153,1,96.12867821,0,0,2.071310403,0
1,2,1,1,55.09796394,1,41.23223839,0,76.70336139,0,0,4.758153834,0
55.26963489,3,0,4,36.69384157,1,21.11598423,0,,0,0,,0
,,0,1,18,8,29.96261071,1,88.89359187,0,0,,0
249.2629501,2,1,1,53.4121411,1,31.92333523,0,45.78399795,0,0,2.752176959,0
64.61652672,2,0,0,49.35873068,6,16.98902699,2,69.69669863,0,1,,1
,2,0,6,18,0,15.33156303,,58.9927908,0,1,,0
153.7671701,1,0,1,28.24409116,0,6.589996719,0,32.04305749,0,0,7.066458479,0
179.9160904,2,0,2,34.25900481,22,35.55367463,1,66.12517846,0,0,7.96975239,1
45.04803877,2,0,4,48.88482321,8,14.80335874,1,23.02840886,0,0,4.545067623,0
167.0230526,2,0,3,28.12952119,4,6.57116467,1,100,0,0,2.143171095,0
134.2225239,3,0,0,,1,2.626685317,2,58.34801399,0,,5.215507952,0
181.9982265,2,0,1,28.44169914,3,46.33156664,1,89.61667475,0,0,7.916674485,0
59.80257926,2,0,4,43.0182237,,27.85805774,1,59.06728488,0,0,3.161603119,0
36.53544474,2,0,2,18,,23.65115617,1,61.03579506,0,1,,0
72.79429989,1,0,3,62.64041333,9,15.41221885,0,31.55394915,0,0,2.359251255,0
51.99768524,3,0,0,18,2,9.205780226,0,72.23802498,0,1,6.167514966,0
64.40133864,3,0,0,18,1,58.92454731,1,68.04039115,0,1,,1
119.5902003,2,0,2,,1,72.6571656,1,63.16890125,0,1,,0
,,0,1,18,,1.931917754,1,68.22599179,0,0,3.528739691,0
80.3194209,2,0,4,29.11053707,2,5.537493288,2,88.98734254,0,1,5.278710859,0
170.9801502,3,0,4,30.37019515,12,66.52876307,1,45.51585988,0,1,3.904093199,0
125.0547085,3,0,4,26.23453012,0,6.232037347,0,65.15344218,0,1,5.431962425,1
194.421847,1,0,0,50.19399191,2,22.87921868,0,68.46730113,0,0,4.007907831,0
148.9429025,3,0,0,18,1,3.313587219,0,80.08027472,0,0,4.532037911,0
130.3920169,3,0,2,48.15493477,1,152.6842406,,95.02435547,0,1,,1
73.20182774,2,0,4,31.51991588,0,9.157313433,0,26.8191994,0,0,7.209572881,0
66.25329906,3,0,4,18.33823874,3,6.568598542,0,84.18248745,0,1,3.989489194,0
125.4362512,2,0,3,57.79482251,5,82.18871726,0,70.51131568,1,0,5.280023284,0
131.1703569,2,0,2,,5,12.16626784,0,94.20730944,0,0,3.37054724,0
,2,0,2,18,,30.49144896,1,,0,0,,0
48.37380482,3,0,4,47.4501666,11,,,,0,0,8.357415937,0
16.66182966,2,0,2,45.81087318,0,4.569299486,0,78.02887115,1,1,5.745904021,0
,2,0,1,32.94292064,3,35.75803697,0,96.78417504,0,1,9.408287815,0
135.0350306,2,0,2,23.5127795,1,18.56181696,0,72.19041251,0,0,4.811673039,0
180.6139129,,0,3,33.4298102,1,29.9964178,0,84.98206067,0,0,6.725602438,0
72.66599577,2,0,3,18,4,8.649082477,1,70.70726488,0,0,,0
207.1503527,3,0,7,30.3053007,6,50.69990656,1,82.8583958,0,0,5.551551801,0
109.806573,2,0,4,58.2184857,1,44.90868657,1,65.86183464,1,1,5.026798961,0
136.3814772,2,0,1,44.69848565,1,50.45006279,0,57.41119671,0,0,5.724865873,0
131.6227108,3,0,5,43.42725076,1,20.68848014,0,80.37368663,0,0,3.031536502,0
129.3428547,1,1,1,,3,36.24114163,1,42.12254082,0,1,5.307256555,1
99.98431637,3,0,6,71.60767493,0,21.20204036,1,84.9130068,0,0,6.738260727,0
142.3441052,1,0,4,36.11500615,5,23.62442246,0,,0,0,6.531596792,0
142.1552666,1,0,6,27.36389622,3,39.20176305,1,100,0,0,,0
129.9397195,2,0,3,30.24453146,1,18.29303679,0,82.86985546,0,1,,0
10.29040667,3,0,1,66.2007539,8,11.32494209,0,69.2502396,0,0,,0
89.32716103,2,0,4,60.99542935,7,1.424119698,1,86.39072874,0,0,6.906484872,0
65.26998154,2,0,4,33.93851008,0,11.07498822,1,56.58527486,0,0,2.983995531,0
144.4576912,1,0,2,25.20506303,15,4.574043509,1,69.82305683,0,,6.93915119,0
,2,0,4,25.48386034,0,46.78604195,0,60.55946985,0,0,3.85035278,0
141.0951252,1,0,2,38.83414049,7,29.56406212,2,62.73158998,0,0,,0
108.5208111,2,0,3,38.62188948,11,,1,76.54749297,0,0,6.267421729,0
102.8506562,3,0,2,,5,25.9191967,0,49.7864775,0,0,,0
86.05583029,2,0,3,27.64945203,3,66.6955239,0,100,0,1,4.159941016,0
173.8467213,2,0,5,18,8,,0,64.11123805,0,0,,0
24.98890693,,1,4,29.83654669,1,43.20237435,0,66.07914099,0,0,7.525295272,0
70.52738,3,0,4,19.21959096,10,15.06761397,2,60.51703044,1,0,5.057695714,0
44.88651298,3,0,4,,16,10.36519816,1,,0,0,7.063059753,0
92.81702351,2,0,1,41.53376131,1,42.26688513,2,37.27559548,1,0,3.602056634,0
114.8492337,2,0,1,18,2,14.02565368,1,71.41091161,0,0,2.691515479,0
1,2,0,2,29.55877918,1,,2,,0,0,,0
59.84105247,3,0,2,41.48677647,26,4.947302157,0,70.46849706,0,0,,0
90.18596743,2,1,9,35.4767123,1,13.19720354,2,80.63453489,1,0,3.801136291,0
125.2023258,3,0,1,23.40274659,,7.899203603,1,,0,0,4.151984911,0
,2,0,4,31.12022238,0,9.35424299,0,100,0,0,6.071904846,0
126.8884095,2,0,0,,2,19.15462001,2,,0,1,6.347070792,0
114.2777037,2,1,1,42.0812593,4,38.55478362,0,44.03167443,0,0,6.250128469,0
,1,1,2,,2,18.86239185,0,84.12088799,0,1,5.05491141,0
162.7878063,3,0,2,,8,5.48295852,1,72.55326609,0,0,8.504304081,0
168.8248225,2,0,3,37.40082443,0,5.237293616,0,94.81313817,0,0,,0
,3,0,3,20.07022401,6,49.00139365,2,95.08984061,0,1,3.594595323,0
,1,0,4,42.05016549,0,0.780141526,1,85.9509824,0,0,6.562080465,0
148.1251443,3,0,3,18.41649372,,43.70212075,0,47.57546015,0,0,7.122717711,0
152.5327198,2,0,3,39.03121323,21,22.20617062,2,98.30234299,0,1,5.373703513,0
,2,0,6,34.23639495,5,13.19621334,1,76.2569085,0,0,,0
,2,0,,37.39899043,1,2.697753042,0,46.8529437,0,0,5.323365097,0
116.4381205,1,0,3,19.67573068,0,0.485740577,0,59.02688729,0,1,5.466513006,0
98.26575563,,0,2,24.67489263,9,9.443930301,2,85.33869947,0,0,5.971161632,0
53.89055473,3,0,3,18,7,15.95066532,1,91.01982113,0,0,1.079721331,0
1,2,0,3,36.66724849,8,66.26961553,0,66.16885396,0,1,3.813664921,0
123.6572727,,0,2,42.69340973,0,13.0888448,1,,0,1,4.17291971,0
110.530042,2,0,4,35.9343137,17,38.82048074,2,86.700646,0,0,5.534587433,0
181.9558403,3,0,5,18,7,14.30069411,0,81.33547195,1,0,3.382772501,0
93.50896501,3,0,3,30.02176664,4,0.986748437,0,97.9354491,0,0,6.642779772,0
100.7841118,3,1,3,18.3790876,1,0.825994177,2,71.36507618,0,0,,0
63.5520375,3,0,4,72.17813018,8,28.71168997,1,66.10343141,0,0,5.491332858,0
72.02268574,2,0,3,46.68302279,7,87.02887941,0,54.00793953,0,0,1.727405265,0
161.0141448,2,0,3,54.60461448,0,5.552564281,0,,0,0,5.037169892,0
113.2808497,3,0,3,19.98149381,2,12.61964175,0,81.48143947,0,0,4.807562004,0
106.4308725,2,0,3,36.8162839,0,44.57755916,0,82.65576838,0,0,5.265956008,0
130.189526,3,0,2,54.0461898,1,,0,90.19243508,0,1,4.3467429,0
84.11424516,1,0,2,18,0,24.4444899,0,74.56969731,,0,7.54164642,0
,3,0,2,18,3,5.341491816,0,75.6522335,0,0,5.983526654,0
,3,0,8,31.89302213,7,8.197824313,2,,0,1,3.158185485,0
90.4748447,,0,5,36.8815685,1,30.93405613,1,74.10241888,0,0,6.385311206,1
,3,0,4,64.50982942,3,33.676517,0,67.64101033,0,1,3.373190093,1
50.71369768,3,0,3,18,,14.5052833,0,56.04265115,0,0,,0
98.36233649,1,0,3,,,5.258019793,0,90.79672297,0,0,,0
96.14491453,2,0,6,50.83809709,1,48.17184455,1,100,0,1,,0
,3,0,4,,2,27.71131818,0,87.21120534,0,1,4.11304745,0
105.6635205,,0,4,32.3820945,6,15.08793583,0,60.31486621,0,0,5.844241185,0
55.10849668,1,0,4,38.88769163,,12.78202467,0,59.35308148,0,0,3.762270289,0
87.55179258,3,0,4,,4,38.3347809,2,87.69597726,0,0,3.853186368,0
37.4796133,3,0,4,31.24086564,2,110.3815978,0,,0,,8.128181295,0
114.101711,1,0,3,,0,42.58437889,1,55.64666573,1,0,0.466194295,0
73.45656135,2,,5,35.68704884,5,30.82193125,0,66.67804292,1,0,3.68560426,1
169.9797323,2,0,4,31.70818612,11,21.11741789,0,68.68106501,0,,5.230920009,0
118.7028285,2,0,4,18,2,21.01007196,0,76.22737154,0,0,,0
74.4118221,2,0,2,25.95608241,0,10.82502906,0,,0,0,,0
138.3739672,2,0,3,39.84745953,1,60.64984297,0,99.18100361,0,1,,0
46.16604363,3,0,2,,1,0.760402129,1,100,0,1,5.781685223,0
142.9792436,2,0,1,31.74877862,10,64.02409592,0,94.44105805,0,0,1.760333321,0
96.25367219,3,0,2,32.74034906,8,57.51011558,0,55.64620431,0,0,6.15783391,0
97.34465992,3,0,,37.56742626,3,52.54878961,0,79.12856908,0,0,6.334228217,0
82.86427417,2,0,2,22.37180453,7,6.894788783,0,44.89871019,0,0,,1
1,2,0,1,64.01384372,1,,0,70.54216037,0,0,4.527140553,0
32.07129924,2,0,2,42.07983934,0,4.251661767,2,75.63746105,0,0,,0
119.1216658,1,0,2,46.39367376,10,42.2001523,,33.6102474,0,0,5.136161032,0
89.06733613,1,0,3,35.34744052,0,10.41962786,0,47.36753915,0,0,5.524886628,0
117.0912607,1,0,4,20.35546111,2,39.32233699,2,81.99861367,0,1,6.265963991,0
110.0284599,,0,6,57.78398472,,12.69045911,0,95.00404876,0,0,5.496937676,0
116.5425652,2,0,6,61.8770332,0,14.84840775,0,97.68515926,0,0,3.952691662,0
36.18477917,3,0,2,25.60229366,1,8.471694946,1,74.17832459,0,0,5.055470556,0
132.9527172,3,0,3,34.82436565,1,3.56068399,0,100,0,0,6.952364912,0
151.0757696,3,0,3,,14,28.43432206,1,84.57310246,0,0,3.700189853,0
245.9086778,2,0,7,18,0,7.576127656,,79.02950607,0,0,,0
177.4967203,2,0,2,49.61634109,10,7.769761619,0,91.25674454,1,0,9.684920574,0
153.0104954,2,0,4,,1,52.62599439,0,,0,0,4.691476721,0
98.88605104,2,0,2,,2,93.64757598,2,97.07686717,0,1,6.177072723,0
83.71944739,2,0,1,33.64654541,4,9.343914797,2,,0,0,8.909453914,0
125.2778927,2,0,5,18,6,20.1291747,0,51.59451189,0,0,9.698197292,0
67.91665899,1,0,2,18,0,34.54045116,0,86.87725482,0,0,4.545903413,0
81.99803656,2,1,2,34.04613211,2,20.33917205,0,62.7588853,0,0,7.861299427,0
133.4170244,2,0,5,51.24142422,1,26.17401884,0,91.57810094,0,0,,0
119.1584095,3,0,2,18,9,15.32461033,1,83.10945852,0,1,4.423575771,0
177.9394592,3,1,2,58.28397372,7,31.15336823,0,84.00976761,0,1,6.6171345,0
31.22445552,3,0,4,47.75175655,7,,0,74.83094215,0,1,,0
151.9555894,3,0,2,46.14359167,24,62.77084572,0,48.14253854,0,0,6.099351611,1
131.9195963,1,0,1,38.61831842,20,18.26932778,1,80.77541638,0,0,6.280169566,0
76.06256892,2,0,2,24.48992228,5,25.37599862,0,84.35646485,0,1,4.476061771,0
65.0137246,3,0,3,29.62468243,19,23.5991828,1,69.36288462,0,0,7.647872632,0
159.4196637,2,0,2,31.33324458,1,,0,100,0,0,3.33177722,0
122.561266,3,0,5,,5,0.765877333,2,100,0,0,5.419519344,0
79.78190037,3,0,6,,3,8.26187495,0,78.07967015,0,0,,0
40.16672039,3,1,2,24.28936467,10,98.24157365,0,59.60756495,1,0,6.073650884,1
124.8200059,1,0,1,47.97704804,6,41.83808355,0,,0,0,3.931524116,0
,3,0,5,54.67902274,1,4.756644829,1,80.0241492,0,1,,0
,3,0,0,59.8216586,16,,2,89.25972301,0,0,6.583997051,0
99.0491896,2,0,2,18,2,,1,66.33437419,0,0,5.705473172,0
21.75986143,2,0,4,30.59370373,5,48.03505645,0,80.8129673,0,0,-0.273101982,0
35.85038879,1,0,3,44.46756188,1,0.611777834,0,50.72339918,0,0,4.992486006,0
,2,0,1,18,6,19.00594983,0,84.01018893,0,0,7.939058081,0
102.0459588,2,0,2,45.03621668,13,8.394773128,2,73.50108053,0,0,6.09583338,0
112.9941397,3,0,1,63.08486787,0,29.69042535,0,84.49632728,0,0,6.844212112,1
58.01390789,3,0,1,52.7847287,2,14.51610067,0,81.06187288,0,0,7.398073024,0
108.0286991,3,0,4,,2,19.45403701,1,100,1,1,7.708597811,0
143.0818062,2,0,2,49.09097568,1,3.467886249,1,100,0,1,4.084065168,0
70.22325324,2,0,4,33.80747498,14,,1,100,1,0,6.26248244,0
54.53062726,1,0,0,36.35853897,0,39.88673928,0,54.13379408,1,0,5.069838946,0
47.24553159,3,0,0,33.74837209,7,43.7116,0,88.50192908,0,0,3.371640962,0
40.65033058,2,0,3,,7,3.415159384,0,60.53622826,0,1,7.737783142,0
99.23450754,3,0,3,29.72810371,1,44.8345471,0,74.05254387,0,1,,1
158.9648592,3,0,1,35.47238689,3,25.82224683,0,80.84013241,0,0,3.91764261,0
104.6761748,2,1,4,68.71332836,1,0.127116064,0,81.07559667,0,0,,0
106.7781708,,0,3,18,0,7.037127998,0,82.69997896,0,0,,0
95.86596571,2,0,5,44.06701137,5,,1,100,0,0,6.441232993,0
168.8590468,1,0,0,27.02695918,4,,0,78.45768823,0,0,5.201674146,0
149.3188253,2,0,0,18,1,75.29704967,1,77.08424453,0,0,5.409166849,0
33.87710216,,0,4,51.63860552,2,64.34344364,0,85.98940072,0,1,,0
40.79847209,2,0,,34.75836062,7,9.563460944,0,63.9597944,0,0,5.44445752,0
79.40615169,2,0,7,32.6864308,,5.870059264,2,38.25671528,0,0,5.194808431,0
60.37900395,1,0,1,21.47133453,8,120.6652548,0,,0,1,7.306115722,0
82.16634329,3,0,3,41.7146659,3,5.786736915,1,88.03652291,0,0,5.044487754,0
123.1603146,1,0,3,62.93411192,3,,0,94.46123533,0,0,6.835348869,0
,3,0,3,33.14036115,0,10.50806014,0,72.85939041,0,0,1.124862047,0
128.2421179,3,1,1,46.08732608,1,33.38521601,1,,0,0,,0
45.38436177,2,0,2,37.44954187,4,21.13749269,0,79.26729896,0,0,,0
94.59305048,2,0,,,3,32.43882107,0,33.03846613,0,0,7.622649471,0
127.8115005,3,0,3,37.48857072,4,26.20374059,,51.86039444,0,1,8.871922096,0
138.6619993,3,0,0,20.35292302,3,11.14884111,0,78.13538317,0,0,8.087405541,0
49.93426729,3,0,2,18,7,47.50181198,2,14.75720542,1,0,4.948253611,0
69.51085478,2,1,1,42.90447752,1,5.264713235,2,75.61373792,0,1,4.230488502,0
146.4045305,3,0,3,18,0,24.7618005,2,95.21793615,0,1,,1
85.05899555,2,0,1,56.25464123,3,12.01998835,0,55.2229094,0,0,1.853553949,0
90.58693325,2,0,4,31.91997224,0,6.213451927,2,88.05561035,0,0,9.235553415,0
105.6697196,,0,5,32.54506081,0,8.613817118,,88.27166739,0,0,4.492012285,0
55.96229552,2,0,3,48.63875471,5,7.154270923,1,79.12812519,0,0,4.101783393,1
34.22793465,2,0,3,37.12314362,7,29.73269871,0,74.25685827,0,0,7.161092083,1
79.42534277,3,1,1,26.26701118,4,46.01273518,2,91.57584955,0,1,3.008872956,0
111.503538,3,0,3,28.73075703,5,5.183239026,0,99.08707598,0,1,4.338097809,0
195.2068295,3,,5,38.11766902,3,33.14761786,1,86.035557,1,1,,0
93.3498418,3,1,8,,0,5.670237945,1,87.94052925,0,0,6.197063512,0
121.2728781,1,0,2,53.98013943,1,17.66321302,1,90.08899586,0,1,0.517996572,0
122.0873368,3,0,3,,0,7.33621801,0,69.93439903,0,0,1.908823202,1
69.1819296,2,1,3,40.43512799,0,73.0031732,0,96.38020442,0,1,,0
145.0199294,3,0,3,25.2907086,1,11.69408673,1,49.0721041,0,0,1.36602211,0
92.30011674,2,0,2,,4,16.62554141,2,67.71298322,1,0,6.209665438,1
63.22350287,2,0,3,60.7920675,7,19.88293252,0,56.36495047,,0,4.304773068,0
116.6157006,2,0,4,44.10842088,2,4.117443178,2,,0,0,6.684985972,0
77.99777567,,0,3,33.46250468,1,9.829119173,1,54.45069314,0,0,,0
,2,0,1,,3,82.96940019,0,87.07132955,,0,-0.11846797,0
228.6679902,2,0,3,36.05315975,0,43.59876901,0,59.95190418,0,0,5.695910065,1
24.03269623,3,0,5,,1,3.199653881,0,100,0,0,7.220455315,0
97.10461251,2,0,4,33.86979059,1,115.9159777,1,56.59891409,0,0,,0
69.1928271,1,0,1,18.95755393,0,9.870436567,0,100,1,0,4.580700199,0
,2,0,1,,,27.76799571,0,66.09132115,0,1,5.540775393,0
83.96661872,3,0,2,38.62346422,4,26.9348862,1,62.44950008,0,0,1.514635303,1
97.59557463,3,0,0,18,0,8.366876473,0,100,0,0,,0
148.6277225,2,1,1,47.27219128,12,17.29712441,1,76.2012961,1,0,6.332269209,0
119.534796,2,0,,18.39909363,4,8.9351658,1,92.17472915,0,0,6.382519106,0
57.1958087,3,0,3,29.11491833,4,18.85993915,2,63.89278668,0,0,0.534825747,1
138.4515828,1,0,0,25.39786879,9,25.64155512,2,67.5879453,0,0,3.819259969,0
153.1970494,3,1,4,19.54548132,4,24.22254739,2,53.84458592,0,0,7.13495602,0
136.4531823,2,0,1,29.62331942,3,,1,53.7547602,0,0,3.605171583,0
98.38596945,2,0,2,40.8945742,11,60.37058509,0,45.84809583,0,1,3.443975703,0
80.00504689,,0,2,44.97390691,9,3.85106503,0,80.96503164,1,0,,0
60.53307471,3,0,4,20.56431062,6,8.836803618,1,90.44842509,0,0,4.622302193,1
45.39181836,2,0,1,38.90119028,10,68.73434123,1,65.56130312,0,0,,0
118.0708659,2,0,1,19.60890261,4,,1,,0,0,5.517554251,1
152.4504613,2,0,3,40.5507027,4,3.791343007,1,59.62135415,1,1,,0
102.9492111,2,0,2,37.59961605,15,17.35139016,0,60.83168376,0,,3.384915611,0
45.70874356,1,0,1,18,2,60.30501394,0,65.96586888,1,0,7.969653681,0
87.18296608,3,0,4,18.12584667,3,25.21145164,0,81.13395393,0,0,6.047691613,0
187.6135222,1,0,2,37.76842552,4,2.853220605,2,73.11555262,0,0,4.820921498,0
,3,0,2,50.94136127,0,50.1777176,0,84.31055009,0,1,6.179428728,1
95.86424881,2,0,3,18,0,0.530981591,0,50.70294512,0,0,6.503873699,0
,3,0,6,41.12506068,5,42.00962734,0,94.55733113,0,0,5.266118115,0
72.0849123,3,0,1,67.9760415,,35.99940871,0,61.6162345,0,0,4.063692088,0
109.5458262,1,0,2,34.62969126,0,,0,88.77863853,0,0,3.55094742,0
130.7967803,2,0,2,,4,,1,100,0,1,7.001681575,0
6.673169146,2,0,5,26.37378612,7,2.84381025,0,66.54972411,0,1,7.316076095,0
70.55665866,2,0,3,18,10,27.19062333,0,72.6161709,0,1,5.159786023,1
1.773198095,1,0,3,21.5435386,0,130.9971251,2,91.94140165,0,0,3.061115919,0
112.8800429,2,0,2,33.81810279,2,54.0542107,1,90.32652519,0,0,3.243983879,0
4.061439235,2,1,,,1,121.2850013,2,,0,0,6.598344536,0
77.44205708,2,1,1,18,4,13.15075926,1,80.97866595,0,0,9.115068486,0
199.5685209,1,0,1,41.61894825,4,34.73977702,1,66.42219494,0,1,0.653291653,0
122.1501065,2,0,3,18,13,27.15520312,0,48.63932892,0,1,6.828209979,0
100.3531579,1,0,3,22.77526264,0,11.10573653,,76.83355354,0,0,6.76720288,0
94.27202863,3,,3,,7,3.801591369,0,79.72602622,0,1,3.539220618,0
6.512915015,2,0,6,22.71597724,1,14.24653503,0,79.87671616,0,0,9.118865168,1
58.38222134,2,0,2,25.90423515,3,10.89392388,1,81.12850706,0,1,2.375824223,1
110.1140204,3,0,2,,,10.91949844,0,99.03414809,0,1,7.815547204,0
86.12278718,,1,5,30.78025294,4,1.774395327,1,50.9674492,0,1,6.794529409,0
108.5734659,3,0,2,40.59700087,0,,0,100,0,0,5.841551001,0
204.1330161,2,0,2,53.56939335,4,8.65283719,0,92.13951671,0,0,3.087763516,0
123.7682805,2,0,1,41.26286327,3,22.18704816,0,100,0,0,,0
179.9323585,2,0,4,43.17693256,2,0.964252082,0,83.2996002,0,0,6.022286566,0
113.8300383,1,0,3,41.16322013,14,72.25585213,2,,0,1,3.579487213,0
90.13307898,3,1,5,33.03024378,1,5.370825351,2,51.43745781,0,1,5.732029218,0
156.4119892,2,0,2,37.3425955,5,21.73868422,0,74.36298204,0,0,2.514749336,0
131.7709015,,0,2,18,2,25.37014949,1,75.95745445,0,0,6.680000211,0
141.4866209,2,0,1,28.86054316,2,47.08360823,0,,0,0,7.622447549,0
4.609622106,2,0,2,48.35940764,5,133.8326035,0,,0,0,2.926688924,0
80.8014364,3,0,2,33.09805829,3,22.7075963,0,,0,0,5.486841003,0
40.2058469,3,1,2,18.81393961,,101.697631,1,88.56001204,0,1,3.881422382,0
145.3981157,2,0,2,27.47535382,0,10.27544936,1,63.19367943,0,0,6.465748839,0
47.17211786,2,1,1,40.80703325,9,63.07779136,1,90.47636717,0,1,8.783862454,0
72.62962386,3,0,6,27.09141755,7,30.95372312,0,96.45514667,0,0,4.709913149,1
66.06784694,1,0,4,18,5,51.06717565,0,91.64345377,1,0,5.421372388,0
189.238752,2,0,1,75.26640174,8,9.624009757,0,96.84372304,,1,4.039698787,0
108.7288906,2,0,4,46.59187086,3,1.753461532,0,58.87055511,0,0,5.388010662,0
85.41531251,3,0,3,21.51819171,3,37.50917503,0,72.3372419,0,0,5.773995164,0
10.34467737,2,0,4,18,2,72.32229507,2,95.65882236,0,1,6.175990787,0
119.4489365,2,0,4,26.18093777,0,12.07440575,1,100,0,0,,0
180.939382,1,0,3,29.29020242,2,52.06535359,1,95.73996155,0,0,4.255975131,0
129.8614109,3,0,0,36.79714214,,7.013561863,0,,0,1,4.670752266,0
93.84317823,3,0,5,44.28099406,1,8.585977099,1,,0,0,4.313565441,0
32.41576972,3,1,5,76.70039335,3,,0,93.00840903,0,,7.265456378,0
13.43993483,3,0,5,37.82083568,0,29.49616454,0,89.96546724,0,0,6.710128386,0
109.0933128,2,0,5,44.02115592,1,13.93872498,1,77.14266635,0,0,6.591641047,0
40.62007905,1,0,4,,14,19.47027876,0,68.94647939,0,1,4.508084065,0
142.4215441,3,0,3,26.06307334,1,36.97865765,0,56.60583955,0,0,2.852722444,0
33.99887444,1,0,5,45.25778572,2,,0,74.76484732,0,0,3.156593834,0
1,2,0,2,18,11,5.090639709,0,58.94908618,0,0,5.696909288,0
123.9501572,,0,,37.00005063,2,3.225854979,1,86.10743005,1,0,7.355841433,0
118.5572937,2,0,5,,6,48.69069694,0,76.67435986,0,0,,0
61.79066067,1,0,2,39.47858778,2,25.73945283,0,95.92057359,0,0,5.375789557,0
102.2179399,2,0,2,39.54096931,3,4.674186596,,51.52557741,1,1,4.005380693,0
137.2502656,2,0,0,24.27247604,7,103.9158965,,90.81195538,0,1,5.374387536,0
163.4291618,2,0,4,23.86252776,3,25.48916553,1,81.40304816,0,1,2.228746259,0
41.1119271,3,0,6,,10,32.75851522,1,74.76817389,0,1,3.909264424,0
50.93370317,3,0,1,44.63163811,2,3.913297294,0,100,0,1,5.500794908,0
80.34548996,1,0,0,61.50797095,2,8.833502236,0,100,0,1,8.273468559,0
,2,0,2,58.26857955,6,14.38779556,,,0,1,5.875109038,0
81.5194832,2,0,0,18,12,20.26972914,0,58.72334499,0,1,3.046289269,0
107.8987156,2,0,3,22.21621093,8,37.35828405,0,72.49332251,0,1,,0
94.65142651,2,0,4,38.9081535,2,21.5824158,1,59.19824372,1,0,2.324578693,0
,2,0,3,36.62167962,8,51.26325384,,100,0,0,,0
68.41742377,2,0,3,38.54393501,13,,1,98.31499389,0,1,6.780419148,0
100.6725182,2,0,0,46.72438591,0,15.83787319,0,80.05908715,0,1,4.292926842,0
98.21792589,2,0,2,42.37602178,5,17.02605764,2,100,1,0,7.182207964,0
101.269421,2,1,2,42.55807431,10,1.719580927,0,76.63992981,0,1,5.733949668,0
90.33478868,3,0,1,42.03973017,9,21.1461677,,63.30130762,0,0,7.259275043,0
123.9913518,2,1,2,,6,17.95295636,0,60.73896281,0,1,6.503284656,0
178.6509863,1,,1,,7,48.33045303,0,86.80447341,0,1,4.14371945,1
126.7408668,2,0,3,38.96162855,2,3.839515684,0,,0,1,3.131477419,0
56.4403485,,0,1,22.67332155,24,15.0924572,0,59.62048022,0,0,5.14531543,0
40.95935923,3,0,3,,0,102.6915147,0,78.12872419,0,0,,0
104.8538775,1,0,2,21.13583745,7,66.88444712,0,41.20551205,0,0,0.248963916,0
199.5776651,2,0,1,44.66907773,1,73.25600224,1,100,0,0,4.246911491,0
150.2962256,,0,3,18,6,,0,77.10938666,1,1,,0
43.49106353,2,0,3,,3,11.49652498,0,80.42143684,0,1,8.889416627,0
69.97882171,2,1,7,31.03586596,3,3.338291457,1,80.48368051,0,0,5.91135604,1
,2,1,4,41.64489059,1,4.63500332,0,90.5505999,0,0,2.504014799,0
179.6593313,2,0,7,18,9,12.75947732,0,64.41544671,0,0,3.993748897,0
67.74401227,1,0,6,33.33828422,3,15.62539683,0,51.92023124,0,0,3.771182079,0
155.435179,3,0,2,20.78097066,0,1.924331548,0,54.29374261,0,0,4.685148125,0
65.77541347,1,0,0,,9,64.76438234,1,73.77262539,0,0,7.731207677,0
87.13499997,3,0,3,57.03780222,3,26.68369688,1,51.42200377,0,1,7.104957833,0
70.54439336,2,1,3,47.01503306,0,,0,,0,0,,0
87.31619612,3,0,4,56.86964173,2,,2,89.22277846,0,1,6.919613184,0
149.8059107,2,0,4,18.74435146,8,26.50527747,1,82.07156235,0,0,6.559239087,0
52.55417396,2,1,4,41.50683907,2,41.18417484,2,92.8091419,0,1,8.02768517,0
65.40459651,3,0,1,32.16175664,8,7.122076876,,61.6409615,,,,0
111.1893976,2,0,1,41.22584209,5,27.01606587,1,75.55199309,0,0,5.390920634,1
90.65519209,3,,0,48.42614395,6,37.91888163,0,71.23349053,1,0,1.753002325,0
162.767489,1,0,4,34.31891501,5,64.03775445,0,92.41781513,0,0,3.386186272,0
69.66498526,3,0,4,38.6043402,0,6.577888135,0,80.96812422,0,0,5.180096676,0
,1,1,2,48.42531613,0,5.765513552,2,100,1,0,,0
163.9432907,3,0,1,18,6,55.79899987,1,72.00812922,0,1,1.757690175,0
106.2943265,3,0,2,,0,76.04027861,0,70.00403474,0,0,2.806195008,0
133.4836274,2,0,5,,2,18.28355735,0,94.25346659,0,1,,0
,2,0,1,18,2,21.81162107,0,79.0752231,0,0,7.955741717,0
76.39547112,3,0,4,18,,,1,59.14076681,0,,6.181905664,1
108.6670832,2,0,3,35.2671459,15,74.65862658,0,51.55941518,0,0,7.382012984,0
121.920635,2,0,1,52.68608017,5,31.32953032,2,87.07305512,,0,5.436526476,0
,2,0,7,49.72615012,1,54.15785513,0,60.96293165,0,0,3.255290796,0
,1,0,1,27.8857579,,45.26018679,0,72.50033828,1,1,8.802517813,0
98.39762529,3,0,4,35.94323178,9,38.66194847,0,100,0,0,6.384282391,1
85.00809019,1,0,5,19.99091738,4,46.79052765,0,71.78223423,0,0,6.593533167,0
90.09021618,2,0,8,29.7782212,3,39.58161166,0,88.17149832,0,0,6.461431635,0
98.2724688,3,0,1,,,15.65446113,0,62.89501412,0,1,5.681838195,0
39.8925237,1,0,3,18,,6.52934468,2,56.33650986,0,1,8.362070574,0
255.6455101,3,0,4,35.87555782,10,23.73850674,0,35.81866898,0,0,,0
58.89619941,2,0,2,30.19578107,4,6.305887183,0,70.31579579,0,0,5.330165384,0
100.62962,,0,3,18,0,14.22912184,1,64.38317336,1,0,8.288725006,1
166.6942873,3,0,1,,0,8.045370251,0,43.43705836,1,1,2.709726174,0
89.56658144,1,0,5,31.38218348,6,3.005300296,0,96.33387038,0,1,2.63015112,0
,3,0,2,33.5353953,0,78.97936683,2,63.84057012,0,0,,0
145.5107892,2,0,3,42.36657745,2,2.607097162,0,,0,0,5.590997622,0
121.4158346,1,0,3,38.67090101,,11.60801998,0,96.23903327,0,0,,1
48.44873624,2,0,1,26.05704047,0,47.18057936,1,70.06296769,0,0,6.15156722,0
57.01932431,2,0,4,41.90274472,3,48.50264921,1,85.10915883,0,0,6.693425754,0
6.673002432,2,0,2,30.19733117,5,1.40558937,1,62.57597825,0,0,3.332667811,0
142.2578986,2,0,2,45.62577389,22,27.04354423,1,81.96248172,1,0,,0
100.6249661,1,0,3,23.69318518,0,99.76357783,0,66.59204145,0,0,7.929882862,0
76.43421394,3,0,3,42.49971601,5,35.17486408,0,67.75172941,0,0,3.103985602,0
11.03005347,2,0,3,47.81071004,4,15.52087999,1,80.48718744,0,0,3.412574654,0
155.9622459,2,0,,30.66853179,,17.10792495,0,86.83618651,0,1,7.337404475,0
1,2,1,6,37.54946423,1,25.4249934,2,73.19671675,0,0,,0
164.4037862,2,0,3,48.09745562,1,32.21568065,0,97.32482294,0,0,2.81389323,1
,2,0,2,41.70496063,1,6.362590157,0,67.36060958,0,0,6.664714228,0
50.87563032,2,0,3,23.50234861,13,13.95308614,1,72.37649476,0,0,8.488570465,0
110.7356592,3,,4,,20,51.67240451,2,54.26647857,0,0,4.307801178,1
27.4412155,2,0,3,21.71990426,0,25.84512204,2,54.82533929,0,0,6.250493628,0
,2,0,3,18,0,148.5547373,1,52.7433726,0,0,1.467576439,0
137.839434,3,0,1,,8,20.55800946,0,56.69402605,0,1,1.460969557,0
109.4237881,,0,1,33.35516144,12,5.371705644,0,81.29719178,0,0,4.303805851,0
104.6027569,2,0,1,61.73618487,2,103.3456396,0,89.15043995,0,0,8.726819101,0
117.3224105,1,0,5,18,0,6.761585469,,75.41278303,0,0,5.36005472,0
1,3,0,3,38.69651268,2,7.015756284,0,68.05989632,0,1,5.468032325,0
132.359797,,0,0,43.33992447,2,26.89338931,2,92.97388234,0,0,7.918090198,0
69.71425385,3,0,4,35.53357742,,71.64189662,1,80.23014626,0,0,7.526374016,0
113.9510763,2,0,3,30.92865933,5,33.44724892,2,,0,0,0.771458847,0
55.07660091,2,0,1,57.5855054,0,0.371695562,1,79.03668904,0,1,4.663448741,0
4.766265327,3,0,3,,0,3.611852995,0,67.0227407,0,0,7.2633821,0
144.3645419,2,0,,37.90336856,12,20.91149748,2,75.54293662,0,1,5.326129976,0
112.0102922,2,1,2,48.86558926,7,0.021823468,1,50.58846563,0,1,4.575146324,0
58.45249418,2,0,1,18,,,0,90.85274227,0,0,4.696783061,0
127.6694492,3,0,2,43.84852819,15,15.36245484,1,84.37134144,0,0,4.956229217,0
92.92351813,3,0,6,45.16107431,4,22.57646768,0,71.68455276,0,0,2.324248474,0
129.7745449,3,0,1,18,7,55.84256353,1,94.18475043,0,0,5.178189345,0
43.46923325,1,1,2,,18,62.53246015,2,60.44094698,0,0,4.701074565,0
98.03463562,,0,6,18,0,14.66446952,0,62.88900127,0,0,5.341380636,0
146.8738746,2,1,3,49.6642297,0,13.08039693,,56.4626983,0,0,4.798380669,0
69.42410985,2,0,2,62.69769274,4,20.86315624,0,71.85029499,0,0,,0
150.3756845,2,0,3,29.14704043,2,37.51252947,2,53.6389545,0,,,0
90.4776907,2,0,0,30.80577825,0,15.8089403,0,87.78731397,0,0,,0
53.56039593,1,0,6,27.13171976,1,23.13509009,0,72.24187749,0,1,6.185653027,0
,2,0,2,53.79174312,1,17.7229107,0,60.85520092,0,0,6.026274887,0
21.84045957,2,0,0,44.2237953,6,6.045672813,2,79.67472101,0,0,1.705110453,1
,2,1,3,53.4050386,3,21.402363,1,,0,1,6.011600195,0
,3,1,5,39.70638188,7,3.89003868,1,33.42079065,0,0,4.616613226,0
117.4825024,2,0,2,21.88343715,11,28.80212507,2,78.10396259,0,0,1.479523128,0
218.1936247,3,0,2,,5,12.10734487,2,100,1,1,4.628534851,0
143.1111756,2,0,1,47.54922345,1,31.20545247,0,75.01900746,0,,3.688328152,0
130.4763023,3,0,2,41.41925386,1,14.73133921,0,78.47472759,0,1,6.266100532,0
83.23779591,1,0,2,43.32235247,8,,0,83.71617401,0,1,6.140241392,0
,2,0,,45.89478439,2,24.86293196,1,71.88800119,0,0,2.412155248,1
88.86396496,2,0,3,18,7,29.7732545,,100,0,0,5.568253338,0
1,2,,7,18,1,31.08186032,2,86.62329336,0,0,4.847297798,0
190.0470216,2,0,4,18,18,11.67614752,1,90.79167924,0,0,5.296159305,0
131.6830512,3,0,4,,0,12.18916681,2,97.77864033,1,0,7.000870608,0
137.0412173,3,0,5,38.38847648,6,18.95396528,2,69.35441404,0,1,4.52004239,0
103.1824531,2,,2,34.60111215,,4.512998422,1,35.85643137,0,0,6.056611653,0
88.29900704,3,0,2,34.8471545,3,52.68525201,0,79.31941715,0,0,9.51902747,0
59.51375821,3,0,2,30.68097513,0,53.76507472,,51.80706569,0,0,8.465532918,0
,3,0,2,56.31871289,12,54.96240479,1,92.7685706,0,0,1.588667284,0
,2,0,5,18,0,14.0621599,0,84.61072657,0,1,3.518764975,0
82.66142116,2,0,,18,2,6.868712552,2,58.8509991,0,0,3.014483281,0
119.2985046,2,0,6,42.01941462,6,75.76840877,0,56.50289643,0,0,6.581614907,0
122.343625,2,0,3,24.6278723,0,5.491758777,1,100,0,0,5.072305898,0
109.7303728,2,0,5,45.87369021,7,52.87849669,0,90.61608102,0,1,4.841679307,0
111.5722961,2,0,1,40.53130988,3,4.931679481,,100,0,0,4.344278402,0
145.8930974,2,0,2,20.29322671,1,46.69083197,0,67.68659725,0,0,7.689393462,0
187.4788372,2,0,4,42.55359247,3,15.66940989,1,68.85740583,0,0,,1
,1,0,3,43.22334856,1,2.977426006,0,,0,1,,0
51.49378698,2,0,,29.44525613,0,52.30560078,0,84.87807856,0,0,3.13520442,0
5.842489597,2,0,2,27.82673197,6,94.38706351,0,91.41944699,0,1,4.849812706,0
36.73707955,2,0,2,,5,15.27850572,0,100,0,1,,0
91.89380123,3,0,3,18,9,15.12178184,2,65.20766749,0,0,,0
96.79308267,3,0,2,27.369568,4,35.82503274,2,44.61724356,0,1,2.833714833,0
158.9862604,3,0,4,28.35328684,0,18.74052859,1,51.55056415,0,0,7.794781663,0
174.8355204,3,0,0,22.56420741,1,45.68478071,0,73.92331318,0,0,5.301082523,0
145.1967421,3,0,3,34.31181484,,16.04998952,1,100,0,0,4.683865081,0
197.0608718,2,0,2,23.43635458,3,12.53899518,2,,0,0,5.594388977,0
88.27960998,2,0,6,30.72869931,3,21.48154335,0,67.07866156,0,0,6.5057963,0
84.53938121,3,0,5,66.70745432,4,13.92986055,2,90.85661218,0,0,5.501227808,0
108.9790891,2,0,5,26.15519315,3,1.799809811,2,95.03292557,0,1,4.310557962,0
96.4750611,2,0,2,,11,12.69223203,0,82.1212412,0,0,5.731479998,0
100.6500946,3,0,3,41.32988122,8,37.02468371,0,63.93202915,0,0,2.878218652,0
75.11637383,,0,3,20.3233422,,12.58242628,0,70.9334858,0,0,,0
143.3593706,3,0,5,44.4852256,5,44.722516,1,54.37912987,0,0,,0
,2,1,1,56.16596996,0,32.60412039,1,,0,0,6.344579646,0
50.09526861,1,0,3,,0,,2,55.09383328,0,1,5.957607108,1
35.02093815,2,0,1,35.8083291,8,3.747398585,2,76.01849335,1,1,1.060686349,0
70.53176215,3,0,4,31.51410448,5,54.78187753,1,100,0,0,5.309096195,0
92.49722065,3,0,6,18,7,11.82498233,2,71.02825089,1,0,3.921955092,0
50.09696863,2,0,3,46.14592615,0,37.22686045,0,78.34561788,0,0,4.55020262,0
76.06207142,3,0,4,33.86636444,6,34.02449106,0,47.58852919,0,0,4.611086814,0
124.1236208,3,0,2,,6,13.24640826,2,100,0,0,6.500359903,0
137.9464295,1,0,4,,0,23.3464335,2,77.32719724,0,0,4.626463534,0
116.3939762,2,0,3,58.71706987,3,19.84949054,1,95.91492353,0,0,,0
141.3618054,3,0,2,46.97968413,4,13.23250036,1,68.44860313,0,0,,0
90.48795778,2,0,1,21.92369303,6,13.12801265,0,46.60259985,0,0,7.677166495,0
75.41819072,1,0,5,74.04401063,1,41.38201831,1,,0,1,8.099874577,1
91.12540581,1,1,5,21.25798124,0,138.5288515,1,72.60745245,0,0,6.829578692,0
91.71842948,3,0,6,19.35279677,3,81.32216027,0,37.73028077,0,0,3.776219051,0
151.5141727,2,0,1,44.29181736,1,35.49490038,0,51.14769275,1,1,3.732918343,0
1,2,0,2,20.13971818,0,9.561485481,2,100,0,1,3.778608136,0
64.76357822,2,,4,53.01910452,1,5.120006407,,75.64821008,0,0,,0
105.2100552,3,0,2,,7,,1,68.48108156,0,0,4.810352233,0
172.5500719,3,0,6,42.69393373,5,19.14764738,0,88.17145855,1,0,,1
,2,0,4,43.53596111,1,12.33224273,0,30.52041423,0,1,,0
98.88498581,2,0,3,36.71951922,1,18.21540346,2,89.15900824,0,1,8.555813336,0
57.5967201,3,1,3,53.38389909,2,11.04683008,0,73.10606551,0,0,5.128423801,0
73.42727243,1,,5,18,1,13.87799102,0,79.56231771,0,0,,0
105.1242321,2,0,0,18,0,,1,61.54319888,0,0,5.903577909,0
50.35669995,2,0,2,65.54943631,6,20.33854808,2,60.39556856,0,0,5.620437038,0
166.4083027,3,1,2,24.95027092,2,86.71833518,2,,0,1,2.39685585,1
42.3253787,1,0,5,34.98801336,0,65.31368291,2,,0,1,2.561831677,1
114.763997,2,0,3,45.39928775,12,34.65640844,0,87.98949997,1,0,4.390409398,0
111.7012227,2,0,2,20.17913647,0,,,100,0,,1.547230216,0
43.72554764,2,0,3,41.96261325,10,21.43676405,0,62.09443117,0,0,4.635952968,0
124.1124476,1,0,2,,0,25.154145,1,,0,0,1.09900898,0
138.4103608,3,0,0,64.98783322,,16.95496548,1,49.05192399,0,1,5.780205135,0
68.71613563,3,0,2,54.17217203,0,0.883769434,0,100,0,1,8.315675202,0
224.2594958,3,0,4,,3,41.71891026,1,84.4607403,1,0,5.747987554,0
115.3703349,2,0,5,36.39326825,0,31.09197639,0,78.51699647,0,0,2.820720696,0
69.04385259,2,0,0,48.27251009,0,15.73092521,2,73.58699235,0,0,7.515237819,1
71.89159867,2,0,4,42.08007724,1,39.79720367,2,100,0,0,5.348068027,0
109.4790808,2,0,4,56.20674965,0,16.17635651,1,84.84265632,1,0,5.37515349,0
59.47356851,2,0,3,44.72918344,,28.38758213,1,79.62615071,1,0,5.915481684,0
75.64373081,1,1,3,18,6,,2,100,0,0,6.053994289,1
62.57567317,2,0,2,34.36585698,3,34.91375526,1,66.58984922,0,0,-0.220703156,1
109.6298459,3,0,4,30.32689462,7,5.477302291,0,70.67112214,,0,5.782316915,0
158.1581876,3,0,2,18,,2.868652482,2,21.6572821,0,0,6.409062901,0
185.5514405,,0,4,61.33169928,22,29.33257987,2,69.46426713,0,0,6.633755411,0
133.6286851,2,0,2,28.86751111,1,0.089416578,0,71.64742951,0,0,6.364092699,0
55.53795859,2,0,5,,0,11.42923609,2,100,0,0,3.837967728,0
110.890117,3,0,5,23.83836851,,19.03248866,0,70.9872614,0,1,4.542228636,0
57.57856829,3,0,2,31.98556624,3,32.02162931,2,74.89012256,0,0,,0
97.0172844,1,1,0,52.91834479,3,15.66928358,1,67.83355945,1,0,4.419998298,1
112.1567328,1,0,4,41.86046948,3,34.31825302,0,45.27351997,1,0,3.575220197,0
54.12485895,1,0,3,18,1,13.65174441,2,35.60901174,0,0,4.275623242,0
194.3092951,3,0,1,75.65738666,1,15.55245647,0,65.49392801,0,0,1.65904087,1
147.4777068,3,0,1,18,13,1.816381826,1,100,0,1,7.057334326,0
68.53939252,2,,1,59.60127437,4,,0,37.14882512,0,0,3.175094186,1
75.2060914,2,0,2,47.1556362,1,,0,100,0,0,,0
148.6028483,3,0,3,54.23629404,0,8.251565925,0,80.71985671,0,0,6.144211775,0
103.7788186,,0,4,46.30655743,4,1.61676909,0,,0,0,6.73932102,1
61.36702774,2,1,3,,7,23.75855471,0,75.55874363,0,0,,0
37.42302879,3,0,2,27.95420142,3,3.280790395,0,51.12504976,0,0,4.735382239,0
45.39292033,2,0,1,,,,2,,0,0,8.665608596,0
34.03764027,2,0,4,27.74170619,13,,0,55.10833099,0,0,7.55198298,0
73.63054692,2,0,9,38.94415453,4,1.297171814,2,84.36994104,1,1,4.540492612,0
91.49076887,2,0,3,26.2775893,3,0.188915409,0,78.29180685,0,0,3.778895643,0
47.51722505,1,0,3,30.91385931,11,3.996120433,2,68.87259069,0,1,4.704981675,0
155.8340638,2,0,3,41.28339303,2,3.338944942,1,53.77258491,0,0,4.837796545,0
124.3092396,2,0,6,38.79265658,5,6.844599227,0,58.79232277,0,0,6.647378229,0
160.0039478,2,0,4,43.01334959,3,,2,44.25583491,0,1,6.511712909,0
74.33932168,2,0,5,,4,9.231737891,0,64.16009504,0,1,5.665034663,0
159.3515153,1,1,1,,0,3.975588247,,100,0,1,4.105434059,1
150.0912427,2,0,1,45.91682048,6,7.677296653,2,55.62230424,0,0,5.076846498,0
73.82120058,3,0,2,34.77938978,2,48.87550883,0,44.11825842,1,0,4.082945862,0
53.0268379,2,0,3,29.98205851,9,11.99767346,1,,0,1,4.854304849,0
186.3771585,1,1,0,42.09390705,0,93.08901796,0,82.86916053,0,0,7.882416883,0
137.0911147,2,1,4,36.77440332,8,71.35436757,0,50.53874118,0,0,5.932740033,0
160.9240107,3,0,3,,15,,1,85.61664247,0,0,,0
1,3,0,4,,2,,0,60.25340005,0,1,6.843518918,1
202.1034826,2,0,3,48.93655413,4,22.10141935,0,74.89602763,0,1,5.993964209,0
130.8502975,3,0,1,,6,32.8163566,0,74.87701649,0,0,5.828855404,0
177.5575988,2,0,4,49.80622499,6,16.14632337,1,70.7461303,0,1,2.656410844,0
80.50381467,3,0,3,34.61012679,1,28.34365378,1,54.98334169,0,0,3.517707479,0
77.26026413,3,0,5,44.18841026,4,35.87506404,2,69.72353847,0,1,,0
146.2836105,3,0,4,48.71769647,,37.87986998,0,,0,0,3.411191374,0
109.9711993,3,0,4,43.10376324,8,19.78612804,0,51.36728762,0,0,8.874505511,0
160.0606961,3,0,5,41.4096193,4,0.067908195,1,89.75548029,0,1,,1
253.9440404,1,0,4,25.83871052,2,,0,67.38606431,0,0,3.767255587,0
187.3681599,3,0,2,47.61942476,6,45.48677437,0,100,0,0,5.285706384,0
151.4384496,3,0,3,20.95776655,7,44.74740797,1,,0,0,4.656115872,0
127.1649015,3,0,2,40.74642543,0,,0,70.85093366,0,0,,0
90.73561706,1,0,3,,5,24.93987369,1,100,0,1,5.962650726,0
19.62583827,1,0,5,21.0064455,1,15.07067011,0,84.40910805,1,1,6.175309874,0
,2,0,4,24.89487369,7,,2,72.22198959,0,0,7.628365069,0
123.1241812,2,0,3,37.95946955,2,12.18930651,1,46.78666614,0,0,4.274615081,1
101.1232946,2,0,2,32.43093909,4,27.53628846,2,100,0,0,,0
154.8650094,2,0,1,24.88445556,3,4.867596833,0,62.5700749,0,0,6.866331553,1
105.2177969,3,0,4,30.1621782,4,29.42100673,0,69.46954854,1,0,7.431758798,0
166.2898324,3,0,4,33.05690388,17,1.066323302,0,100,0,0,5.348431947,0
88.17223564,3,0,,24.16562353,,38.05980999,0,65.0386133,0,0,,1
193.8397906,2,0,1,39.77855784,9,2.604803878,2,69.34029579,1,0,4.853881497,0
5.319266652,1,0,2,49.57460168,8,6.823455977,1,98.01492664,0,0,6.468963886,0
20.35031332,3,0,2,18,0,47.16351566,2,88.38733056,0,1,7.074074535,0
139.8350964,3,0,0,40.99566351,0,54.1952801,,51.36744448,0,1,,0
17.84055944,3,0,4,24.18321805,0,33.1701168,,100,0,0,2.08158783,0
175.5577465,3,0,7,54.4516145,2,33.30361942,0,91.20950006,0,0,2.585766328,0
58.0553663,1,0,2,51.00269693,4,8.823619026,0,90.05553767,1,0,1.763907746,0
93.12757427,3,0,2,,5,11.68718633,2,74.07605876,0,0,6.292366079,0
90.4830661,3,0,0,,,53.12649956,2,100,0,0,,0
69.13734067,3,0,2,20.57134439,0,19.20202527,2,58.81776041,0,0,2.861141348,0
158.1419289,3,0,2,18,2,16.21608993,0,82.00888633,0,0,4.328385321,1
57.45579555,3,0,3,18.65311825,,18.27356972,1,57.88261095,0,1,3.06619836,1
1,2,0,2,18,12,9.811358235,0,62.50523809,0,0,5.816636134,0
,2,0,3,41.60208748,1,2.03725763,0,78.72450298,0,0,,0
23.37408616,3,1,2,29.14475326,2,34.37288336,0,58.18317072,0,0,,0
14.49158037,3,0,3,31.87816933,1,41.67977291,0,56.58537772,0,0,3.643731396,0
113.8290753,1,1,2,64.20508272,1,,0,88.07772138,0,0,7.884789593,0
121.8161835,2,0,3,40.24226911,1,2.771559123,0,72.52790476,0,0,3.957100222,0
149.8632784,1,0,4,32.2622256,0,,0,65.86728409,0,0,3.295688781,0
,1,0,5,22.66064353,2,47.52112371,0,89.89796142,0,0,,0
84.89097065,3,0,,41.07337339,6,,1,79.9588268,0,0,2.619385353,0
203.0751788,3,0,4,36.10427135,1,8.563526172,0,,0,0,-0.439408721,0
224.8707563,2,0,6,37.95170275,10,14.14083671,2,50.58953085,0,0,6.448060293,0
161.0516848,3,0,6,55.47921684,3,44.38723086,1,93.07757208,,1,5.977142017,0
179.0270343,2,0,3,47.64721974,10,2.159602388,,53.61819308,0,0,5.148885375,0
167.5536446,3,0,2,32.80854441,2,3.687333101,0,,0,0,,0
83.68831478,,1,5,39.129715,,7.207125189,0,55.27803193,0,1,6.270660296,0
112.2519332,1,0,3,41.37631328,0,4.713763499,2,50.56027417,0,0,3.446315322,0
134.8951636,1,0,2,65.89092484,2,11.1557768,1,37.26174646,0,1,7.184876718,0
141.4661886,2,1,2,37.36105573,8,74.18222685,0,67.55704751,0,0,2.566955124,0
125.2510544,3,0,,,9,21.1477736,1,98.96105428,0,0,,0
138.5700897,2,1,7,29.85447042,1,4.159046873,0,83.15614893,0,0,6.296420111,0
204.2356461,2,0,2,28.05305204,3,48.69556024,0,,0,0,6.845323439,0
112.8775195,3,0,3,,1,21.67818727,0,100,0,0,3.661225834,0
125.56013,3,0,,34.91774543,,8.827048976,0,66.63598751,0,0,4.973423872,0
161.0647473,2,0,2,31.81949099,14,8.668054767,0,100,0,0,2.757407067,0
9.900978121,,0,3,,0,12.02911738,2,66.90857424,0,1,6.136126787,0
155.9843889,2,,3,40.32382248,,11.44583953,1,100,1,0,,0
91.48708766,2,0,4,49.0276482,1,23.60071133,2,75.40870124,0,0,3.295800035,0
129.30829,2,0,5,43.85070245,0,2.616019331,2,100,1,0,,0
109.7368097,3,0,4,40.4596998,3,9.336703274,2,70.90616547,0,,3.429573438,0
58.72514016,2,0,5,22.48357298,5,128.6046978,2,86.70207415,0,0,,0
58.82325147,2,0,2,34.46030017,2,,1,43.30240176,1,0,5.213119273,0
131.3306819,3,0,1,39.71537563,0,27.09407124,2,60.15427409,0,0,2.226658518,0
74.79100845,3,0,3,50.13845877,5,2.760342007,0,34.894864,0,,7.454036828,0
84.57586058,3,0,3,18,1,,1,90.78666729,0,1,3.74525386,0
108.5432719,3,0,4,54.43274106,1,10.25556573,0,42.31036598,0,0,5.212711743,0
64.84117874,3,0,7,44.25429778,7,5.8137436,1,78.83085962,0,0,5.555398937,0
165.5846725,1,0,4,39.86436134,14,2.567307028,0,91.23221387,0,1,4.346569911,0
139.6587844,2,0,2,33.04499062,6,19.35168527,1,72.86157184,0,0,5.836825962,0
70.42143056,2,0,1,40.22487438,1,,2,48.57893047,0,1,6.827118083,0
117.4961858,1,0,6,18,,7.791382645,0,,0,0,5.264495278,0
96.00457737,3,0,3,42.66450165,2,57.07727594,2,55.96915847,0,0,4.29672039,0
84.60957644,2,0,3,44.06740484,6,3.547004646,0,66.19313048,,0,2.899677112,0
101.6198107,3,1,2,18,0,27.89447105,1,65.99458757,0,1,,0
,2,0,2,,10,50.37468856,0,57.7369977,0,0,,0
106.9514343,3,0,3,43.26477406,2,0.789212384,0,84.30633704,,0,6.861807777,0
105.751304,2,1,2,21.42217091,,8.591858765,0,100,0,0,5.932662199,1
141.5095906,2,0,1,47.73883459,3,1.138726185,0,35.70501957,,0,5.203539421,0
90.21507344,1,0,5,,0,1.187154651,0,46.74038236,0,0,2.726551202,0
,2,1,0,39.22007828,18,82.9874691,1,64.57958766,0,1,,0
84.81369856,3,0,2,,1,16.58451463,2,100,0,1,6.425064612,0
185.3664905,2,1,1,34.27691169,1,27.55391343,2,79.43120643,0,0,5.272856811,0
176.9018283,3,0,2,49.74981491,0,3.475943902,2,84.83759378,0,0,3.632624463,0
30.94776984,3,0,2,35.45559284,7,38.23193536,0,84.89808965,0,0,6.564657425,0
40.9009002,1,0,4,46.61702283,2,10.78068815,0,66.20735521,0,1,8.326734961,0
127.9163456,3,0,1,57.36067485,3,6.002149821,0,79.31362919,0,0,6.071734432,0
50.03488839,1,0,3,66.73663257,11,25.85205957,0,78.37043453,0,0,4.90627578,1
,3,0,1,18,9,39.83979197,1,77.42359702,0,0,4.289800673,0
114.5448529,2,0,2,19.03335798,2,13.90058565,0,100,0,0,5.541259987,0
160.9097356,2,0,1,49.78197068,17,27.95509306,0,96.391929,0,1,4.193156352,0
105.7912294,2,0,4,27.7489023,2,0.850531235,1,74.20690502,0,0,,0
1,3,0,4,36.35731995,4,1.288619987,1,67.98381948,0,1,6.038371089,0
196.94645,1,0,7,57.08893246,2,15.46002829,2,,0,1,6.252895459,0
95.96417099,3,1,0,26.99766109,3,29.51647119,2,,0,0,3.268846638,0
51.59771207,2,0,3,23.59681886,0,10.29740577,1,42.2936954,0,0,3.908456591,0
117.573995,2,0,4,30.28286304,3,10.11311782,0,,0,0,,0
141.6801602,2,0,0,18,4,14.67040746,2,63.29209881,0,1,5.334790215,0
124.2366409,2,0,3,63.48708185,,1.891238448,,,0,0,6.952600305,0
114.9823844,1,,3,36.14387359,9,34.4439133,0,69.19689593,0,0,3.040790958,0
180.7791412,1,0,2,18,1,27.08712444,0,,0,0,,0
112.5658324,2,0,3,18,3,9.892582206,1,64.23196106,0,0,1.446200054,0
144.1554889,2,0,2,,2,53.67557232,1,87.79443979,0,1,7.728216044,0
20.80485883,2,0,2,42.47717472,10,23.7324715,0,64.41611991,0,0,2.961170419,0
31.41631514,,0,4,34.63348075,5,13.03487208,2,,0,0,,0
84.06258424,2,1,1,51.55858634,1,,0,84.04788187,0,0,7.026286677,0
151.0691648,2,1,2,,1,4.280760453,0,82.75785124,0,0,,0
68.11300079,3,0,4,43.05353872,0,29.1384687,2,97.96980205,0,0,8.065774804,0
,3,0,4,18,1,102.5347829,0,81.97823537,0,0,-0.142898605,0
127.7970726,3,0,5,,9,37.02223707,1,49.26312384,0,0,6.223660608,0
65.71625412,3,0,3,46.39411951,,,1,82.6494327,0,0,2.52749762,0
100.9808329,2,0,1,18,2,9.964808863,0,31.12077674,0,1,,1
152.8561113,2,0,5,33.33417534,2,13.14260424,1,66.39407129,0,0,7.770804396,0
130.1547342,2,0,6,35.64124269,1,38.24015017,0,84.74051793,0,0,6.069804212,0
41.4943487,2,0,2,52.12119231,3,13.95449226,0,93.15726447,0,0,3.064565226,0
154.8034954,1,0,2,31.08908916,,5.656191598,0,73.79837041,0,0,3.889668998,0
118.3299123,3,0,2,29.07360865,0,23.79379768,,68.02756989,0,1,6.050574245,0
158.0939151,3,0,3,42.57483802,0,19.9348681,2,32.15440552,0,0,8.117671968,0
,2,0,4,22.75563262,1,7.859260443,0,75.30560278,0,0,4.954669836,0
163.617675,3,1,2,18,,1.051650119,0,82.48249127,0,0,5.003134835,1
100.8012641,3,0,1,28.58186708,0,3.576993962,0,,0,0,5.953969774,0
1,2,0,4,18,,6.301809164,1,73.802545,0,1,4.318515465,0
164.5379212,2,0,4,19.12588253,16,6.472434748,0,77.79996444,0,1,3.161742832,0
,2,0,3,44.55126899,1,,0,77.62874548,1,0,6.198706873,0
104.0914679,2,0,5,39.12079242,19,2.538672982,0,49.16478431,0,0,,0
80.3764447,3,0,1,19.03672304,3,17.76652807,0,,0,1,4.277599631,0
41.38831233,3,0,3,40.33446861,0,19.94058382,1,,0,1,7.206617025,0
,2,0,1,53.30180379,5,22.32313074,1,56.92796901,0,0,,0
67.1313723,2,0,5,30.88789404,0,94.03359342,0,85.27088698,0,1,,0
139.6909234,2,0,5,43.90228733,0,11.53999554,,100,0,0,2.089592175,0
143.5033865,1,0,3,42.61150595,0,24.20829339,2,100,0,0,7.199251607,0
63.64314121,2,0,2,39.05809954,3,7.816025139,1,72.10082238,0,0,5.853094769,0
209.8323027,2,0,3,54.86832443,1,14.30165531,1,54.51873905,0,1,6.968403059,0
106.9322592,2,0,2,,5,22.95791696,1,63.81002113,0,1,5.923064003,0
79.19027976,2,0,2,26.15833367,0,,1,79.18109927,0,0,,0
164.9993686,3,0,2,30.95898034,5,7.084290985,0,100,0,0,0.055087728,1
,3,0,0,18,2,19.2050065,1,76.14194826,0,1,4.554982826,0
125.0071517,3,0,3,28.44059005,5,10.34365582,1,86.73578525,0,0,7.241718575,0
188.7655446,2,0,2,46.77433191,28,17.73108724,1,55.79519765,0,0,4.709139556,0
132.2607793,1,0,3,37.1582356,3,1.543699322,0,92.01203498,0,0,4.381664901,0
113.3921819,3,0,3,,11,16.08318262,2,70.0290888,1,1,1.558700726,0
108.7768115,2,0,3,31.09286301,0,17.62626247,1,55.46382375,0,0,6.733490017,0
79.91024865,3,0,3,27.36390501,25,36.22715714,0,97.65884544,0,0,6.050144549,0
28.88731452,2,1,2,52.17284364,0,5.314801692,0,66.31278461,0,0,8.210148788,0
116.0645735,2,0,2,35.22795945,0,89.1347039,0,55.95952491,0,0,5.77141537,0
,3,0,3,21.41042698,1,4.160627323,0,66.61769246,1,0,,0
69.91466939,2,0,6,34.45778027,21,68.78275539,2,57.45832451,0,1,3.117239607,0
59.70649668,2,0,2,23.87858589,0,68.33297552,0,56.91191168,0,0,3.923234341,0
50.94172344,3,0,4,18,3,7.941383999,0,88.47202733,0,1,6.483187951,0
24.05445875,2,0,4,45.44728853,1,21.76666323,1,89.88387883,0,0,,0
176.1619311,2,0,4,21.83184969,4,8.543673335,1,,0,0,3.915749572,0
120.6499456,2,0,3,,3,16.4760821,0,79.087737,0,0,4.514616155,0
51.2596712,3,0,2,59.17818011,9,72.58644523,1,99.35224768,0,1,6.035151958,0
88.87625516,2,1,3,18,0,3.808627768,2,100,0,0,2.878864149,0
141.1585292,1,0,4,48.36829521,2,5.645621076,0,79.88239641,0,1,1.188234218,0
,,0,1,18,6,5.49429027,1,89.82546073,0,0,8.296589565,0
,2,0,3,18,10,19.13458851,2,,0,0,11.76747485,0
203.8373992,3,1,0,52.29388932,6,78.04768974,1,86.40671717,0,0,,0
,2,0,2,31.90290569,0,43.78241483,0,,0,0,4.269126153,1
160.0265829,2,0,3,28.46654844,5,0.924937302,1,80.85404413,1,1,,0
163.9225931,2,0,3,21.89104184,2,14.92400027,2,25.76095352,0,1,,0
85.97489733,2,1,1,57.49984271,2,4.764732066,1,72.31657738,0,0,,0
96.27770421,2,0,2,49.90230919,7,,1,,0,1,3.547263947,0
107.3649,2,0,2,51.15041188,1,38.45068445,2,90.28968244,1,0,3.52141863,0
124.9547908,2,0,2,28.84422285,6,36.70635595,0,57.78858843,0,0,3.861327802,0
62.0617371,2,0,3,20.36343463,3,48.17173084,0,100,0,1,,0
55.22860195,2,0,3,26.01678106,0,6.892247174,0,62.69320344,0,,6.42910584,0
50.99688491,1,0,5,21.01279135,,31.28646849,0,94.85511577,0,1,6.755835027,1
127.6452614,2,0,3,18,2,49.1262573,1,60.93876408,,0,2.859980472,0
97.75534849,1,0,6,39.55384816,3,61.33506017,0,79.59545106,0,0,,0
111.6608066,,1,0,41.26417544,3,72.36186576,0,59.3402521,0,1,6.418363369,0
51.0705805,2,0,6,37.69069753,24,70.43528233,0,32.62087696,0,0,4.078763274,0
119.0098926,3,0,2,45.90912822,0,0.419538814,1,72.95098551,0,0,6.002172675,0
41.1677528,2,0,10,18,16,0.435481172,0,,0,0,4.885751569,0
46.23438035,2,0,0,21.84301596,12,26.90185829,1,98.16231895,0,0,6.001655941,0
92.45811442,2,0,2,33.5489774,0,62.32460793,0,89.19835353,0,0,1.705256101,0
137.8244177,2,0,2,38.65409816,5,4.756439088,0,,0,1,,0
122.0970325,2,0,5,22.74513905,1,3.717715324,2,68.73156007,0,0,4.705043022,0
136.6320039,1,0,2,45.47366442,5,21.23104385,2,100,0,0,4.181545384,0
15.5747406,,0,3,46.29578919,0,23.75462919,2,52.9872131,0,0,4.928213164,0
64.14090496,3,0,2,18,10,,0,,0,1,3.388550609,0
59.99807178,2,0,5,25.98836337,2,9.6156237,0,46.86858666,0,0,3.306991833,0
153.0071909,2,1,3,,11,5.077765359,1,95.78862013,0,0,3.121901731,0
,2,0,2,52.91359353,,5.4416397,1,60.34793653,0,0,6.790541931,0
122.5481317,1,0,3,40.49047103,19,33.52180712,0,100,0,0,8.611602327,0
116.9241922,2,0,5,18,4,7.75429087,0,67.54230719,0,0,3.875411572,0
106.7929712,2,0,4,23.44843607,0,78.88377379,0,54.10240648,0,0,3.827672551,0
73.02043896,2,0,1,34.64758639,3,5.36051364,0,90.36343176,0,1,5.543392831,1
,3,0,5,25.93650362,1,25.87177681,2,,0,0,3.505935661,0
72.47240341,2,1,2,49.57132829,5,2.956100642,0,98.64337532,0,0,4.550670142,0
138.3121488,2,0,2,,1,2.100942943,0,88.75698272,0,1,3.584709274,0
159.1746833,2,0,2,21.01448222,11,0.042944307,0,79.8682279,0,0,3.644018485,1
135.7936372,2,0,0,,8,17.66164324,1,60.73178483,0,1,5.347848644,0
,3,0,6,,5,4.313880923,1,57.46596509,0,1,3.879711003,0
164.8031531,1,0,4,40.25791497,2,9.765932334,0,77.23382391,1,0,3.064448817,0
,3,0,2,46.46216469,0,38.40335109,2,,0,0,5.811205579,0
28.18730675,1,0,2,,0,27.15064194,0,50.45505174,0,1,6.124396283,0
102.4430035,2,0,2,80,1,20.44942315,0,58.46709359,0,0,4.822502861,0
,2,0,3,28.52083948,1,110.3505344,1,83.09495142,1,0,5.022346331,0
111.4498196,3,0,1,29.86034154,0,18.54999294,0,44.93492584,0,0,3.71415005,0
1,3,0,3,,0,31.86541957,0,84.13662732,0,,8.304544392,0
54.46774564,3,0,5,31.13769031,5,90.82140208,2,83.7730131,0,0,6.626398783,0
111.6047319,2,0,2,45.00727669,5,35.31688494,1,88.27977539,0,0,6.829349095,0
102.1801223,2,0,6,38.92821896,6,7.603757236,0,99.25690541,0,0,7.667029495,0
85.91076956,3,0,3,21.91864613,11,23.12406547,0,62.9036528,0,1,5.314668838,0
,1,0,2,46.43774871,2,0.910450957,0,46.29887464,,1,2.136888965,0
49.01678307,2,0,2,56.33938611,0,2.145787559,2,60.50574892,0,0,-0.192315914,0
93.710654,2,0,2,,2,17.97922009,1,54.71314309,0,0,6.22121278,0
93.39153222,1,,2,44.99411909,2,15.93072747,0,76.96905901,0,0,,0
23.84065476,2,0,2,33.64874708,0,27.66700396,1,74.04631336,0,0,4.789850234,0
65.35452024,3,0,1,18,9,3.156816618,1,64.50251239,0,0,1.915808644,0
124.7015093,2,0,5,,3,25.20123296,1,,0,0,5.727528021,0
27.57042927,1,0,5,,0,29.55464267,2,,0,0,8.512633367,0
163.9759335,2,0,2,30.16888911,15,29.16196467,2,100,0,0,4.247550017,0
113.2939115,3,0,2,47.78661669,8,54.34596326,0,80.85351768,0,0,,1
192.3318498,3,0,2,57.54344635,4,76.25244529,0,89.73147298,1,0,0.912203001,0
137.349042,1,0,5,47.39443829,,2.689935399,0,70.66219575,0,0,12.41048643,0
,1,0,2,24.28277743,,67.20739647,0,77.62353605,0,0,,0
112.0981136,2,1,3,18.10433234,0,38.43246181,0,96.40100495,0,0,4.166545637,0
97.11906015,3,0,5,25.32800821,,41.80520817,0,,0,1,5.899664817,1
8.96198611,3,1,3,27.4893271,5,,0,79.65109085,0,0,5.792731259,0
107.2443917,2,0,5,,3,13.57260612,0,95.14512193,0,1,3.782207181,0
117.6252484,3,0,3,23.32589436,1,50.44339406,0,55.40209491,0,1,6.130617474,0
111.1576527,3,0,2,18,4,0.053981184,1,75.56742962,0,1,3.996796172,0
90.65143485,2,0,0,,,0.044887025,1,80.59965077,0,1,6.151984062,0
82.09602769,3,0,1,49.98722037,9,32.40628273,1,87.50209772,0,0,,0
,2,0,3,34.67922551,3,23.85906846,0,100,,0,3.331676665,0
144.0032981,3,0,4,21.91761524,12,56.33393361,0,87.99144973,0,1,7.465827909,0
62.67108267,2,0,6,25.59838929,0,15.28092836,1,100,0,1,,0
1.722205426,3,0,4,46.23552197,0,27.93167224,2,72.67298763,0,1,,0
192.8323718,2,1,1,30.04602501,2,1.552562497,,98.90403344,0,0,3.989950136,0
44.67370456,1,0,2,53.37179726,2,19.96780684,1,73.01757108,0,0,8.293755982,1
111.970225,1,0,4,19.39760909,5,25.08145334,1,93.02385812,0,0,3.698204568,0
46.96974668,2,0,1,34.25137749,7,47.14570983,0,85.21924351,0,0,,0
102.9185145,3,0,1,36.31847543,10,0.184107719,0,,0,0,2.199454903,1
91.2352735,2,0,2,,0,9.849080624,2,61.75919791,0,,10.36685546,0
91.35771626,3,0,4,48.56293721,3,,0,56.64770552,0,0,5.591852194,0
61.37156256,2,1,2,45.52263161,0,9.824303764,0,55.74977735,0,0,,0
147.4797286,2,0,3,52.04099288,1,,0,84.41696458,0,1,3.036695492,0
185.2051039,2,0,2,18,0,10.43561999,1,70.9116477,0,1,,0
112.5100103,2,0,7,18,4,15.09447072,0,92.97886277,0,0,2.890185809,0
170.8205896,2,1,4,56.96693768,10,57.10441908,0,,0,1,,0
100.920919,3,0,3,42.89328896,7,26.00265382,0,92.50893667,0,0,4.016147944,0
161.9141536,1,0,,18,9,16.14880211,1,79.34089579,1,0,6.59944565,1
32.47220178,3,,3,23.65678612,5,63.28703483,1,79.55614792,,1,,0
157.6324052,3,1,3,28.9564801,1,44.46993488,1,60.77531745,0,0,5.867752472,0
111.9184491,2,0,6,45.40409188,1,6.258357099,2,60.79137366,0,0,1.481639068,0
96.21671978,2,0,1,32.41411558,,61.84818212,1,66.04692483,1,0,4.636258127,0
122.5306525,3,0,1,18,6,43.2523073,1,,0,0,6.079471069,1
129.4158603,2,1,2,44.60291218,1,26.14751379,2,89.306944,0,1,6.301411971,0
147.5153796,2,0,1,35.4022808,0,5.073791547,0,57.06183233,0,0,4.252511214,0
111.1635418,3,1,1,33.26807429,0,12.60974406,0,86.80238128,0,0,8.158830158,0
111.0779237,1,0,3,31.49514373,16,15.7930347,1,87.06246275,0,0,7.207308825,0
101.1951522,3,0,6,21.81499287,4,28.89308434,1,77.83748224,0,1,10.70629067,0
83.66518934,3,0,4,,,,1,73.32797371,0,0,,0
100.6414322,1,0,3,55.62962965,1,,0,84.13963571,0,1,4.884448625,0
112.1502361,,1,5,,21,,0,56.56265362,0,0,7.656445243,0
200.7637555,2,0,2,38.30410958,2,46.66444337,1,71.69577972,0,0,5.259860361,0
41.04801044,1,0,5,50.78720066,4,5.613933677,0,74.89519733,0,1,5.723918518,0
185.7953816,3,0,2,20.06524419,8,,,100,0,1,4.874624575,0
80.59115907,3,0,2,30.83990815,2,6.849142691,0,87.53351264,0,1,7.210726867,0
126.037806,1,1,0,29.01188811,4,37.42802047,1,82.6004974,0,1,7.47114793,0
122.0831282,2,0,5,32.27089084,3,1.776479743,0,60.09429668,0,0,3.204332062,0
103.9786767,,0,6,47.63137747,3,68.17366247,0,70.04605501,0,0,3.512517235,1
137.8282337,2,0,2,54.77476087,4,18.56100554,0,68.27193898,0,0,5.111272768,0
,2,0,3,30.82388053,1,28.83340318,1,96.91123326,0,1,4.281810749,0
58.15098228,2,0,5,,1,,0,100,0,1,6.149130118,0
1,3,0,8,31.59586732,8,11.08039375,0,50.13329534,0,0,4.1959014,0
193.3731002,2,0,1,34.16941495,7,0.646056079,1,89.84004912,0,1,2.254365456,0
153.6489024,2,0,4,40.68041356,5,13.57132443,0,75.93044464,,1,5.77204525,0
41.04458928,2,0,3,,0,39.97411385,,59.36120119,0,0,7.738739015,0
136.8421949,1,0,6,29.1196231,5,48.80527805,0,84.39879938,0,1,5.527263422,1
54.09904692,3,0,2,55.64039019,8,17.9636052,0,81.87787947,0,0,3.106554198,0
32.52118942,2,0,,62.25283487,0,5.657789723,2,100,0,0,5.12234207,0
114.8288469,2,0,0,36.71743309,0,8.291803346,1,46.83911285,0,0,2.621299574,0
,3,0,3,31.85735577,2,8.981109905,0,,0,0,4.460358218,0
,2,0,1,51.33580092,0,8.598460165,0,86.06609222,0,0,6.919689138,0
31.50985102,3,0,1,28.73243336,4,5.121481517,2,100,0,0,3.764932682,0
121.5815815,3,1,6,21.60796316,20,31.23517839,1,74.3030321,0,0,5.815130128,0
64.74940721,,1,4,34.34768163,15,8.864877668,1,66.75516254,0,0,5.706950244,0
37.38032778,3,0,2,49.81243614,1,26.63625485,0,33.79664402,0,0,4.580306791,0
163.096075,3,0,4,33.3827752,2,33.57519082,0,61.87390845,0,,1.680640219,0
39.49197485,2,0,5,35.94990804,1,12.45041314,2,65.96673302,0,1,3.303192763,0
223.1621056,2,0,4,51.79476525,5,39.03820906,1,73.18305947,0,0,5.013544112,0
20.96980296,2,0,1,,4,,0,82.00310994,0,1,6.31288828,0
113.2127382,3,0,2,47.53523925,0,,1,,0,1,5.895620574,0
156.3675045,2,1,1,47.94994868,5,18.55085175,2,62.2858893,0,0,6.728341507,0
56.80046152,2,0,,20.53912039,2,9.001438001,0,70.97840849,0,0,3.865203305,0
144.9255852,2,0,5,18,13,49.25974942,0,,0,1,5.581928388,0
75.96760293,3,0,0,35.03288858,6,44.93672322,0,91.39378466,0,,6.530257665,0
98.72529357,2,0,3,27.93334061,11,13.39280152,0,42.0722175,0,0,6.358488388,0
158.5858957,1,0,2,25.92650418,1,6.918730796,1,93.44118939,0,0,,0
,2,0,2,18,8,31.6444081,2,82.46596942,0,0,6.041574248,0
240.7327222,3,0,0,21.4729253,0,42.57640013,0,100,0,0,,0
115.5453783,,,6,,1,13.54578326,0,84.00244528,0,0,6.330036078,0
48.00967345,2,0,0,55.87957485,3,,1,100,0,0,4.076757622,0
126.07247,2,0,0,39.81608213,10,16.49190278,0,56.84099087,0,1,4.299412183,1
28.20452381,3,1,4,26.92697055,0,13.42902278,1,87.57130271,0,,4.102400826,0
107.5209453,3,1,4,46.41372226,,0.29758988,0,80.39369729,0,0,3.517190703,0
56.20787968,,0,2,49.83342976,7,27.06624093,1,76.9246259,0,0,6.147686604,1
140.6431059,3,1,3,36.28128932,3,1.907392593,0,79.87845541,0,0,6.301608181,0
127.7028886,,0,3,,12,45.96125764,0,100,0,0,1.786685117,0
51.36177416,2,0,2,,1,12.39921354,0,98.80386924,0,0,1.839166676,0
138.1930176,2,0,5,26.41844556,2,31.87362357,1,,,0,4.003362374,0
74.11212764,3,0,2,18,0,45.37795998,1,,0,1,,0
194.9367491,2,0,1,52.14846345,0,47.42283494,1,96.99430175,0,1,4.736478336,0
21.60058672,2,0,2,50.88864037,9,3.116095344,0,100,0,0,3.933585629,0
133.9798874,3,0,4,49.9264601,12,2.709867757,0,80.96945196,1,0,,0
85.7922451,3,0,5,21.60046086,2,28.88781599,2,49.09076559,0,0,7.008063795,0
204.6598966,2,0,1,37.8568371,1,32.43229877,2,82.51608554,0,0,4.721787018,0
29.44715845,3,0,6,24.58556855,2,39.4488422,1,93.14346404,0,1,3.882879089,0
45.57943822,1,0,4,39.82184156,0,28.07963087,,71.57684526,0,0,6.940052964,0
193.5537241,2,0,1,38.25032679,0,,0,75.97610152,0,1,2.539025263,1
156.2717392,3,0,2,58.60945582,0,27.26004858,0,55.620315,0,0,3.080941387,0
135.1571271,,0,1,20.37874745,0,31.45032716,2,,0,0,4.765152299,0
81.47459507,3,0,6,48.9309603,1,103.9346423,0,56.92507338,0,0,,0
32.5976444,2,0,0,18,12,17.27627368,0,,0,,,0
135.9208712,1,0,2,20.48184282,9,65.9497653,2,83.18651102,0,0,6.73656854,0
90.97600432,3,0,1,53.83304018,0,7.286226632,,56.08016262,0,0,3.419058595,0
37.76726483,3,0,4,50.39624264,18,,0,100,0,0,2.435630815,1
137.2680362,3,0,3,39.39191026,10,81.8910785,1,48.2609499,0,0,,0
102.5972943,2,0,2,28.92195102,0,7.374920692,1,47.39153961,0,0,2.505578383,0
26.07265315,2,,4,54.28720376,2,,2,100,0,0,2.839996179,0
127.550853,2,0,6,48.21623868,6,13.57299857,1,100,0,0,,1
57.325226,2,,3,22.86700548,3,2.808017126,2,73.50494335,0,0,3.640481041,0
152.6901026,1,0,1,39.3311178,2,2.362355363,0,62.5385705,0,0,1.493137078,0
42.28186659,1,0,2,44.17658428,2,10.00073526,0,67.64724452,0,1,,0
63.1614932,1,,1,32.55062628,10,,0,88.8782148,0,0,,0
50.08229796,3,0,4,18,3,89.00809257,0,93.54900862,0,1,,0
141.0276751,2,1,3,62.80549315,2,22.96327161,2,70.60001652,0,1,2.493048197,0
72.12541075,1,0,1,39.04594291,6,47.56297684,0,95.60656943,,0,5.353393853,0
127.6784766,3,0,3,49.68992967,1,15.38206729,0,97.79596468,0,0,4.975797761,0
87.38232489,2,0,1,18,5,25.93274002,1,52.86683467,0,0,-0.011773351,0
,3,0,2,42.0061518,1,,0,57.9336802,0,1,3.709291238,0
96.86802113,2,,0,18,6,2.11542867,0,,0,0,5.737775139,0
118.2879993,3,0,2,33.69521999,0,40.47270073,2,82.17908547,0,1,3.883922492,0
144.60338,3,0,3,35.69400572,0,7.377107452,0,57.21303745,1,0,6.37990179,0
25.12766657,1,1,2,37.40857413,7,3.512513413,2,54.24593593,0,0,6.101459719,0
113.8679231,2,0,4,52.93460996,5,,2,90.75131019,0,0,8.015100115,0
96.51832733,,0,2,23.49032051,0,27.04941919,1,76.41039507,0,0,3.203083571,0
87.25265148,2,1,4,27.44611115,11,20.49461391,2,74.48420916,0,0,6.49300111,0
43.87275969,3,0,1,38.18545619,27,30.14730927,0,,0,0,7.268603309,0
133.4327402,3,1,3,46.46391544,4,,0,59.48541255,1,0,,0
98.79374564,3,0,3,26.44361281,3,30.17644729,0,76.59995231,0,1,9.532961037,0
121.480911,2,0,2,40.56242189,5,10.25688693,1,48.85897809,0,0,7.262476683,0
95.40216087,2,1,6,26.02074613,5,25.31735765,0,67.30529161,0,0,5.323578212,0
125.2241628,2,0,3,53.63244149,1,18.70279617,2,83.30400336,0,0,-0.142961549,0
109.167996,2,0,2,36.47808731,7,30.58508704,0,64.64819671,0,0,7.412822805,0
107.4728045,2,0,1,32.26171756,0,52.62001229,1,62.99489932,0,0,,0
56.8612118,3,0,5,18.2052149,1,30.71779813,1,79.14595847,0,1,5.357768167,1
123.6703708,1,1,2,24.13438683,0,47.71599439,2,54.78936308,,0,4.772641827,1
64.51055039,2,0,1,60.24343264,3,32.28706452,0,76.69626018,0,0,2.30451833,0
38.02059937,3,0,5,30.74332946,7,100.6454735,0,64.20706587,0,0,4.046491245,1
63.66290476,1,0,2,32.05134519,2,,1,100,1,0,4.264480785,0
38.37843804,1,0,4,18,13,16.81894904,2,83.64472178,0,0,5.899304974,0
74.45054149,3,0,2,,2,20.73531186,0,53.04392484,0,1,3.355364497,0
161.3517299,2,0,4,,17,16.03199033,0,45.25638491,0,1,,0
136.9826576,1,0,2,43.9970619,7,30.25323355,0,64.51033108,0,1,,0
111.2880762,2,0,2,23.52407153,11,16.65118933,0,,0,0,7.937291479,0
1,2,0,3,37.83270939,1,,1,,0,0,7.946987301,0
29.68412682,1,0,3,18,3,15.49385115,0,81.24929559,0,0,9.957598563,0
121.4093124,2,0,1,44.79925161,24,21.77476523,0,76.90187501,0,0,5.253540458,0
76.88623556,3,0,3,44.26265739,0,25.91231335,2,56.7892729,0,1,4.439410987,0
123.5707778,1,0,1,59.02368131,0,15.07913973,0,56.53360937,0,1,4.861252433,0
187.5462971,2,0,3,28.17266809,1,22.81735349,0,61.31304584,1,1,3.888241003,0
87.86593616,3,0,4,25.57512356,12,,0,96.66965608,1,0,5.218412815,0
123.0021162,2,0,1,36.07751897,9,39.28862642,0,100,0,0,9.659581604,1
104.093707,2,1,4,43.70230166,1,54.6095429,0,57.58967417,0,1,4.51702533,0
44.83166969,2,0,2,25.94937965,1,36.83025871,0,73.51940966,1,0,4.786290818,0
131.6390933,3,0,2,64.68942182,2,16.05353818,1,79.31927053,0,0,4.9217481,0
84.94481522,3,0,3,38.07716661,0,1.288577529,0,87.89628392,,0,4.802116224,0
59.8162716,2,0,6,,2,22.50795993,0,,0,0,,0
44.25889063,3,0,3,26.69250465,9,6.540951599,2,56.73800193,0,0,5.082076235,0
41.59110861,1,0,2,33.31367955,0,4.851591935,2,77.75060964,0,1,3.07207848,1
78.18070547,2,,2,34.12895795,1,17.53124419,1,95.59268972,0,0,5.628590236,0
96.08846705,,0,1,46.13968931,15,14.11372277,2,,0,0,7.923039184,0
61.90876642,2,0,4,34.09177217,2,3.224530799,1,84.42661134,1,0,,1
115.9762335,2,0,4,28.17299016,0,2.485536579,0,,0,1,4.267354036,0
129.5568059,3,0,1,42.71157951,2,16.293634,2,66.64927674,0,0,5.236462185,0
123.8520414,2,0,2,62.77985757,2,0.902673441,2,57.6720193,0,1,2.507437504,0
,3,0,0,67.50112581,1,3.1072603,0,61.4500454,0,1,5.765855409,0
68.53683032,3,0,3,41.09565642,2,0.385954991,,59.5670369,1,0,6.860779324,0
77.33859753,2,1,2,25.79368035,29,5.80839452,0,93.23118611,0,0,3.826212204,0
,2,,6,22.50604677,1,52.56415489,0,68.19360376,0,0,,0
12.86140131,2,0,6,,0,,0,86.04009174,0,0,5.108191363,1
172.365285,3,0,2,21.26585369,3,4.826935481,0,68.20305923,0,1,3.68290513,0
107.3356843,2,0,1,45.94584726,3,,0,54.163949,0,0,3.426599725,0
152.4199944,2,0,5,55.45396328,,50.85261773,0,95.49453612,0,1,7.300564243,0
95.22678765,3,0,0,37.47675945,5,48.33511762,2,,1,1,6.990864075,0
149.6891107,3,0,4,32.52863834,15,7.048577093,0,71.99180023,0,1,2.179491578,1
89.09770523,3,0,6,18,5,24.12800012,0,95.35484888,0,0,,0
176.6436678,2,0,5,44.20585819,0,10.22230623,1,100,0,0,6.417539263,0
90.26513519,2,0,3,42.79857523,5,50.26140928,2,100,0,0,6.944554364,0
83.37103101,3,0,4,44.1005915,8,,0,50.51082738,0,0,2.507066601,0
53.17468126,1,0,3,31.05598437,12,3.374713925,0,77.06764978,1,0,7.806483944,0
97.34396735,2,0,3,38.73955676,1,13.81510708,2,62.05931133,0,0,,0
73.06195813,2,0,,,8,1.422238523,2,77.41936114,0,1,3.937164964,0
165.5154373,2,0,4,30.76293031,2,,0,64.75638241,0,1,3.793711216,0
92.2050911,3,0,7,35.45095628,1,55.62307049,0,91.90307301,0,0,4.211972579,0
127.5742688,2,,2,21.44453685,0,68.61599193,1,69.58996479,0,1,7.435668941,0
50.32052422,3,0,5,46.28527513,3,17.84831988,2,,0,0,4.928300625,0
124.3018145,1,0,3,22.63712054,17,,0,39.99854031,1,0,5.758870059,0
143.1196736,2,0,2,41.99261895,5,31.58848356,0,91.8420208,0,1,6.117497826,0
16.92399689,3,0,3,34.09491087,2,15.63309508,,86.2924119,0,0,8.200957287,0
152.4241326,2,0,5,25.49312547,,20.64441421,1,58.76948912,0,0,,0
190.9030961,3,0,5,,4,46.01664557,0,41.09026489,0,0,6.159348008,0
31.37672261,2,0,2,44.18839755,6,4.336895571,0,94.01254135,0,1,3.693463971,0
93.86455332,2,0,3,32.23755684,2,2.791607121,1,78.75815864,0,0,1.614420515,1
157.0074519,3,0,3,52.70186447,5,22.32176887,0,91.09793253,,1,2.607571369,0
51.08136112,2,0,1,34.833672,9,10.5480157,1,96.3322191,,0,5.858986784,0
66.98394303,2,0,4,,7,,0,65.8099635,0,1,5.157084512,0
104.2233393,2,0,2,48.02700448,1,37.00240764,0,44.64145751,0,0,9.266940752,0
1.494809114,3,0,1,,2,28.84525094,0,,,1,4.276291976,0
29.2366404,3,0,2,,4,18.89969019,1,49.89925316,1,0,3.581269283,0
158.6721138,2,0,2,33.66035749,3,43.23714982,2,58.32879637,0,1,6.090457305,0
39.51794907,2,0,4,20.92447624,13,2.381836468,1,99.53450812,0,0,,0
40.52940536,2,0,3,26.02530728,14,57.15225599,0,77.75951787,0,1,,1
2.419854356,,0,3,28.29542868,2,36.9980665,0,78.24508322,1,1,5.394753201,0
38.85524902,2,0,5,,5,0.703208948,0,79.36820771,0,0,4.703404908,0
160.3254483,1,1,3,34.67294811,,4.124984905,1,100,0,1,5.02545774,0
152.9212243,2,1,3,34.56961418,2,1.436163503,0,56.52181674,0,0,3.429077572,0
112.0620124,1,0,1,27.06380386,,13.00164183,1,54.38753574,0,1,,0
105.5564688,3,0,5,18,5,,0,86.24077606,0,0,7.297256215,0
74.99010915,3,0,4,42.74220964,4,0.930900599,0,81.37339847,0,1,4.392023743,1
165.9098534,1,0,7,37.9878348,6,,2,59.41745807,0,0,4.947668548,0
131.688844,1,0,4,36.75745918,5,5.435391404,0,65.3045364,0,1,6.343464298,0
103.8304535,3,0,6,22.81916949,,36.9978476,,80.41438379,0,1,6.202285103,0
139.1679355,2,0,3,42.16306013,5,9.629998916,2,62.80358126,0,0,4.925426285,0
112.1441007,2,0,2,41.30057867,3,32.1186194,0,82.48943598,0,0,4.890601496,0
12.38114524,1,1,5,67.5180903,9,39.78060827,0,94.60279412,0,0,5.691814635,0
154.0992405,1,0,4,29.65822398,8,50.14121388,1,91.87357314,0,1,1.286854343,0
,2,0,3,59.9946112,5,13.86905598,0,75.51923074,0,0,,0
104.4328795,1,0,1,29.02926052,2,28.25816466,0,60.69384792,0,0,5.568051418,0
73.55266186,2,0,4,18,1,15.70139958,,81.92525816,0,0,6.105650858,1
151.9303035,3,0,4,51.67881016,6,82.22959667,1,,0,1,4.969894069,0
92.40163088,2,0,5,42.29617403,0,23.05838836,0,63.74332639,0,0,6.862357541,0
115.9587255,2,0,0,,2,1.819147638,,98.8085933,0,0,,0
180.3789153,2,0,2,,15,,2,,0,0,4.840159443,0
1,2,0,5,48.69824388,1,34.79827759,0,100,0,0,,0
112.9861251,2,0,1,,3,28.1501027,1,57.9790324,0,1,,0
128.6195156,,0,4,24.80912847,10,39.66675829,2,57.04008006,0,0,1.88346507,0
110.7046872,2,0,0,18,12,74.51993773,0,47.44832987,0,0,3.46685405,0
157.2146534,3,0,3,35.91728351,0,17.62558386,0,,0,1,2.210126539,0
115.1317733,2,0,1,49.37408873,1,57.22656108,0,91.45258039,0,0,2.803195,1
185.1586305,2,0,,26.67020172,3,32.06955104,1,75.82013783,0,0,,0
115.6592237,3,1,1,37.43594089,6,7.329435703,2,48.48913592,0,1,7.361705075,1
49.26202534,2,1,2,43.3919783,1,,1,78.70320379,0,0,2.696410103,0
98.9549203,3,0,3,22.65336427,2,43.77473419,,90.81037643,1,0,9.5747065,0
101.1315426,3,0,1,,5,8.98927719,1,65.43784766,0,0,9.761076184,0
99.69645442,,0,4,50.10073784,2,36.5541267,,100,0,,5.324740112,0
118.0697803,,0,4,48.39144115,,6.330312683,1,56.50043347,0,0,5.478447965,0
150.5731518,2,0,0,35.37581827,8,2.401220005,2,71.61213221,0,0,,1
,3,0,1,30.99814094,1,29.66908792,0,76.24152684,0,0,,1
90.63354908,2,0,1,26.63238287,2,19.88870658,0,80.33085602,0,0,0.67633261,0
54.06740268,3,0,5,31.96589403,2,,0,,0,0,,0
99.14969628,1,1,2,22.41316388,2,13.2434557,1,,1,1,2.983133247,1
137.6670811,2,0,4,,9,13.70482952,0,70.22476098,0,0,,0
95.41469879,1,0,3,44.06788765,3,0.966044147,0,84.7564205,0,0,4.29509114,0
,2,1,1,,3,10.79896214,2,100,0,0,4.239510062,0
64.89734531,,1,3,27.20620606,0,0.201623257,0,62.84477179,0,0,2.683414173,0
45.40330498,2,0,0,32.25569906,0,16.17702954,2,,0,0,3.263400133,0
107.049135,2,0,4,54.47517164,2,7.901998453,0,47.95462351,0,0,4.392207473,0
37.91197123,1,0,6,,9,23.80811506,1,60.0311515,0,0,3.42286898,0
111.0291769,2,1,2,52.80221891,,6.151381558,2,44.06492973,0,0,7.005068129,0
73.77759319,3,0,2,29.74388224,13,24.5578824,0,,0,0,2.3086258,0
116.2170105,3,0,5,41.50526209,5,13.29785677,2,,0,0,4.568522176,0
28.36643551,1,1,6,46.62643816,2,34.18139943,0,,0,,4.521624712,0
146.2316841,1,0,1,42.37743076,4,37.49714043,2,,,0,7.546620647,0
144.6848845,2,0,1,34.824195,0,81.22196439,1,90.69053142,0,0,,0
173.1127302,2,0,0,43.37355112,2,5.970261203,0,70.22948464,1,1,7.40296639,1
33.6976157,1,0,4,18,1,1.366628141,1,89.94444734,0,0,7.990991905,0
49.82805483,3,1,5,54.28305228,6,11.6906387,2,53.85212609,0,1,5.336543806,0
114.5482365,3,1,3,45.13114224,14,28.90205499,1,27.39963397,0,0,,0
104.2946503,1,0,4,45.92967618,6,41.02849249,2,,1,1,5.934656331,0
116.1583857,2,0,2,47.47643897,0,60.41204817,0,97.57610273,0,0,7.973767129,0
140.9388822,1,0,3,56.64232212,1,19.85341592,2,,1,0,3.981015827,0
121.543121,2,0,3,35.24251617,2,30.09521815,1,76.31845703,0,,6.079882596,0
43.76789541,1,0,4,27.79736415,16,48.89223848,0,,0,1,7.021848756,0
129.5372168,3,0,2,32.80175574,,0.477057436,2,,0,1,5.860821527,0
123.0412433,2,0,2,48.71334569,1,42.01262108,0,89.96988384,0,0,2.19022274,0
36.5267367,3,0,2,40.87202177,0,8.48748444,1,45.75285538,0,1,6.76947376,0
,3,0,3,41.14365334,1,,0,74.29734151,0,0,6.386973147,0
90.87155128,2,0,3,18,1,8.039153821,1,95.11902177,0,0,4.744939703,0
181.1628345,2,0,3,,3,82.45898714,0,100,1,0,,0
115.055367,3,0,4,34.51361462,19,23.56634952,0,51.62009944,1,0,4.908875093,0
28.07944166,2,0,5,18,9,8.185243768,1,58.29317089,0,0,3.617329069,0
99.54088233,2,0,5,31.53151763,2,,0,70.47156754,0,1,6.210246283,0
40.51666705,,0,2,41.23892763,3,21.09489881,0,62.43175704,0,0,3.353922953,1
78.6559465,1,0,5,30.4578815,0,30.26174001,1,100,0,0,5.669469759,0
56.21908733,2,0,2,30.58452243,6,0.924316187,0,100,0,1,4.690216809,0
38.11687888,3,0,3,43.6812422,2,4.644708926,0,74.1193277,0,0,6.136651936,0
,3,0,1,64.00426302,8,39.12053054,0,,0,0,6.798616121,0
103.6658984,3,0,4,44.32152187,1,,0,81.66898358,0,0,7.741691827,0
115.3900884,3,0,3,50.60232789,3,26.73159541,0,86.32055886,0,0,5.330473908,0
114.0495934,1,0,3,48.76907544,4,15.29710545,0,45.50485953,0,1,5.713167759,1
109.2418062,2,0,2,41.38550932,18,0.563109627,2,75.10366855,0,1,,0
87.25221032,2,0,3,30.98564092,0,,0,72.87014403,0,1,4.787632968,0
,2,0,3,31.78208114,5,37.37535952,2,75.40483766,0,0,5.405827217,0
123.7794218,2,0,7,42.19413753,6,56.68304426,1,99.26958139,0,0,9.343102559,0
61.69395847,2,0,3,26.75563708,7,30.95076828,0,,1,1,4.874020021,0
134.1034745,3,0,1,49.78980332,1,4.819989308,0,81.12873013,1,1,10.10850034,0
86.50625324,2,0,2,42.13906673,9,17.42415235,0,66.44866544,0,0,5.118755534,1
141.1033039,1,0,3,18,0,12.57223404,1,95.48819104,0,1,3.219142876,0
76.61493993,2,0,4,,1,23.09653926,2,82.66073577,0,0,5.348415647,0
113.4563471,2,0,1,21.07208509,1,35.3217387,1,80.85933495,0,1,6.396905949,0
149.2864998,2,0,2,52.69351112,3,9.528151427,2,80.59680879,0,0,3.56920551,0
,2,0,2,45.24243434,0,0.491895611,0,97.84024616,0,0,3.650171762,0
117.531505,3,0,2,50.98632398,2,15.40195213,2,65.76403121,0,0,-0.361427754,0
101.8848287,2,0,,31.60330466,14,10.6135625,0,83.37472878,1,0,8.054728643,0
104.0639211,2,0,4,49.4106493,1,20.71375332,0,35.1133456,0,1,1.346294003,0
142.4087106,2,0,6,59.02013784,4,14.1702901,2,69.87614455,0,0,6.416709127,0
25.04920198,2,0,4,24.15512408,9,21.00735897,0,63.45790521,0,0,6.186825928,0
145.7701059,3,0,3,,0,,0,53.85401871,0,0,0.95081669,0
126.7252824,2,1,1,18,0,73.67167921,2,92.13137326,0,0,5.142618572,0
69.58246177,1,0,2,41.08480677,8,,1,62.0951129,0,0,6.91690212,0
,2,,1,43.80747459,2,26.72479697,0,46.87870842,0,0,8.629990546,0
140.7075881,2,0,5,30.46283686,,,0,88.9564164,0,0,,0
,2,0,3,18,,27.26816392,1,85.22672329,0,0,,0
69.35083644,2,1,2,39.73464962,8,6.013054963,2,66.1515214,0,0,8.926189401,0
104.6579169,2,0,1,25.39901124,,13.79168974,0,87.45458106,0,1,7.406736025,0
88.83988727,3,0,2,,0,,1,89.97901595,0,0,3.707440182,0
106.7669174,3,0,1,44.75717766,0,72.0482219,1,72.60276486,0,0,4.529182778,0
106.2612251,3,0,2,18,1,40.8930924,0,59.4823794,0,0,7.771329462,0
109.1924772,2,0,3,48.94686442,1,27.30308359,1,53.86210042,0,0,6.407864766,0
123.5734179,2,0,3,35.88338495,4,26.17652065,0,74.5274105,,0,4.688692747,0
64.62238574,2,0,1,50.39920085,1,31.14546665,1,74.3160138,0,0,7.982370592,1
1,3,0,2,23.46507323,7,87.2934544,1,69.39102248,0,0,4.620709209,0
,3,0,4,38.60355386,0,33.19775224,1,59.48511015,1,0,6.193893716,0
107.4333729,2,0,1,40.33335809,2,23.26941854,1,86.20322491,0,1,3.368905717,1
10.30394434,2,0,,40.80037309,3,27.89970086,1,89.6784774,0,1,2.354387849,0
,3,0,4,29.46844252,1,58.43364195,2,57.2925596,0,0,8.447234016,1
140.8944829,2,0,3,18,10,9.759413938,1,87.72313745,0,0,4.566513944,0
92.89267315,3,0,2,49.67378628,0,24.11284031,0,74.50242994,0,1,6.805232867,1
96.12528501,3,0,3,,,10.01521818,1,63.95498808,0,0,4.553746715,0
106.5963983,2,0,,18,5,19.83615136,0,100,0,1,3.716913565,0
114.1643936,2,0,3,64.7536802,4,22.52355364,0,,0,0,5.670373749,0
63.71280934,1,0,2,37.50636269,2,10.80263611,2,91.40061924,0,1,6.1086643,0
100.9690619,2,0,4,18,12,,0,81.27924344,0,1,3.288644023,0
64.38896182,2,0,0,18,1,0.633823762,0,100,0,0,,0
,2,0,6,18,33,30.15502199,1,98.16221367,0,0,4.402338093,0
119.265869,2,1,,74.78363502,2,,1,,0,0,3.693164455,0
68.05191262,2,0,3,52.22733905,11,30.34719159,2,93.35548186,0,0,3.052236387,0
172.7911161,2,1,4,38.48321655,10,111.0900512,0,87.2132392,0,1,3.656872684,0
181.7533197,3,0,2,22.61959889,0,23.07389131,,65.88906982,0,0,5.076536961,0
104.8060388,2,0,2,51.08965314,5,,2,96.45789434,0,0,,0
1,2,0,5,19.6421983,8,1.098258268,0,73.95302432,1,0,7.558508278,0
152.9968192,2,0,3,39.16974916,4,28.22291127,0,52.44164499,0,0,,0
77.83682676,1,0,4,35.61790931,5,21.63742321,1,37.68803693,0,0,4.157615664,0
79.1284809,1,0,2,46.76074005,3,4.496082404,1,91.86174479,0,0,6.926704231,0
171.1374068,2,0,4,30.07689695,3,8.591421459,0,42.64872156,0,0,3.924645646,0
5.36189112,2,0,0,29.08099884,3,10.56294263,0,100,0,0,4.389400305,0
,1,0,1,51.41456724,3,5.352662856,2,78.46891036,,0,4.460734775,0
13.54085552,1,0,3,47.19879815,12,22.69901521,,49.01680431,0,0,4.671875304,0
87.0912431,2,0,4,51.11938013,6,24.62865239,,93.96620361,0,1,,0
45.51834813,2,0,5,21.30915421,18,55.43163614,2,100,0,0,4.888710242,0
126.5513047,3,0,2,31.19894655,2,60.40219779,1,77.1168485,0,0,6.374346004,0
139.5515974,,0,0,32.02719729,1,2.607160384,2,,0,0,,0
98.14816015,2,0,2,45.56023104,2,1.615007492,1,69.63682783,0,1,6.840618945,0
30.70060288,,0,1,38.62731191,0,97.64398931,1,,0,1,2.89791542,0
123.832552,2,0,4,38.37545811,9,90.55198478,2,58.80683564,,0,6.905905521,0
71.31991136,1,0,5,28.9445325,4,3.779872586,0,85.27637373,0,0,4.846904104,0
114.8731027,2,0,5,50.00844317,0,33.64975376,0,95.33293092,1,0,2.950035822,0
110.4767115,3,1,5,35.98025543,0,67.76181044,1,69.22044981,0,0,2.701922789,0
54.02878829,3,0,4,32.08373537,11,41.39238401,2,100,0,0,2.802332438,0
92.14875858,3,0,3,21.48953795,5,4.502928756,,75.49435908,0,0,4.511868772,0
99.91429232,2,0,3,36.758177,1,114.8126918,1,70.52050137,0,0,3.7563632,1
76.12946469,2,0,2,36.71218878,3,12.24415259,2,52.55706859,1,1,5.907698533,0
,2,0,1,18,0,8.590041071,0,,0,1,5.83842107,0
44.6832513,2,0,4,54.4740735,1,4.693866016,0,88.10861672,0,1,1.811647909,0
49.71993122,3,0,2,44.57883504,0,42.57456965,0,91.27831949,0,1,3.185709354,0
97.98330449,2,0,4,21.58661917,5,,1,63.01576686,0,0,4.709260046,0
179.4313464,,0,3,50.4802414,4,8.157544094,0,61.53486338,0,0,4.689468449,0
216.0020361,3,0,1,50.69246472,,3.401888661,1,63.80934096,0,0,7.33378285,0
18.09854713,1,0,1,59.91905018,5,15.64211619,0,62.33868087,0,0,,0
163.5777547,1,0,3,55.04734985,2,27.47436113,0,82.62242338,0,0,5.638008939,0
146.6564036,2,0,2,42.17748572,0,2.032086845,2,63.04904095,0,0,6.671229914,0
36.02115166,2,0,4,42.02405383,,9.902047494,0,,0,1,,0
,2,0,1,45.58539547,1,16.52608013,2,,0,0,3.866542532,0
149.3667258,1,0,4,39.49203977,1,16.91984423,2,71.76850858,0,0,2.490615173,0
,2,0,6,33.50790539,6,9.52973768,2,67.98889803,0,0,3.67902957,0
132.2793856,2,0,3,32.60563724,0,1.472623532,2,93.13778432,0,0,,0
49.59568445,1,0,8,51.79213161,3,9.267483777,2,76.29588457,0,0,3.966581694,0
138.9830266,2,0,4,42.14569104,2,13.22608987,1,32.35211744,0,0,5.143509126,0
131.9330084,1,0,3,18,0,27.85341139,2,46.89187471,0,1,3.71275833,0
109.524984,3,0,6,18,4,39.9961795,0,69.20947735,0,1,6.16746435,0
200.6693624,2,0,,18,26,2.395268266,1,82.80691966,0,0,8.420193951,0
22.06065025,3,0,2,62.97943989,8,59.51637254,0,38.32180014,0,0,7.906441008,0
56.98074946,2,0,1,30.77810144,16,8.306306094,1,97.06576863,0,0,9.020183316,0
153.4189667,3,0,3,,5,4.220113644,0,77.79691075,0,1,7.163861945,0
144.0819878,2,0,2,,0,,0,63.69253231,0,0,6.535794688,0
20.49290847,3,0,4,36.96916698,10,80.6248208,1,65.75035168,1,0,4.061098472,0
81.95169171,3,0,4,27.74952681,2,27.57366646,1,24.73306979,0,0,1.362105032,0
76.17242884,1,0,1,50.80321134,2,31.94000104,2,60.51837063,1,0,4.352876326,0
143.480296,,0,1,32.98369499,10,31.43020135,1,76.45388531,0,0,7.056508503,0
211.5650073,1,0,3,35.1462207,7,0.022606884,2,49.00670338,0,1,6.072743833,0
97.13023175,1,0,3,25.03740208,4,5.04717548,0,85.23079835,0,0,5.097631513,0
69.62156041,2,0,4,36.59285058,1,164.6806973,0,,0,0,4.163778118,1
33.26946965,2,0,3,45.5464136,4,39.4977418,1,74.81798872,,0,,0
104.7310522,1,0,4,22.59725404,,6.039739424,0,78.55025599,0,1,6.633799674,0
70.76911347,1,0,3,34.93424687,0,2.099137485,0,80.47729524,0,0,7.586466771,0
73.20992685,2,0,1,45.58360489,2,0.667302579,2,95.42419428,0,1,5.633565201,0
88.7683425,2,0,3,43.37609434,1,15.79205338,1,100,0,0,6.846665398,0
50.92456745,2,0,3,28.89889319,11,13.26326347,0,44.34563732,0,1,5.984105962,0
118.9702699,1,0,1,41.45371297,2,10.12898445,1,66.49832672,0,1,6.827353415,0
,1,0,3,37.66670201,0,44.50325617,1,65.07231658,0,1,6.173431426,0
150.4735894,2,0,4,54.24765839,7,33.54459768,0,61.17599757,0,0,5.896447978,0
194.2293153,2,1,0,,0,25.27745187,0,53.60929486,0,1,,0
,2,0,5,30.70194661,11,14.85601594,1,95.37084142,0,1,3.399678835,1
48.60381175,3,1,3,40.48803365,6,4.110434981,0,100,0,0,,0
26.27486565,3,0,2,18,0,0.574911071,,90.56465277,0,,3.100211625,0
167.3112878,3,1,1,46.4862941,0,10.20183634,0,88.69079049,1,0,5.634716973,1
12.40855966,2,1,2,18,,9.858414297,0,53.59418884,0,1,,0
49.60660434,3,0,2,63.35839858,13,6.922648142,0,48.84351548,0,0,3.145721246,0
84.87651568,2,0,2,49.79850237,0,2.658553749,1,100,0,0,8.614149433,0
46.49576168,3,0,4,18,7,22.93382415,1,88.40270738,1,0,6.02365485,0
179.973547,2,0,,35.93542946,3,28.66136574,0,62.10879316,0,0,6.142680887,0
93.62254398,1,0,3,27.56559267,0,12.40759889,2,69.53443936,0,1,0.193627729,0
78.94005917,2,0,1,25.51441634,,80.81401757,0,66.63780349,0,1,1.411884351,0
155.0661479,2,0,2,,4,1.58416089,0,63.94420217,0,1,7.948550192,0
95.31819056,3,0,2,46.91661663,9,5.741242446,2,93.34738641,1,0,6.85784083,0
76.0581272,2,0,2,27.04735316,,82.41004842,0,67.98280463,0,0,6.55553898,0
118.0818013,2,0,5,28.89302751,,51.50059307,,86.10729868,0,0,2.50042415,0
20.8786013,2,0,4,50.74673709,5,16.84973939,1,99.69210341,0,0,6.840797301,0
115.4523722,3,0,2,18,5,5.707574057,1,56.33933271,0,0,,0
101.0396854,2,1,1,18,7,3.916287228,1,68.56179786,0,0,5.7240778,0
89.21661812,,0,4,43.83679487,4,3.894260581,0,100,0,1,6.697870101,1
144.3095594,3,0,4,52.67141703,,5.134725755,2,76.51134471,0,1,3.853395932,1
72.45090982,3,0,1,47.11945683,0,23.07762845,0,65.82272745,0,1,3.963800977,0
99.83127713,2,0,2,20.50086194,3,,0,73.22899194,0,0,3.547258755,0
141.6666956,2,0,1,45.94344748,2,,0,60.50471017,,0,7.055611911,0
112.5246425,2,0,4,35.97434287,0,47.72962115,0,36.49072313,0,0,,0
58.34719715,2,0,4,39.22206707,0,45.95013769,0,42.00088221,0,0,4.927227321,0
74.59299012,3,0,,48.21589274,0,5.082425496,1,60.43091355,,0,0.893062834,0
154.9242438,1,0,2,35.42852659,3,2.798909256,0,72.6639285,1,1,4.259030517,0
109.9474073,2,0,1,55.14524355,0,,2,70.76735273,0,0,,0
139.8997275,,0,10,38.75645692,1,5.133454794,0,84.75402299,0,0,2.446416602,0
31.58424806,,0,3,,8,5.961864166,,100,0,0,6.83070414,0
33.46474343,3,0,1,34.82073273,0,13.0795613,0,88.3353432,0,0,3.481487179,0
11.18768333,1,0,8,21.24199906,4,46.77140135,1,84.20398531,0,0,,0
131.6465909,3,0,4,50.56043176,0,62.70889187,0,87.22750585,0,1,3.409403212,0
131.2815467,2,0,2,19.44594946,3,0.137197669,2,100,0,0,3.830110494,0
,,0,4,24.38727279,1,13.41995331,0,96.17439211,0,1,1.716869726,0
148.3589061,2,,3,36.38019487,1,0.173736157,1,67.26113125,0,0,,0
108.3327909,1,0,3,62.13843352,11,38.41886016,0,100,0,0,6.330098941,0
111.2046241,2,0,0,49.10450562,5,,2,77.64294967,0,0,6.669674042,0
,2,0,,32.07550731,4,,1,83.5721587,0,0,,0
58.12971373,2,0,3,27.6749383,0,76.78621092,1,91.69896363,0,0,7.680009015,0
65.37895101,2,0,4,,13,6.690940812,0,96.20626523,0,0,4.877794673,0
110.5334233,3,0,1,34.96090653,0,,0,100,0,0,4.940579645,0
108.9347358,1,0,2,,3,14.20013301,2,30.38678482,0,0,3.749581674,0
,3,0,1,54.82416256,8,70.28521429,2,80.41156822,,0,4.612381611,0
22.42438755,3,0,1,27.09708934,1,3.090503549,0,99.53172116,0,0,4.754684088,0
133.7409746,2,1,2,,1,0.286599153,1,63.91569265,0,0,5.057839075,0
51.58277726,2,1,1,63.14825235,0,3.793020296,1,100,0,1,4.023606369,0
141.3591625,1,0,1,33.97104206,7,27.01968693,0,90.32736474,0,,9.048106933,0
1,2,0,1,44.33883846,2,2.240847363,1,96.57220029,1,1,6.975910462,0
136.2883312,2,0,4,,14,3.431328215,1,88.11999081,0,0,3.283070521,0
43.05834411,1,0,7,55.36356384,4,14.89599803,0,78.00671429,0,0,7.517534318,0
112.6120198,2,0,2,18,1,27.75798713,0,100,0,1,4.284891715,0
104.7263784,,0,6,45.77775385,8,122.631448,0,49.51475448,1,0,6.55944063,0
89.20197398,3,0,3,19.8782552,11,84.37600356,1,78.51770887,0,0,5.450989026,1
87.13117313,2,0,5,18,4,5.697957179,0,72.93611067,0,0,6.195090447,0
56.94751639,2,0,1,58.72859265,4,13.69407022,0,92.54531197,0,0,3.30252241,0
58.55024945,3,1,2,18,7,5.701355438,1,52.96664601,0,1,0.569818854,0
93.29914167,3,0,2,18,0,15.64789538,,84.86679268,0,0,8.487675735,0
38.10922506,3,0,3,31.8345576,,125.2533486,0,83.7757354,0,0,2.547796309,0
110.4829708,,0,1,47.37818971,1,127.580523,0,69.01402009,0,0,1.406471059,0
123.6315173,3,0,4,48.88820367,0,6.375861828,0,53.19075919,0,0,2.291222763,0
73.81343486,1,0,1,60.81599418,,12.39885237,2,64.2891818,0,0,6.978867525,0
201.7936768,2,0,2,,0,12.15568318,,92.95552011,0,0,4.776751605,0
144.8419658,2,0,3,,1,11.37853749,0,83.18610452,0,0,,0
,1,1,5,18,15,,0,100,0,1,5.438468267,0
134.6427878,2,1,3,42.91739829,5,51.01513705,0,64.42251969,0,0,,0
65.55572287,2,0,3,,3,,2,100,,0,8.565352306,0
83.52553499,2,0,2,34.27747053,2,30.35943029,1,100,,0,,0
124.8871545,2,0,6,18,0,32.86240261,,57.66822171,0,1,4.257885377,0
132.9622834,3,1,5,23.43277124,3,1.271310709,2,87.35564745,0,0,9.545111361,0
151.0811492,,0,1,,,8.423205696,0,91.07407438,0,0,5.576949365,0
57.61830357,3,0,1,49.84681878,10,0.865803747,0,92.42603146,0,0,7.531057254,0
57.65745169,2,0,5,47.96206728,6,,2,100,0,1,,1
1,2,0,5,35.14362578,11,,0,96.68673446,0,0,6.007162907,0
42.14416906,3,0,4,39.64928706,4,14.53184809,2,100,0,0,,0
125.5749788,3,0,2,28.21447873,5,,0,100,,1,2.0267758,0
52.60536414,2,0,4,18,1,10.22455976,1,100,0,,6.223737045,0
88.27064333,2,0,3,42.38936739,3,37.73646598,,,0,0,5.558012237,1
43.92349263,3,0,0,27.49281039,1,62.89592352,1,82.0053222,0,0,9.780406828,0
125.882951,2,,3,37.33133338,2,30.00031585,0,61.17099164,0,1,4.13183316,0
84.26545856,1,0,6,57.4226019,2,41.96662276,0,63.86902208,0,0,5.401076516,0
93.60412043,1,0,2,,7,120.7414628,1,83.77348519,0,0,8.929505306,0
94.70906213,3,0,1,,8,5.601732187,2,80.74652424,0,1,5.150609876,0
178.6199105,3,1,3,,,20.5263707,2,49.75102996,0,1,4.091215386,0
,2,0,4,20.82274021,0,72.47037094,2,43.60154491,,1,3.082336546,0
212.6217903,2,0,6,24.25835082,5,4.133429168,0,100,0,0,4.768467712,0
180.3672788,2,0,0,,2,38.16519664,0,61.89468557,0,1,5.860140386,1
150.8830733,3,0,3,22.47582426,2,,2,100,0,0,4.634454491,0
94.78286035,1,1,,,1,25.86599622,1,100,0,0,6.907524834,0
100.262185,3,0,10,,8,14.21845937,0,,1,0,3.323085737,1
66.90089111,2,0,2,41.03988877,0,0.883981717,0,37.78813943,0,1,7.089200779,0
112.1669725,3,0,1,18,6,98.70074444,1,75.29534955,1,0,,0
81.33157875,3,0,4,59.91921934,1,35.05178062,0,100,0,1,7.973614166,1
93.28604189,2,0,5,30.20559949,0,15.02274442,0,75.01126198,0,0,5.530132646,0
135.6356014,2,0,3,34.16228881,3,,0,76.44601822,0,0,4.612231464,0
61.41140213,3,0,2,45.61748193,3,6.969809749,0,39.77322816,0,0,7.665119378,0
1,3,0,3,33.54533289,,19.34052912,,51.68468086,0,1,4.505967834,0
75.73182261,2,0,3,37.74767669,2,53.80585381,0,56.73992295,0,1,2.619539545,0
,3,0,1,21.4283438,1,1.054854513,2,43.09299189,1,0,8.080373318,1
57.68420113,2,0,1,,8,47.62697749,1,56.62256649,0,0,7.773360688,0
35.77078672,3,0,4,28.1108357,7,43.91839755,0,70.76236478,0,0,5.106474521,1
77.39548336,2,0,3,28.87863954,7,4.140381673,0,68.96867293,1,0,6.578161019,0
115.5654337,3,0,4,18,0,12.40520915,1,97.02381408,0,0,-0.037065964,0
7.407863421,2,0,2,18,6,28.42542408,0,96.09136748,0,,4.179502032,0
122.7952098,2,1,2,34.82077816,1,13.35412936,,56.81037624,0,1,,0
155.2916533,1,0,2,18,2,7.866841257,0,52.28024608,0,0,2.094217365,0
,2,0,3,18,1,7.401255428,0,100,0,1,6.21900952,0
174.4931719,3,0,3,54.77813205,0,64.10307855,0,82.229974,1,0,2.523910184,0
87.62406822,3,0,1,18,10,23.79705507,1,52.46163272,0,0,0.896710115,0
111.2653961,3,0,3,30.11411219,0,,1,77.92246404,1,0,2.191751139,1
75.85450803,3,0,4,28.6796405,2,27.27755839,0,,0,0,5.632359075,0
129.5674621,1,0,0,46.86982931,0,21.08806843,2,96.92780856,0,0,6.46309991,0
167.7786468,1,0,6,42.4596366,14,18.21707407,0,65.15713148,0,1,5.112498449,0
227.9099643,2,0,7,36.61825861,2,3.709094735,0,,0,0,4.522553911,1
75.01349119,3,0,1,,6,48.68738941,0,77.97373612,1,,,0
81.67464898,,0,5,,10,10.64408548,1,100,0,0,1.825110059,0
91.23107721,3,0,2,23.89117562,2,5.965201437,0,72.82286113,0,0,4.835216077,0
,3,0,1,66.35224198,4,26.43597926,0,41.13592879,0,0,3.324157465,0
,2,,3,38.36569442,2,12.34540531,0,61.90111047,0,1,5.197039952,0
51.12223776,3,0,1,19.92530501,13,,0,100,0,0,3.406281066,0
35.64182157,3,0,1,44.72918037,2,,1,91.06803263,0,0,7.200029846,0
52.38418096,3,0,4,34.71397612,1,1.329236477,2,,0,1,4.445688955,0
62.01484413,3,0,0,35.41517316,3,24.88088011,0,90.87833222,0,0,5.738689564,0
136.5479488,3,0,3,18,0,6.645918516,0,88.61192846,0,0,7.820436953,0
,,0,4,21.46983859,8,18.09418627,0,100,0,0,3.585500991,0
88.92001528,,0,3,,1,12.341623,1,74.89919646,0,0,3.786719372,0
159.6367583,3,0,1,24.98042123,0,10.44031353,0,100,0,0,5.943956647,0
6.460403949,3,0,5,43.3857417,2,23.7794668,2,,0,0,4.987179277,0
125.9673257,3,0,5,18,5,26.91184464,,66.68605423,0,1,4.563070398,0
141.8915268,2,0,1,47.32918316,0,26.49116884,0,55.0432591,0,0,3.92768906,0
57.42300101,2,0,4,29.7127693,3,0.027716014,1,73.58756931,0,0,6.964259246,0
130.105916,1,0,2,18,0,35.44924765,0,77.36591388,0,1,4.373523313,0
135.015494,2,1,3,37.79390686,1,49.50498798,0,81.05573178,0,1,4.072110379,0
,2,0,2,,3,,0,64.50803005,0,0,3.753347316,0
107.9378025,3,0,0,18,4,4.133278343,1,76.31548165,1,0,4.384534698,0
167.257381,3,0,4,28.2684875,6,17.39490354,0,82.56735805,0,0,2.200826463,0
96.03057878,3,0,4,29.47136384,10,4.036812105,1,62.29350154,0,0,3.819425382,0
84.23653777,2,0,1,36.72941831,2,3.769046244,2,99.17301858,0,0,2.449119049,1
114.3664452,2,1,3,18,0,9.129256125,0,55.37021869,0,1,2.452941862,0
47.87111527,2,0,1,35.73077028,,11.04762591,1,51.63304012,0,0,2.976628829,0
125.0415796,2,0,3,80,4,64.5275421,2,56.62190859,0,0,5.331003724,0
130.6166107,2,0,0,,13,33.3202564,0,,0,0,2.363453179,0
96.91179001,2,0,6,,13,97.51446283,0,65.75639385,0,1,5.863358578,0
126.820695,3,0,5,36.62482054,0,38.70828757,1,74.90471528,0,1,,0
100.7344097,2,1,6,53.01731609,0,17.30802529,1,79.9485818,0,1,,0
180.8606287,3,0,4,22.69595218,3,40.13644229,0,98.31401514,0,0,2.874196185,0
,2,1,5,33.66391347,0,22.76065508,1,59.4482559,0,0,3.261762085,0
,2,0,1,,2,,1,93.40693922,0,0,,0
,3,0,1,18,1,,1,29.84538469,1,0,3.889918268,0
90.83496452,3,0,1,51.66140719,2,4.349437535,1,,0,0,,0
82.03539546,2,0,2,18.76207781,9,60.44835109,0,,0,0,7.365230626,0
82.79509859,2,0,3,37.12358203,12,50.8268443,0,67.24584803,0,0,3.144682428,0
131.3803149,3,0,6,49.11874937,,41.9055732,0,97.30254409,0,0,5.989234402,0
216.2349457,3,0,5,26.72031618,10,28.13925792,1,50.18852862,0,0,,0
,2,0,2,47.30343662,11,38.75730101,1,88.7296261,0,1,2.98904239,0
189.3673207,2,0,2,33.99522097,10,35.63080833,2,100,0,0,2.073974246,0
38.45678418,3,0,8,26.29282729,1,,0,62.19998967,0,1,7.113541413,1
4.387251229,3,0,3,18,1,9.761291489,1,70.91974726,0,0,2.221404559,0
138.7577747,1,0,6,,11,,1,80.05615677,0,0,4.683251827,0
93.15022553,3,0,5,18,0,27.89963345,0,87.82100815,0,0,3.279399964,0
1,1,0,5,47.20300813,0,75.21678077,0,95.96263996,0,1,6.515872716,0
110.6989955,2,0,3,45.79793262,1,24.11272466,0,,0,1,3.018345884,0
60.37382764,2,0,4,18,3,48.0973772,0,83.79410767,1,1,5.156128106,0
228.9854669,3,0,3,23.53542874,0,3.149262183,2,100,0,0,8.485719391,0
151.8769972,1,1,1,32.3463218,2,12.13697137,0,61.36585562,0,0,7.501887629,0
96.86604514,1,0,3,18,5,7.777500043,1,65.78225675,0,0,4.10265364,1
129.1285659,3,0,2,37.92658672,6,35.18609672,0,80.31457423,0,0,,0
29.99646384,3,0,3,,3,59.32387271,2,,0,0,,0
133.2463581,2,0,2,54.19669649,3,27.87484021,1,100,0,1,5.477057931,0
141.2708174,2,1,2,50.31707604,1,107.65325,0,,1,1,6.029411774,1
83.18726307,1,,5,60.29000367,8,23.46691966,1,68.82531828,0,0,9.657936015,0
75.91170145,2,0,2,,6,18.23692821,0,72.75886086,0,0,4.891457898,0
128.8681763,1,1,6,,5,4.398924091,0,96.00909384,0,0,,0
147.757116,3,0,3,54.76283363,4,,0,,0,1,6.210745294,1
146.9320011,2,0,2,27.58481425,2,11.60569141,0,89.9775162,0,0,3.570719435,1
141.0241091,2,0,1,59.24656851,5,,,71.43668552,0,0,4.687083722,0
68.42111354,3,0,3,53.00160236,1,3.681111018,0,65.74882998,0,0,6.389626635,0
103.0042997,2,1,1,,10,7.955008305,1,80.15927153,0,1,2.407179968,0
134.8193724,2,0,5,,10,5.939655858,0,,0,1,4.743641655,0
73.53339438,3,0,6,18,3,15.96826793,1,72.21066383,,0,4.280066264,0
35.70001467,2,0,3,,7,10.00222211,1,66.5050295,0,0,5.54472207,0
128.6291391,3,0,1,32.19710477,0,25.96857389,0,83.6455916,1,1,6.606611889,0
71.15481722,1,0,,33.6979768,1,39.7380078,0,87.66485713,0,0,8.419966172,0
85.30165262,2,0,2,18,6,28.33935914,0,42.73830003,0,0,4.251375341,0
93.95259257,2,0,3,44.19106286,1,9.815416147,0,63.60822416,0,0,0.014512707,0
105.2947227,2,0,3,18,8,11.97018438,0,78.25467206,0,0,3.019431146,0
88.10964813,2,0,2,,6,8.043405168,0,59.05630416,,1,,1
53.54318297,3,0,1,50.93381183,21,9.088337597,1,72.17606508,0,0,5.064961183,0
38.61600178,2,0,1,,3,,1,56.7316627,0,0,3.199015199,0
96.48898192,2,1,6,24.00385566,,44.23652261,2,100,0,0,1.912539452,0
85.75622533,1,1,7,39.66804652,13,29.89251075,,51.79261497,0,0,6.304775221,1
,3,0,4,29.88231196,,64.14130164,0,88.63572486,1,0,,1
57.08211099,2,0,7,18,8,,,55.23493378,0,0,7.793679356,0
45.13158405,2,0,2,37.99564034,3,31.26413074,0,59.01160561,0,0,5.053292058,0
107.3877954,3,0,3,29.91434504,12,8.191908172,0,,0,0,4.545454604,0
141.9245387,3,1,4,37.28467037,9,3.209456441,,98.18516262,0,0,7.19560277,0
156.7973923,1,0,4,,,9.587959828,1,27.76333991,1,0,1.396977533,0
,2,0,1,25.28135846,1,35.40220991,1,100,0,0,1.634546519,0
163.0759626,2,0,6,60.90804644,1,,0,97.07988211,1,0,6.634151116,0
43.66162655,3,1,2,46.09914074,4,5.966830051,0,54.84287241,0,0,4.501959428,0
102.19144,1,0,5,23.12530636,2,43.01078727,1,68.8769443,0,0,,0
71.90789503,3,0,2,,4,7.235417624,2,70.36576981,0,0,5.74814171,0
104.8838049,3,1,5,18,,0.743511209,0,80.3045817,0,0,6.235689373,0
123.3846586,1,0,3,23.22813632,7,59.52115775,1,94.32971162,0,1,3.441194656,0
,2,0,1,25.50226313,0,4.718539794,1,77.00270992,0,0,4.347503521,0
125.3510136,2,0,3,48.69007493,6,1.063052694,0,75.44910856,0,0,3.652835156,0
,,0,1,19.66547537,2,30.59688269,0,100,0,0,2.733922807,0
26.1868728,1,0,6,41.13773025,7,,1,49.9653515,0,1,5.412768994,0
142.8199397,1,0,5,52.5645165,6,1.164594292,0,99.88167704,1,0,,0
74.82151905,,0,3,,3,59.70299966,0,65.85588935,0,0,,0
105.5686301,3,0,2,,0,13.19273114,0,,0,0,5.170379891,0
113.83454,1,0,1,64.09173826,,7.681520346,,71.40753577,0,1,0.601345921,0
118.4821096,2,0,2,48.59083938,3,24.38638355,1,61.24680122,0,0,2.971184134,0
117.3244238,3,0,3,18,,,1,67.71700559,0,0,1.720287169,1
22.75313267,2,0,4,36.52136066,4,17.20906646,2,62.10538449,0,0,4.799602383,0
45.69368504,2,0,2,43.45460756,0,6.193032549,0,96.61836355,0,1,6.262767201,0
104.2659071,1,0,4,34.56037068,1,3.895424027,0,31.81399818,0,1,0.827171401,0
91.86481492,3,1,4,42.60432112,3,18.5421747,2,86.66646482,0,0,3.170745958,0
81.21831696,2,0,4,32.6820031,6,11.71471905,1,72.1220203,0,0,6.410992554,0
75.88432145,,0,3,29.36985362,7,5.701306341,1,60.81963429,0,1,,0
181.4583182,2,1,2,44.92984997,8,,0,,0,0,3.606874214,0
151.1285216,2,0,3,18,5,30.26469349,2,60.20847933,0,0,7.337052193,0
90.92754654,2,0,4,56.29368363,8,1.888753774,2,84.6196048,0,0,6.929449208,0
128.4051603,2,0,4,23.12877417,4,11.3019033,2,89.35167279,0,1,2.582043684,0
43.49653305,2,0,4,53.13151911,10,9.908714316,0,64.67820304,0,0,4.642739849,0
157.9919983,3,0,1,,6,16.18246812,0,40.80839232,0,1,,0
63.59140495,,0,1,,0,9.849806791,1,92.83782876,0,0,,0
94.09657365,2,0,2,42.85406879,0,67.05742391,0,67.0970511,0,0,5.487541613,0
102.4260814,2,0,3,44.84008781,3,3.492565261,1,69.70480995,0,0,3.711501027,0
141.103008,3,0,3,,11,21.68848509,0,100,0,0,7.444233915,0
,3,0,5,38.20392519,5,19.63210387,0,,0,0,4.798334735,0
89.30624162,3,0,4,29.66580212,6,9.172552287,2,36.10782741,0,0,4.912718531,0
69.39165414,2,0,1,,,38.4830528,0,96.91724617,0,0,5.526814408,0
136.0498476,3,0,2,,,,1,89.12678597,0,0,5.328218084,0
59.88613654,3,0,4,,3,52.97384446,0,66.2655132,0,0,5.977232085,0
179.4919489,2,0,3,39.3419018,,51.98890818,0,50.56625708,0,1,4.273856529,0
21.45592714,1,0,4,26.1519235,14,37.54393782,2,97.20307464,0,0,6.228378957,0
94.548829,2,0,,53.63774186,4,6.774934096,0,77.02463011,0,1,7.475996224,0
121.9743024,3,0,3,18,0,29.33333103,1,63.97272811,0,0,5.288945763,0
78.484534,3,0,3,20.4577395,12,22.8211376,,59.9024412,1,1,3.887332034,0
67.29621584,3,0,3,32.80162769,3,22.7082489,0,80.38419052,0,0,3.451876533,0
126.8706001,3,0,,32.58598206,1,14.90384628,0,76.66521356,0,0,,0
116.0839271,3,0,2,,0,8.851004592,0,,1,0,7.393795267,1
,1,0,2,18,11,68.29685201,1,39.52112303,0,0,2.561051341,1
49.67287174,2,0,3,18,,20.0069167,2,71.37890706,0,0,0.907701383,0
65.99876392,2,1,5,,5,52.78922082,1,62.66132156,0,1,4.808876047,0
109.7025972,1,0,2,27.13934642,0,,2,59.95952269,0,0,3.067234726,1
61.66717061,2,0,3,,5,15.00724396,0,66.76172611,0,0,5.818500999,0
103.0839925,1,0,3,24.13682954,11,3.235107308,1,83.00692046,1,0,5.038295013,0
183.6132952,3,0,0,30.2280183,0,49.48785617,0,63.43228401,0,1,4.974667031,0
,3,,3,18,8,2.854659194,2,82.84968093,0,0,3.547273396,1
63.58638988,3,0,2,47.90502693,4,1.001878268,0,39.73619494,0,0,1.542461272,0
79.31972333,1,0,9,35.81407351,6,46.68588703,1,66.05898131,0,0,3.76225109,0
97.54853296,3,0,1,30.07218024,0,0.051325448,0,,0,1,6.632420966,0
119.6317058,3,0,6,77.54618017,4,1.44526465,2,73.96400211,0,0,,0
80.87738012,2,0,3,46.69443832,3,16.23196333,0,94.503042,0,1,2.94694629,0
56.96215991,3,0,2,19.89113124,1,31.7450101,0,,0,0,3.912653634,0
99.96457027,2,0,2,34.07816379,6,43.81872006,1,97.36098317,0,0,5.735936581,0
78.44372152,2,0,6,47.28003377,20,,0,40.38875012,0,1,2.597791909,0
68.68423619,2,0,1,29.06769412,2,100.6799963,1,79.90024157,0,1,6.392851537,0
88.75720091,2,0,3,26.68238676,0,17.28569417,1,,0,1,,0
141.8577243,2,0,,19.42347993,1,8.848973032,0,74.39033133,0,,5.751098865,0
48.14669632,3,0,3,35.70898077,6,30.67085995,1,88.13879633,0,1,6.396768897,0
164.2047897,2,0,3,46.51333565,,2.540046289,0,68.34451164,0,0,4.539360334,0
54.97048237,3,0,4,44.46081268,13,1.256810502,0,37.25104489,0,0,3.039206663,0
89.89036738,2,1,3,,,6.918202345,1,77.7490566,0,0,7.997574163,0
147.7000882,1,0,1,32.28871534,1,11.77623666,1,98.43722546,0,0,5.10122451,0
,3,0,6,21.77177655,2,9.160477525,1,63.93287384,0,0,2.050461599,0
66.71532676,2,0,4,35.57351484,3,2.78442968,0,69.01849766,0,0,5.119851585,0
117.3354989,2,1,,35.7834122,5,36.29159582,1,67.25960247,0,1,5.018725551,0
126.9455022,2,0,2,32.40585258,9,42.13155237,0,49.5733026,1,0,6.570745714,0
53.108748,2,0,4,,1,15.95680338,1,59.19807218,0,0,5.583382961,0
91.64391431,2,0,6,25.10096385,16,50.07019247,0,100,0,0,2.927488431,0
,3,0,2,,5,10.46607175,0,58.62390814,0,1,5.062084897,0
154.8234617,2,0,1,18,7,,0,50.12999535,0,0,5.409447827,0
132.9272136,3,0,3,,,16.57953221,0,66.89675951,0,0,4.69589851,0
110.3180886,1,0,4,52.07250326,,10.39297406,0,54.35087923,0,0,,0
105.8663692,2,0,5,36.02255533,7,8.998488807,1,81.26173489,0,0,2.974862332,0
,2,0,3,52.68747195,1,25.96209186,0,83.26914081,0,1,2.33164689,0
40.01512358,3,0,2,21.24543848,2,,0,59.01674552,0,0,5.450008599,0
67.92592024,2,0,4,53.84713294,1,27.61169959,2,91.02143481,0,1,,0
82.01851638,3,0,3,44.04310219,,29.18423549,0,63.36211903,0,1,6.592312048,0
132.8881588,2,1,4,52.80610114,6,7.624602682,0,71.00787799,1,1,,1
76.69817491,1,1,6,18,16,9.503247993,1,58.37057061,0,0,5.980870413,0
119.1204873,1,0,5,21.09662221,11,2.588730817,2,37.73658369,0,,,0
125.8089144,1,0,3,18,0,24.75460199,1,,0,0,6.509613649,0
94.32596771,3,0,3,18,0,24.37403327,1,76.23935102,0,1,6.681852044,0
90.45638902,,0,4,26.4893775,10,9.46269699,1,100,0,1,8.07632179,0
63.06512508,3,1,2,39.21826787,6,18.72572846,0,74.31010916,0,1,4.184450049,0
73.71224892,,0,1,,12,51.97425242,1,70.4502653,0,0,4.555318825,0
41.50415821,2,0,1,57.14539882,0,,1,64.09564083,0,1,7.556324446,0
156.778282,,0,6,52.93857514,8,,2,32.11818432,0,1,2.883195391,0
256.8874267,2,1,2,48.88648139,4,15.25509712,0,75.47209035,0,0,1.527954278,0
70.1794296,3,1,1,56.21166481,1,1.872575183,1,49.50953486,0,0,4.478274745,0
78.16178814,3,0,1,36.16557701,1,15.04998249,0,78.92453375,0,0,5.75544687,0
167.0737958,2,0,3,44.24732562,0,,2,84.60106704,1,0,,0
63.23482697,2,0,2,46.60110819,11,4.375473776,0,81.03310009,0,0,2.715595493,0
154.6053392,1,0,4,45.86195325,5,29.57220502,1,78.21085902,0,1,4.817372822,0
88.76172991,2,0,3,41.68776842,15,119.225216,0,51.68944736,0,1,7.221380351,0
45.39393998,1,0,5,43.48683929,2,4.455666704,2,72.9259643,0,0,6.633356832,0
159.8584014,2,0,4,40.75440001,1,39.84495161,1,58.06507248,0,0,3.89394812,0
101.7014793,2,0,0,,20,44.62297804,2,100,0,0,,1
136.0836032,2,0,3,32.28909049,3,6.84869941,1,,0,0,3.6755579,0
131.2833674,2,0,3,18,18,8.398137932,0,86.10804795,0,0,7.240951842,0
141.6578883,2,0,5,52.36578376,1,14.62980776,1,100,0,0,,0
37.772875,1,,6,18,,11.09936313,1,,,0,3.210428722,0
91.58497884,2,0,2,18,0,114.8080351,2,87.11317252,0,0,4.063121614,0
103.4901042,1,0,1,18,2,,0,69.68949315,1,1,,0
88.52256723,3,0,3,39.72477929,9,3.339335739,,27.74203544,0,1,4.323349769,0
67.31604297,3,0,3,25.35437504,2,35.82080665,,81.09065731,0,1,5.110760424,0
69.70695896,3,0,4,32.24581666,0,18.47530938,1,74.36423923,0,1,3.481282597,0
68.86502401,3,0,2,18,,7.913706145,1,85.61263209,1,1,2.278727062,0
147.0590933,3,0,2,42.5490238,0,25.83204591,0,100,0,0,,0
61.68387376,3,0,2,70.56962066,0,58.2016016,0,100,0,1,,0
65.9007876,,0,2,18,4,10.02639023,0,,0,0,,0
100.7136534,3,0,4,47.98042826,,25.66931689,0,100,1,0,6.809004787,1
176.8078386,2,0,2,42.61925568,2,49.7880645,1,100,0,0,3.924069016,0
109.8430618,,0,3,50.17914362,14,7.390716993,1,68.97826021,1,0,3.8462658,0
25.3768865,1,0,2,18,3,1.305064425,0,100,0,0,6.168347926,0
96.30262172,1,0,1,21.77159814,1,73.33901351,2,55.0975455,0,0,5.664674996,0
36.45241395,3,0,4,,,23.61153262,2,100,0,0,,0
166.1372233,2,0,1,42.44670645,6,16.08849235,1,77.77012365,0,0,6.084363913,0
172.0636645,3,0,3,21.63571949,15,10.64622134,1,57.92860186,1,0,4.581874563,0
172.4410054,3,0,3,18,2,18.31060044,0,64.27723049,0,0,6.228007687,0
,2,0,1,32.65400946,9,8.405939636,1,94.14237541,0,1,4.372727381,0
86.91208549,3,1,3,54.05980755,6,81.99376138,0,100,0,1,5.633436873,0
68.45772246,2,0,2,42.34761715,2,55.392579,0,78.38193541,0,0,4.390564393,0
105.3528726,2,1,5,,4,38.23724437,1,49.19810526,0,0,3.736153793,0
98.67430623,2,0,7,26.03513663,2,24.29931492,0,72.65299828,0,1,,0
66.11423151,1,0,4,35.43269704,0,,2,93.01817313,0,0,3.56078048,0
6.172364698,2,0,,,,15.10539226,0,71.81035579,0,,7.672161432,0
215.7329283,2,0,3,36.83505297,0,15.05366,1,79.51492845,0,1,0.75979892,0
143.2124192,3,0,1,29.10381703,1,6.65761526,0,43.09348041,0,0,5.473674757,0
80.57396124,,1,3,40.2792309,1,29.988438,1,44.93375591,0,0,9.184431593,0
124.6493229,2,0,2,33.18456429,10,5.876569926,1,,0,0,7.521826445,0
74.08648909,3,0,1,37.5953367,12,3.778613024,0,49.6500607,0,0,8.988751843,1
63.453498,3,0,3,59.45402677,5,61.6703776,1,73.85224527,0,1,2.874903146,0
55.69798765,3,0,4,,7,9.205834943,1,62.56688447,0,0,5.265837315,0
84.5175143,2,0,6,18,10,31.08410686,1,65.20815613,0,0,3.357355434,0
101.7631776,3,1,1,31.56494161,1,43.83347271,0,81.15620817,0,0,8.308826031,0
26.11937965,2,0,2,24.48604693,1,34.41038662,0,83.66741932,0,0,4.256627432,0
92.21613823,1,1,2,39.74420643,28,25.12532498,0,100,0,0,,0
124.5706378,2,0,0,31.14532365,0,29.90626839,0,97.30923201,1,0,,0
155.8699408,3,0,2,38.91060936,6,8.86033355,,,1,0,7.680939948,0
33.02651125,2,0,4,26.83523493,6,,1,57.82617881,0,1,1.971483513,0
55.06079758,3,0,3,29.01703323,16,21.90565539,0,72.30947639,0,0,6.001441495,0
101.6762351,3,0,4,62.33038188,2,7.745799955,0,100,1,0,1.512649807,0
29.65112689,2,0,4,32.04798984,0,4.508312053,0,69.84470488,0,0,0.166609231,0
54.19040423,2,0,6,28.4673365,1,62.06179927,1,84.41239428,0,0,4.674664242,0
142.4551055,3,0,3,47.44937498,0,,0,85.24831549,0,0,6.808985654,0
67.32685521,1,0,1,46.03398493,3,8.365283922,0,,0,1,6.921785075,0
19.95480108,2,0,4,33.51935011,6,15.46601152,,85.74077898,0,0,2.150371765,0
68.56728475,1,0,5,61.19804745,7,20.35690396,0,40.66837175,0,0,7.215284813,1
1,3,0,4,18.26660942,1,9.094380958,0,,0,0,1.074452085,0
106.6248572,3,0,3,20.67324436,3,58.26689529,0,,0,1,3.249305683,0
,2,0,3,34.09721222,8,18.98438002,0,69.67294095,0,0,5.220482236,0
1,2,0,4,39.52144367,2,17.89954278,0,42.58581329,0,0,3.498028403,0
72.7456385,1,0,3,41.99580694,7,3.299389838,0,,0,1,4.756424086,0
68.88648886,1,0,3,39.07560579,0,11.81506743,0,75.79787955,1,0,,0
73.07131634,2,0,,43.60001112,4,24.09442946,0,64.92742619,0,1,4.668374687,0
73.67341565,2,0,1,,14,7.63207164,0,75.1513949,0,0,4.411521755,0
132.7946069,1,0,1,18,,,0,88.89973092,1,0,5.442077975,1
47.7595403,3,0,1,,2,66.1400914,2,73.86560004,0,1,4.57218058,1
,2,0,2,30.25734842,0,66.42547146,2,82.11312581,0,1,5.3910116,1
59.92362049,3,0,3,,0,25.1021419,0,,1,1,3.306923576,0
203.7041335,2,0,3,57.4129471,2,27.48347127,0,85.0918304,,0,,0
,2,0,3,34.35145227,9,13.81017776,0,,0,1,,0
52.94886497,2,0,3,,2,59.18371182,1,88.1260605,0,0,,0
165.2739404,3,0,1,61.66691245,20,26.82742512,0,100,0,0,1.479881909,1
133.2351373,3,0,3,18,0,13.74987918,1,79.70433969,0,0,7.918125542,0
44.83958171,2,0,5,,5,19.3625861,1,79.20743302,0,1,,0
52.87209971,2,0,2,35.13014063,10,36.72811121,1,88.29587666,1,0,5.752296919,0
154.8610096,3,0,3,,2,5.899629988,0,63.51439826,0,0,-0.181111507,0
,3,0,3,,8,43.86661781,0,93.40481082,1,0,,0
97.78192722,1,,3,,,19.02330664,0,50.66441913,,0,3.323359302,0
,2,0,3,48.5267423,9,,0,61.95196333,0,1,5.959844287,0
48.00470364,2,0,7,29.82748741,7,43.73798902,0,78.31148643,0,0,7.127364884,0
79.62699464,,0,3,59.78680061,0,108.0465311,0,75.95558052,0,0,2.939850591,0
109.284429,1,0,3,18,1,11.70954066,0,94.98607723,0,1,4.996415858,0
119.9381882,2,0,2,37.19747425,0,57.4329194,1,13.53645404,0,0,6.888418004,0
124.8099594,3,0,3,18,2,16.66458473,0,78.27658109,0,0,1.038490139,0
38.89360956,,0,5,76.63433686,0,10.50697491,0,100,0,0,3.211653433,0
78.19222792,2,0,3,34.08311412,6,4.02705188,0,83.33172205,0,1,4.104771957,0
141.0172006,2,1,3,31.43968881,17,10.80580312,1,46.68499949,0,0,2.623415601,0
64.4268903,2,0,4,42.92575234,1,0.465327001,1,75.30708965,0,0,9.050051929,0
7.905111352,3,0,5,36.79463282,6,56.83362447,1,100,0,,8.725146658,0
58.40888959,3,0,2,36.71939627,2,6.96654325,0,41.57117879,0,0,6.835188735,0
83.94204806,1,0,4,24.29773094,0,,0,74.424202,0,0,,0
157.9055437,1,0,4,38.50784616,7,26.61271762,1,79.73674471,0,0,1.559870434,0
176.401568,,0,2,22.48886656,0,24.24323555,0,75.18840178,0,0,4.889323841,0
1,3,0,2,48.61114478,7,67.57687842,2,54.30429436,0,0,7.151014986,0
19.61694864,,0,2,50.66262823,1,148.3471222,0,75.40087632,0,0,3.61889948,0
206.2385702,3,0,6,39.79481037,2,44.52675732,0,87.47837709,0,0,2.312224576,0
46.69839142,2,0,5,51.59417331,4,30.19428533,1,31.422206,0,0,,0
117.0607921,2,0,3,26.44918608,0,22.31515828,2,85.46774637,0,1,6.452151205,1
,2,0,5,66.66858528,4,,0,75.65623473,,0,5.631798747,1
35.19416679,2,0,1,33.8740817,3,56.50528054,2,62.46965788,0,0,3.832059221,0
66.72888509,1,0,1,33.4405023,0,6.987989893,0,52.08167624,0,1,5.987346331,0
99.38507753,1,0,4,37.54643544,5,12.93540349,0,95.17334177,0,0,3.955030508,0
160.857926,2,1,1,24.92185914,9,47.23301998,2,100,0,0,4.585622943,0
64.07778894,3,0,3,30.29970866,2,1.795676634,1,55.99255059,1,0,3.662118089,0
1,2,0,3,38.12926864,7,11.68457753,1,96.0087157,0,0,6.779999794,0
7.996112775,3,0,1,48.46527931,6,34.14304238,0,100,0,0,6.039262669,0
86.12431906,2,0,2,43.59542077,6,14.85869055,2,81.32154809,0,0,,0
77.63390522,2,0,2,45.83449956,2,58.01966863,1,85.38359943,0,0,4.574645244,0
191.0271954,2,0,3,51.01287812,5,9.133034865,0,100,0,0,,0
82.09853101,3,0,1,37.50381324,0,19.13334388,1,,0,0,4.499584861,0
106.3088952,2,0,3,,0,15.54361156,,68.4712465,0,1,,0
60.08513777,2,0,2,29.98350814,1,15.01003248,0,87.9036995,1,0,4.163907351,0
,,0,2,39.28620894,2,3.170202969,0,76.29829795,0,1,3.842387963,1
63.80048341,2,0,3,,1,35.72267392,2,48.86475082,0,0,8.935754658,0
41.19133317,2,0,,45.39694214,4,16.68548538,2,97.27395642,0,0,3.85514409,0
,1,0,1,43.21833292,9,17.14587354,0,37.60649423,0,0,0.780149313,1
137.2575432,,1,3,44.13613184,7,21.1235251,2,46.51420247,0,0,7.734589449,0
139.2302144,3,0,5,35.36259773,4,20.35102475,2,100,0,1,8.380070897,0
168.1066202,2,0,4,65.88408268,6,35.28558594,0,29.30463457,0,0,4.893810958,0
,3,0,4,36.48958934,8,2.15046249,1,47.29842789,0,0,6.032844405,0
74.91214782,2,0,1,,6,10.22677365,0,18.61325968,0,1,1.989906855,0
126.8145455,2,0,2,18,1,42.7797944,1,76.81075912,0,0,-0.182190938,0
89.53890631,3,0,3,18,0,7.525698923,1,74.52777941,0,,2.917546439,0
234.6516832,2,0,2,36.23973488,4,24.21311716,1,65.08125706,0,0,2.084486626,0
66.92292787,2,0,3,31.62057516,2,7.806289881,0,52.92077368,0,0,7.024689299,0
190.4653175,2,0,3,52.27946134,5,49.88395405,2,80.20422522,0,0,,0
1,3,0,2,18,,11.23707679,0,77.21584209,0,0,1.982353368,0
1,3,0,2,33.68402499,5,17.47560835,2,72.22775794,0,1,4.194239214,0
114.5601378,2,0,4,49.97952145,6,4.753299764,0,100,0,1,3.15243577,0
176.1562039,2,0,4,37.5463145,1,,0,,1,1,3.56013776,0
65.09001627,3,0,,46.14595609,1,71.65625437,2,75.03415392,0,0,3.480232101,0
124.1343944,2,1,,18,1,22.82297334,,51.74946922,0,0,6.025657858,0
80.75285558,2,0,4,30.64844842,14,,0,88.11046312,0,0,8.336953337,0
103.8578248,1,0,5,18,1,20.22650606,0,62.94974055,0,1,2.826478844,0
1.574789328,2,0,4,41.82901736,9,,1,42.43454405,0,0,7.212808795,0
154.565506,3,0,3,33.78601312,2,64.81179681,0,64.11083801,0,0,5.026953816,0
98.53917971,2,0,3,,1,3.241467793,0,77.32837721,0,1,,1
85.10665975,3,0,1,22.65576373,1,23.70274443,1,72.02816059,0,0,,0
296.3118853,2,0,2,44.04576178,7,5.970401154,2,41.17095926,0,0,1.538705064,0
102.391266,2,0,3,36.61713818,18,32.68603234,0,100,0,0,2.429092975,0
204.9110737,3,0,2,34.27586283,0,23.29885828,1,95.09622689,0,0,3.629607085,0
124.0504616,1,0,4,21.23493056,0,1.887384663,0,95.56913831,0,0,5.907553362,0
,2,0,3,18,10,33.39770808,0,75.24307095,0,0,4.930541083,0
129.8220569,1,0,0,20.58067961,10,31.45646842,0,84.86476747,0,1,3.907757531,0
49.01523401,3,0,,46.06994956,3,81.35539937,0,99.03939243,0,0,6.546999553,0
125.8322223,3,0,8,,5,4.524972496,2,86.21715037,0,1,4.222589246,1
127.6520043,2,0,5,43.30468676,1,5.653846744,0,91.79464649,0,1,8.893964286,0
104.3055434,2,0,0,59.83784417,3,,0,77.63719615,0,0,3.451732715,0
208.2501172,2,0,5,50.178606,0,11.65100272,2,100,0,0,5.401998606,0
90.45481041,2,0,4,30.17353218,0,2.563638549,,48.63843034,0,1,6.193011227,0
92.77406646,2,0,3,18.78850742,2,20.38018856,0,89.2704869,1,0,10.78662938,1
98.99506241,1,0,4,52.47829194,,20.11346327,0,84.85503164,0,1,2.821344424,0
200.5102269,3,0,2,26.24984789,0,17.74412354,0,53.49003736,0,1,,1
11.18823836,3,0,2,42.531181,9,,0,75.43776635,0,0,4.580686251,0
100.0602738,2,0,3,44.27862926,1,21.05842592,0,82.15582138,1,0,5.643191,0
61.00735269,3,0,3,,,48.33771664,0,75.6914801,0,0,,1
134.2794873,3,0,3,30.82216162,3,8.055424419,0,52.36814221,0,1,4.430141354,0
99.0743432,1,0,4,18,1,66.71244303,0,95.24467961,0,0,1.719697907,0
30.52137666,2,0,3,40.75514344,19,10.6506932,2,56.74723772,0,0,7.901328713,0
125.9396509,1,0,2,21.02520822,,4.455342942,1,56.11695054,0,0,5.526107839,0
107.1793968,1,0,2,29.59668097,4,51.8092729,0,90.19331976,0,0,3.296427088,1
143.8357093,1,0,0,19.84657387,5,4.067715779,0,57.64813301,0,0,7.342753626,0
119.5563938,3,0,8,27.65881562,0,18.60575568,1,61.29629528,0,1,6.173871483,0
88.78405146,3,0,3,,1,38.1325713,2,42.66390912,0,1,,0
76.6905694,,0,1,22.35977138,3,,2,63.43595342,0,0,5.673387609,0
127.3142124,3,0,3,42.23253774,4,1.998974056,2,60.96564975,0,1,,0
157.1877022,2,0,5,23.02456542,10,21.50329716,1,97.73384236,0,1,3.995041222,0
44.99228835,1,0,3,,3,3.861485271,0,92.56728827,0,0,8.012683439,0
94.82843879,2,0,3,49.03347726,2,1.395594529,0,69.78676679,0,0,4.948855464,0
,2,0,6,43.20231615,,5.629218848,1,73.66169273,1,0,5.474550281,0
177.3752601,2,0,5,41.01782136,5,17.45480001,2,84.22970865,0,0,3.569189658,0
114.5473682,3,1,1,,4,30.50196252,1,100,0,1,7.88362375,1
166.9663295,1,0,2,60.09575962,6,13.65554485,1,88.35446149,0,0,6.302129954,0
51.81205369,1,0,3,41.13986712,4,1.352455271,1,81.02555574,0,0,5.06027749,0
79.32674194,2,0,1,29.89949462,2,,0,60.62341677,1,1,3.443634807,0
35.4719289,3,0,2,18,4,3.679999147,0,64.9319977,0,0,4.688029673,0
82.19539757,3,0,3,27.20826216,7,,0,63.16525605,1,0,5.675159461,1
94.34359737,1,0,6,36.28268175,5,23.15324288,0,85.35614867,0,0,6.362762061,0
220.1707793,3,1,3,53.96129594,0,6.609438028,1,61.49354467,0,1,0.67567588,0
188.6125798,2,0,3,47.48948224,6,41.63610547,1,100,1,0,,0
112.8599485,2,0,6,32.40220385,17,,0,39.25387484,0,1,6.290533727,0
,2,0,4,37.76586763,6,11.75169423,2,100,0,1,6.49941332,0
32.73322563,1,0,4,22.08850225,7,11.76221736,0,78.14193604,0,1,5.913037094,0
99.59433992,2,0,3,57.30116239,7,14.95429676,2,,0,0,2.69825075,0
119.9614096,1,0,,,2,53.09162369,0,71.52360987,0,1,1.480622063,0
1,2,0,3,45.49984843,7,27.30802635,0,99.41622711,0,0,3.935493223,0
159.336731,1,0,3,38.83352782,,39.9570359,0,100,0,1,5.697270087,0
154.2099122,1,0,3,34.77833753,8,23.08145855,0,81.19803251,0,1,6.296353882,0
143.6412176,2,0,0,26.35003031,,24.75344528,0,98.29721565,0,0,4.1041975,1
128.5306499,3,0,3,,0,80.84103906,0,100,0,1,5.430067603,0
148.2077942,3,0,1,47.00625775,1,7.707952019,1,90.00079499,0,0,5.590624259,0
22.8440886,,0,3,55.90551362,3,43.58431337,0,69.89132949,0,1,5.639032314,0
,2,0,3,18,3,13.22448195,0,41.42712428,0,0,6.541292054,0
106.4593737,1,0,4,,,5.636369486,0,73.36785457,0,0,4.193065957,0
68.33636476,2,0,2,18,5,7.284210758,1,60.46258175,0,0,5.26738738,0
50.88482098,2,0,2,48.3500683,,,1,61.1185169,0,0,6.854005601,0
59.06974867,1,0,,43.44117658,4,47.03859604,0,100,0,0,5.280543553,0
69.41201802,2,0,1,24.82918081,0,10.55219974,0,58.13995529,0,0,8.237651216,0
,2,0,3,47.21029678,0,5.960172266,0,62.63536678,0,0,7.312942742,0
88.94787682,2,0,,31.95161187,0,,2,99.29465114,0,0,6.057037702,0
112.1561729,1,0,2,50.8726163,12,17.72494994,,64.65652497,0,1,6.654786492,0
,3,0,2,,4,1.195156345,1,51.09648794,0,,2.997760843,0
102.7501468,2,1,2,,0,,0,,0,1,4.982259358,0
171.4380081,2,1,5,23.30048058,4,27.33257438,0,86.05999448,0,1,3.697918937,0
67.09417555,1,0,2,32.71034313,1,6.483147044,1,37.23629756,0,1,2.656063465,0
69.41154545,3,0,3,31.36662852,0,,1,55.56518989,0,0,4.112013498,0
202.6486012,2,1,5,34.35787733,1,43.80771743,0,63.53247019,0,0,3.840109419,1
94.93596406,3,0,4,18,8,,1,81.322687,1,1,4.213069607,0
148.790836,2,1,3,54.07313613,1,15.2014124,1,43.53928193,0,1,5.009790129,0
63.24415996,3,0,1,47.90747452,4,9.74083662,1,71.7093499,0,0,5.266344522,0
155.1966773,2,0,4,35.272236,5,,0,69.90279694,0,0,2.545115646,0
121.8279902,1,0,,,6,,1,,0,0,7.329028064,0
130.7683742,3,0,5,39.78849814,,,,,0,1,7.042203049,0
91.50738212,3,0,4,43.80195616,4,,2,,0,0,4.492887383,0
43.11571648,3,0,3,57.30240797,4,41.31928482,0,83.26770058,0,0,4.262704758,1
14.91670709,3,0,4,22.9183541,3,2.917307098,0,100,0,0,5.032498754,0
99.60136793,2,0,1,29.07583654,3,35.35124194,2,42.41027592,0,0,4.292329414,0
123.3215644,2,0,3,19.42880842,5,4.767464919,0,71.42508244,0,1,,0
,3,0,3,21.46919904,0,2.896927905,0,82.84341173,1,,5.846754122,0
144.759661,1,0,2,60.34231056,1,2.12603813,0,56.53428635,0,1,5.783122578,0
70.64423647,2,0,2,44.03689971,6,0.979670306,0,81.6971803,0,1,6.175179712,0
69.38816327,3,0,0,43.50299997,0,10.83692138,0,53.0969203,0,0,4.447753626,0
1,2,0,4,19.31446316,,,2,68.31218472,0,1,,0
133.2962126,1,0,8,50.11448099,12,4.127058648,1,68.12210809,0,0,,0
56.58536341,1,0,3,29.13554443,3,13.06828095,2,98.1439942,0,0,8.364431667,0
113.4296139,2,0,3,24.86877343,1,14.19140615,2,69.42670053,0,0,4.265483504,0
152.0862332,1,0,2,30.29021595,1,,1,,0,0,,1
105.5461295,2,0,1,29.59537327,,20.38028836,0,52.26768413,0,0,5.04939068,0
42.58683556,1,0,2,23.66311663,0,30.05839031,1,,0,1,1.190038152,0
124.7840944,2,0,3,,4,11.95599283,1,,0,0,,0
74.26086625,3,0,3,49.17059454,3,0.038858402,0,69.56550213,0,0,3.305652561,1
56.10087066,2,0,4,18,4,37.2801649,0,75.06319513,1,0,7.321470711,0
111.9928873,2,0,2,27.72327405,5,31.91116117,2,93.72449586,0,0,5.615705383,0
246.7828951,3,0,3,29.23125574,,14.52704631,2,92.06703039,0,1,6.435481834,0
112.9384903,2,0,3,35.78622324,0,31.14882423,0,100,0,0,4.535535235,1
135.8771128,2,0,3,22.52670188,0,5.423038473,0,48.84794235,1,1,6.76262813,1
176.9571173,2,0,2,,0,17.86533427,0,77.31871076,0,0,7.447445619,0
142.7262614,,0,3,37.25010714,7,1.259983291,1,62.54156179,0,0,4.988748066,0
159.5949667,2,0,1,29.16399607,5,23.67494438,1,99.02363965,,0,6.250727465,0
,3,0,5,40.53535049,11,35.37239164,0,90.12488086,1,0,6.720706283,1
1,3,0,2,54.62192889,9,45.91439819,2,54.07890997,0,0,4.796242373,0
62.2862075,1,0,5,28.02255699,3,,1,70.81563337,0,1,1.390834229,0
168.4850554,2,0,0,19.41672228,,56.35423417,0,53.149849,0,0,4.664845103,1
186.5584816,2,1,1,53.22992198,5,4.627343169,0,97.8390823,0,1,4.670632547,0
147.8895807,3,0,2,45.88282199,0,,2,75.48701691,0,1,5.112379555,0
88.51001847,1,1,4,,4,0.499794117,0,54.57291403,0,0,7.354172642,0
88.82637474,3,1,3,27.16095613,2,33.64981732,0,54.59508472,0,0,6.338031911,0
204.4187352,,0,4,43.27502311,9,,0,100,0,0,5.640492511,0
102.3039611,1,0,2,35.2074163,,57.05128004,1,100,0,0,7.512605878,0
124.7902511,3,0,3,,10,1.519376457,2,91.7636133,0,1,5.852487185,0
1,2,0,4,41.10995216,0,70.54828324,2,60.77679491,0,1,4.7745296,0
152.0215446,2,0,1,50.3588738,1,38.28563811,0,100,0,0,,0
48.1928214,3,0,2,47.32410628,2,52.97180182,1,84.87466304,0,0,8.779148143,0
108.6590463,2,0,3,,9,,1,82.7483824,1,1,1.865284375,0
106.4610591,2,0,3,23.84761222,5,6.180481113,0,81.95418464,0,0,,0
24.84285234,3,0,2,42.47420105,3,46.21440503,0,42.52616569,0,1,3.6943279,0
62.6272173,,0,,37.95732959,9,3.192458744,2,,0,0,5.929811805,0
90.2865434,3,0,,29.85815148,4,1.961737691,1,73.42560653,0,0,,0
96.12782696,3,1,2,21.13722517,0,15.39439129,1,93.72967555,0,0,6.098828245,0
87.19101238,2,0,3,38.45488705,5,87.99824199,0,69.1882804,0,1,,0
170.6013439,3,0,1,26.76021542,3,30.01547904,0,59.76280234,0,0,4.315101616,0
120.3028061,3,0,6,30.72644604,10,2.428939566,0,71.76434397,1,1,3.213237592,0
135.3615687,2,1,0,,1,12.37450172,0,100,0,0,,0
99.38766136,3,0,5,43.10004423,6,26.36484255,0,100,,1,8.529939989,0
117.7806674,3,0,4,18,2,9.075708115,0,79.12999031,0,0,1.740108194,0
101.116962,,0,2,,3,10.85837765,1,100,1,0,4.527483125,0
209.2547448,2,0,3,,5,,1,77.14229153,0,0,,0
65.16140908,3,0,4,23.06527888,6,17.97540494,0,100,0,1,9.172029554,0
142.0321774,2,0,2,27.60187424,2,46.89331774,1,92.42896423,0,0,4.186120529,1
110.1731818,2,0,5,36.30722012,0,28.30789469,1,59.0777824,0,1,4.39850903,0
152.3658853,3,1,2,,2,,0,83.84816388,,0,5.3847229,0
68.23188056,,1,5,33.02939315,1,3.565266334,2,71.57005651,0,0,6.280825141,0
97.15271881,1,0,1,38.34121249,,4.394406869,0,95.3738837,0,0,2.522809028,0
72.49423585,2,0,3,,10,5.593104218,2,75.25392557,0,1,2.395400145,0
109.6794956,1,0,2,41.35320249,2,6.562437983,,95.45656902,0,0,4.390056925,0
49.79727016,3,0,7,33.97112766,2,2.371353526,1,100,0,0,3.717531345,0
50.20923026,2,0,1,70.70658741,7,72.04930317,0,93.36695875,0,0,7.1873891,0
112.6868648,2,0,3,38.4038844,1,2.429644612,2,67.33418082,0,1,4.042886273,0
99.32513876,2,0,3,27.86621101,,23.60728783,2,78.41211172,0,0,,0
64.35771087,3,0,2,,,,2,92.07521907,0,1,7.694645614,0
161.5351452,1,0,5,27.57166634,0,8.83261322,1,54.10352843,1,0,-0.45034985,1
45.69727089,1,0,4,18,0,15.59964996,1,69.92804492,0,0,,0
119.9843976,2,0,5,28.73925995,6,33.62425498,0,98.76402647,0,1,,0
97.30475755,,0,0,21.42868074,1,26.46030713,1,84.87740634,1,0,3.811212702,1
79.35010889,1,0,5,34.48094705,2,45.65269171,0,68.97612742,0,1,6.045604961,0
,,0,4,,2,10.37731474,1,100,0,0,6.477423661,0
56.60387686,1,0,4,18,1,,0,,0,,4.391839457,0
87.93711727,2,0,3,20.79979033,14,4.848713267,,95.79357258,0,0,3.850387849,0
153.0685482,3,0,4,42.78016756,0,5.592026173,0,57.81049252,0,0,4.068695221,0
129.9788771,2,0,3,35.19292828,5,24.31071533,1,50.42775964,1,0,6.602024361,0
62.53211553,2,0,1,37.71662694,5,2.771297297,0,,0,0,,0
101.3102376,1,0,3,24.19345673,1,25.36295843,2,82.35114667,0,0,5.744077403,0
125.2867716,,0,0,43.09361682,4,30.49779737,0,,0,0,8.067852838,1
157.1411407,1,0,3,27.92213678,6,18.77512911,0,81.09270781,1,0,4.227964045,0
42.56029824,3,1,5,37.93861243,1,16.85134601,1,,0,0,5.328117753,0
137.5289584,2,1,,18.55794867,2,9.365985874,1,89.99433969,0,1,3.846180004,0
126.8326376,3,0,1,47.46894552,13,31.45071239,0,86.98105635,0,0,9.19324471,1
150.7185033,3,0,1,37.04899428,0,39.54723387,1,86.67606236,1,1,,0
70.99733793,2,0,2,18.23542105,0,29.9107551,0,,0,1,1.286426212,1
55.52427852,2,0,2,,8,3.152892366,0,55.45241236,0,1,4.417376971,1
141.7846056,2,0,1,53.73565478,0,27.11749451,0,50.42473937,1,0,-0.016009809,0
152.2080439,3,1,1,20.96326992,1,36.3700153,0,51.85354922,0,1,7.781421246,0
137.543639,2,1,1,22.85524925,13,,1,76.70598848,0,0,5.788114287,0
138.293914,3,0,6,50.15169095,0,6.498364702,1,,0,0,,0
109.7740866,2,0,2,18,4,13.85449867,2,57.92481046,0,0,2.534044321,0
,2,1,2,26.3546201,0,36.15461521,1,86.56863568,0,0,2.864749902,0
29.62441526,2,1,3,,0,7.902221768,0,67.74478016,0,,6.385931805,1
71.04379452,3,0,5,18,0,26.0420647,2,67.33535324,0,0,3.420663832,0
192.4304417,1,0,3,28.33544424,10,21.07098846,0,59.37612168,0,1,6.133992988,0
227.4504854,2,,1,41.69310914,3,28.40106398,0,87.5602678,1,0,3.182919789,0
,1,0,3,33.46007058,,18.95564394,0,100,0,1,5.949771671,0
1,3,0,2,37.83007359,16,50.61371638,2,85.16773315,0,1,3.356961793,0
204.7921751,2,0,1,53.67328367,1,9.884600413,0,56.00136009,0,1,8.722324645,1
118.8204763,3,0,3,36.60290747,2,18.5030737,0,46.50636848,1,0,7.995118335,0
105.4541485,3,0,2,35.76350133,0,0.508491921,2,67.42350132,1,1,,0
77.00703688,2,0,5,28.43332843,8,,1,82.00327567,0,0,4.185333877,0
92.65732394,2,0,2,61.12868365,1,,0,79.59441925,0,,4.082981589,0
54.89742228,2,0,4,55.75247082,1,41.29782899,2,63.48758762,0,0,5.445547313,0
120.1637282,2,0,2,34.06388273,0,2.007496478,0,100,0,1,4.216185791,1
30.48890374,3,0,3,25.95016423,8,8.799135408,0,61.75436852,0,1,7.879233915,0
138.3040139,3,0,1,18,12,3.697268578,0,65.76148936,0,1,3.917043086,0
103.9900742,2,0,3,41.91398953,16,43.21632756,0,73.43977142,0,0,4.533789714,0
105.5443191,1,0,6,33.94398722,2,4.105116355,1,73.00781013,0,0,4.022188511,0
49.87353177,2,0,3,45.91403531,1,4.818517636,0,53.07055949,0,0,,0
95.69651536,1,0,0,20.6057543,6,15.27433073,1,74.89602795,0,1,6.324733946,0
111.5803737,2,1,2,,2,9.04782302,0,57.75470967,0,1,,0
158.3185273,2,0,5,45.81143367,0,41.49053953,2,85.19522166,0,0,5.927832798,0
85.24550429,2,0,2,34.13706754,0,34.78811792,0,80.93056206,0,0,7.4603149,0
1,2,0,5,38.25467571,9,61.51820924,1,81.71104569,0,0,4.967046808,0
47.49296302,3,0,3,,1,170.1010159,0,100,0,0,7.249816166,0
181.7898903,3,0,5,21.75578056,1,69.27739687,0,83.10459235,0,0,0.250675137,0
125.0891368,2,0,3,52.01637914,,53.7948206,0,64.49717496,0,1,3.144218855,0
119.7901767,2,0,2,27.86439407,3,11.25207385,1,100,0,,3.955554884,0
63.34835022,2,0,4,46.59968261,0,3.489280086,0,87.74599956,0,0,7.749734542,0
138.9468252,2,0,4,67.85793844,4,1.631920404,0,36.03057952,0,0,4.035606414,0
142.5039666,2,1,3,35.47814152,1,5.916577019,0,54.15713321,1,1,5.904237761,0
96.52338569,2,0,3,,0,10.24630681,0,100,1,1,7.060236302,0
133.893766,1,0,2,62.5889156,6,,0,71.24030188,0,0,2.705650475,1
202.3431098,2,0,2,43.7048331,0,23.18871019,2,73.19027867,0,1,2.980026675,0
,1,,2,19.28562221,0,39.77649646,1,70.24847732,0,0,8.450473923,0
99.01811005,2,0,2,57.20444756,2,5.16450911,0,48.42267867,0,0,4.64976527,0
15.82809039,2,0,,63.29061946,5,11.4423577,1,93.26208974,,1,1.400731515,0
127.6149969,3,0,1,,3,29.94403385,1,91.19580311,0,0,6.715579066,0
72.24916492,2,1,6,48.34678737,5,24.42761891,0,90.72534536,0,0,7.09571962,0
86.77425793,1,0,,68.6813308,13,2.613667212,1,97.4440838,0,1,4.789809281,0
110.6646854,2,0,4,30.52721537,0,35.5445423,0,43.30881172,0,1,5.337065964,1
158.1688028,3,0,1,61.13921264,16,10.18182786,2,71.18817923,0,0,4.722968465,0
186.3481926,2,0,2,40.78600316,4,5.289500867,0,57.93159557,0,0,4.2008476,0
37.2538666,2,0,1,65.99823192,11,17.03046376,0,72.13729725,0,0,6.322168661,0
131.2059909,2,0,2,64.37982191,12,9.745450015,2,93.06752901,0,0,8.039889561,0
88.45327349,2,0,0,,6,21.89555411,0,100,0,1,5.109677989,1
42.61543051,2,0,5,23.11504534,15,48.16864907,1,78.01419211,0,1,5.235936023,0
125.2982777,3,0,2,46.07970245,24,,1,79.35966195,0,0,4.619236084,0
,2,0,5,23.55236505,0,11.92010786,0,88.1634775,0,0,3.737524347,0
118.9883818,2,0,2,37.04122023,3,47.83029647,0,66.57155843,0,1,4.235038914,0
77.19395863,2,0,3,31.33727343,0,54.26029618,1,65.77074718,0,1,2.880525166,0
23.12076018,2,0,1,44.93499992,2,22.01706133,1,59.43235373,1,1,,0
121.7987695,,0,0,18,1,1.531449734,2,44.71131338,0,0,7.809724415,1
77.31818062,1,0,2,45.79965194,1,0.862143734,0,45.36646158,0,0,4.964740686,0
173.7556182,,0,,54.1006121,1,40.64163922,2,52.20944955,0,1,6.496529491,0
68.42814863,2,0,0,27.40198261,7,8.35677679,0,36.57768819,0,0,4.30871624,0
97.21154612,1,,1,49.51377078,2,20.92035197,2,85.25210343,0,0,4.476684046,0
100.2114929,1,0,3,32.67752988,6,7.667680166,1,64.42960505,1,0,4.622264437,0
94.01901878,3,0,0,32.38901509,1,52.91603702,1,50.42096011,0,1,5.478719239,0
97.44406535,3,0,2,54.38351262,0,2.389831292,2,50.48487771,0,0,-0.416809208,0
,2,0,3,45.9105442,,2.952395353,0,57.44019966,,0,5.236404872,0
69.71922301,,0,1,54.41613534,2,87.40912861,0,44.04984148,0,0,4.407893005,0
48.50138626,1,0,,30.11605082,7,133.2371426,0,56.32292457,0,0,3.415039458,0
207.1135179,2,0,3,55.39395201,4,36.96742974,0,35.82284882,0,0,9.519207684,0
63.09714582,2,0,1,33.38098849,4,34.88196311,1,87.59932937,0,0,5.912807376,0
104.903377,2,0,7,45.8129573,4,51.5919406,2,87.0540987,0,0,2.034036921,0
148.6811125,3,0,2,30.210033,8,0.661428997,0,48.58311476,0,0,3.194861919,0
59.19225055,1,0,3,18,2,,2,97.27955409,0,0,7.898961533,0
170.9265673,1,1,0,38.23215139,5,10.71139464,0,80.02149125,0,1,1.917340053,1
112.4691842,3,0,0,,1,,0,89.10875519,0,0,4.748516871,0
88.47376874,,0,2,,4,,2,97.90887845,1,1,6.470101334,0
133.1772809,2,0,1,64.06999289,1,15.82127766,0,81.6636112,0,0,,0
83.88397654,2,0,2,21.59446535,2,3.260477788,0,100,0,0,,0
148.7598815,,0,5,67.46224715,3,5.635461983,0,84.05798885,0,0,3.964835774,0
109.5211945,3,0,3,51.63703554,3,0.371584391,0,24.40037549,0,0,4.762901913,0
156.9777768,1,0,2,35.07222426,5,31.63131699,2,47.2896829,0,1,5.453337463,0
,2,0,2,,7,,0,93.79322692,0,0,2.867346823,0
142.6386838,2,0,4,46.9518141,0,28.36493163,0,71.88068652,0,0,,0
81.41104942,1,0,3,26.65576465,0,1.021149824,2,93.44095081,0,0,5.057649992,0
40.83707437,2,1,2,,3,2.716867155,0,85.07407035,0,0,3.706126075,0
20.9404649,2,0,3,32.65608908,0,10.83858165,0,82.90993333,0,0,1.609652637,0
104.9943477,1,0,2,39.5295874,0,,1,78.32699084,0,1,,0
156.8657271,2,0,6,34.86718387,2,6.655643608,0,85.19707244,0,1,5.826588152,0
,1,1,3,18,2,,2,75.84717133,0,0,3.539791289,0
94.97621397,2,0,2,,3,2.514508554,2,81.70253539,0,0,4.015646123,0
207.1972045,3,1,3,46.04490301,0,36.99547545,1,78.08487542,0,0,,0
32.12412301,2,0,5,39.15983566,1,30.75894665,1,34.77959237,0,0,4.454124908,0
137.2095986,3,0,3,34.7904291,0,,0,76.51634639,0,0,,0
123.4489039,,0,5,53.23585879,3,5.802560651,0,76.07991763,0,0,6.817551667,0
95.95413312,1,0,2,47.68774101,14,27.50950625,2,82.2805835,0,1,6.028997707,0
,1,0,4,,10,24.94063436,0,87.30773873,0,1,5.584238746,1
136.5977751,2,0,,37.42181997,,0.743843939,0,88.02429481,,1,5.180093286,0
7.98668076,2,0,2,38.22219164,0,35.09467438,1,78.80354963,1,0,5.463574313,0
156.3025125,3,1,5,18,1,19.49648989,2,100,0,0,7.817352397,0
119.6936609,1,0,3,18,5,24.83957697,0,70.15713917,0,0,1.359792112,0
149.1926172,3,0,6,42.68934487,3,15.53681528,0,94.58170565,0,0,3.873616098,0
95.16199484,2,0,1,18,0,15.96364405,0,70.55414964,0,1,7.27871278,0
166.8484537,2,0,4,44.85170634,20,52.08193144,0,77.92556507,0,0,3.110893405,0
153.5075119,1,0,2,41.55913644,7,27.83327491,0,69.87014506,0,0,0.941610793,1
129.1013284,2,0,1,27.6160448,1,0.089278098,0,78.71513503,0,0,5.389768221,1
70.15526076,2,0,4,36.88110174,0,9.879919113,0,82.85254836,0,0,6.37760831,0
,3,0,1,22.22394341,5,,1,74.36575028,0,1,3.856694575,0
130.6386953,2,0,1,39.56301478,3,10.08614173,0,82.10308555,0,0,5.676436464,1
110.253767,2,0,2,65.68583404,1,19.35115902,2,82.07048518,0,1,2.398637952,0
104.1141995,2,,1,21.46853904,14,2.682234431,1,71.60835528,0,1,5.86749841,0
74.78509921,2,0,2,18,8,10.24846602,0,59.39374253,0,0,7.793051259,0
148.0993595,2,0,5,49.20016832,0,6.025219861,1,93.1684096,0,1,4.351807867,0
108.9957185,2,0,0,,4,5.397093862,0,100,0,1,2.005833415,0
66.42438965,3,0,4,18,7,3.323618284,2,66.97942449,0,0,7.18739179,0
66.11275147,2,0,2,47.28723189,6,,1,91.73579291,0,1,,0
12.61817451,2,0,1,,3,10.65889255,2,59.51306628,0,0,5.705066093,0
60.83733538,2,0,3,34.76483061,1,11.32743199,0,64.25277856,0,0,4.206820763,0
96.01793044,2,0,4,52.95845506,17,,2,66.29529374,0,0,3.029540149,0
54.56151646,,0,1,29.20864306,,17.86866187,1,98.55029675,0,0,6.01714737,0
208.4968294,3,,5,25.50628421,1,46.78077257,0,94.19152974,0,0,5.229751271,0
214.5955633,,0,1,18,,110.6744063,0,62.96401212,0,1,4.119624531,0
108.9947076,3,0,3,,0,17.32831892,0,,0,0,7.000108394,0
65.68604321,3,0,1,18,5,52.96964421,0,47.05597784,0,0,5.098442039,0
129.5327415,3,0,2,44.60281734,0,43.4701588,1,91.03657734,,0,4.562159142,1
104.6686187,2,0,2,31.78688899,1,,1,55.08067244,0,1,7.115177311,0
219.718095,2,0,6,,16,60.6620778,1,54.94573906,0,0,,0
141.3023586,1,0,3,18,3,21.50472766,0,86.19059746,0,0,5.903500699,0
179.7221196,2,0,2,18,9,23.32367521,2,75.13072167,1,0,3.815715496,0
61.2692515,2,0,5,51.66283277,2,,1,75.81354206,0,1,7.904167417,1
144.4815398,3,0,2,36.33180972,2,18.52987201,1,66.6900749,0,0,,0
110.8716437,3,0,3,33.53978282,7,10.6315795,0,95.13886022,0,1,4.539851172,0
12.88891537,2,0,1,35.96398057,1,13.18050189,1,94.93290591,1,0,4.380818274,0
121.0486472,2,0,4,33.03958682,0,3.964119991,0,85.20787045,0,1,3.987580509,0
107.9026745,3,0,1,52.25183946,0,83.27375793,1,94.27528615,0,0,6.160064922,0
106.867624,3,0,6,29.12919701,,7.259565863,1,77.95741642,0,0,4.705474039,0
79.65573777,2,0,2,,5,1.838976535,0,78.78199606,0,0,3.96251562,0
23.42323424,2,0,5,21.32396482,3,21.01644727,1,100,0,0,4.918709516,0
116.0796606,3,0,3,46.96114053,0,40.10718869,0,69.75420829,0,0,4.700197842,0
108.4680412,,0,3,24.11857278,4,0.983674715,2,58.13204781,0,0,6.21553751,0
110.4191404,1,0,0,36.76663546,7,1.936328376,1,95.83237042,0,0,7.244601103,0
70.97382751,1,,2,,3,25.99370802,1,91.40957541,0,1,4.931207432,0
185.5306686,2,0,7,49.03379109,1,58.95178985,1,83.68266014,0,0,5.806313096,0
38.1932102,2,1,3,34.70033321,9,,0,100,0,0,,0
40.27385301,2,0,1,33.73626672,4,89.29465942,2,76.58076969,0,0,6.092287825,1
92.0030735,2,0,2,24.07971642,0,1.073847124,0,69.54062628,0,0,6.181338947,0
112.8085303,2,0,,54.67360883,4,29.91610125,2,,0,0,5.875722651,0
118.7727929,1,1,3,60.44066024,,16.2420824,1,63.43339795,0,0,5.09671638,0
80.14423342,3,1,3,75.80696519,0,58.55668203,0,100,0,0,-0.122949112,0
163.1292052,3,0,2,41.35830377,0,11.25855102,0,,1,1,4.668898208,0
27.73973678,2,0,3,,,53.58441103,,82.40958697,0,0,7.135136807,0
52.49682513,1,0,4,46.59434557,2,42.71721042,0,100,0,0,4.141631353,0
,2,0,4,,3,4.496783105,1,100,0,0,5.032989349,0
148.1939558,3,0,4,37.4209537,0,6.177177297,0,66.00392519,0,0,,1
86.56771233,2,0,4,58.79003632,7,31.84676779,0,,0,0,5.520949624,0
152.003091,3,0,5,37.25027253,8,5.260513259,0,80.61849985,0,0,2.11549566,1
92.09230778,3,0,,52.49052509,,18.42379885,1,56.786008,0,0,5.749158062,0
98.04189423,2,0,3,35.01855526,4,9.25328446,1,98.46228373,0,0,5.562823356,0
73.77164931,2,0,3,28.3147565,2,16.91501771,1,52.3258884,0,0,7.970906713,0
142.9916781,2,0,2,42.53576274,3,54.11701383,0,74.22189731,0,0,,0
66.15389998,3,0,4,24.70641924,0,64.95970954,0,100,0,1,8.022465686,0
96.84384934,3,0,4,28.73759053,9,30.51745734,2,84.43694172,0,1,3.669869753,0
29.18864721,2,0,3,19.00646421,1,8.255018254,0,,1,1,6.163776873,1
80.40616173,3,0,6,,8,3.318274046,1,64.65622416,0,0,8.773483812,0
,2,0,6,41.55576798,11,5.860466068,0,76.43889317,0,0,6.288079411,0
132.8276804,2,0,1,25.47601265,3,3.993553082,0,100,0,0,4.843168928,0
47.07796832,2,0,7,47.0203495,5,12.42446593,1,67.06817791,0,1,6.078943864,0
81.64860805,3,0,3,67.27592449,2,11.99342014,0,51.75004382,0,0,3.240049384,0
104.3071942,2,0,2,37.10309786,6,29.77251983,0,67.33102001,0,0,,0
78.12708498,2,0,1,,5,4.809550402,0,74.34300349,1,0,4.449215899,0
,3,,3,27.36687207,3,49.72841876,0,63.7754197,0,1,7.041533232,0
123.5022094,2,,,21.59562921,4,16.81244621,0,100,0,0,7.211262989,0
122.2301334,3,0,2,51.52122851,5,2.161417384,0,100,0,0,4.244629873,0
104.2084115,2,0,7,42.39186393,1,46.4803832,0,93.01046948,0,0,5.618234199,0
56.80585197,3,0,3,,6,21.88326375,1,32.48502282,0,0,6.547499708,0
123.8120177,3,0,4,41.23733019,1,20.49107404,1,37.23929178,0,0,6.795519708,0
1,3,0,1,18,9,2.149757522,,100,0,0,6.517822849,0
93.02768622,2,0,7,29.25655259,8,50.4248657,0,44.70246386,0,0,6.910222347,0
13.71144376,1,0,1,,2,17.63734623,0,61.22663546,0,0,5.07061398,0
73.36372509,2,0,2,29.76279253,0,13.62845409,0,97.46316781,0,,6.160418155,0
43.71725161,,0,2,48.43167135,1,44.60385664,1,73.35898996,0,0,8.650915014,0
93.74127858,2,0,1,40.09329447,9,16.49273748,0,26.39601273,0,0,5.243881807,0
147.5724639,,1,3,52.82394763,1,5.925049338,0,68.41502655,0,0,4.82132855,0
181.4307773,3,0,2,53.83631413,0,8.651658795,1,93.30123211,0,1,7.309592085,0
103.6126024,3,1,4,44.69811102,1,30.42380468,2,30.01087392,0,0,3.54849849,0
169.9613975,3,0,0,21.32912806,1,24.58978117,1,77.58640419,0,0,4.079651611,0
,2,0,1,,4,1.235926992,1,71.27020525,0,0,7.769791261,0
85.83909805,2,0,1,18,9,10.40992482,1,84.54015208,0,0,5.161169907,1
58.62048897,3,0,1,24.36945061,2,26.35100871,1,40.68553196,0,0,1.903345775,1
46.49042186,2,0,2,21.00836953,0,2.688526127,1,,0,0,4.114553942,0
143.7258537,1,0,2,32.43371064,,,0,100,0,0,7.485987809,0
,2,0,3,,8,5.974640422,0,69.03393524,0,1,7.498869601,0
46.3930494,1,0,3,28.99697325,6,14.72907832,1,63.25172047,0,,2.855523233,1
97.00869282,3,0,2,38.70057576,3,33.85753185,0,100,0,0,4.60412576,0
,2,0,3,18,1,53.38357122,0,64.76998523,0,0,6.243066616,0
128.449154,,0,2,39.73873213,,,1,,0,0,5.025808187,0
138.8703676,1,0,2,27.86653911,1,,0,84.68660659,0,0,8.049789486,0
124.6009424,2,,5,64.17033903,7,3.950562283,,92.4724489,0,0,4.202089182,1
176.5167282,2,1,0,34.92850942,3,23.91877404,0,63.45506224,0,0,5.35077456,1
106.2142847,2,0,1,41.89719037,7,22.64895004,0,69.42262055,0,0,4.265358687,0
100.0662844,2,0,,33.49714407,,25.496403,2,50.36650407,0,0,5.575933253,0
68.07070874,2,0,2,,0,,0,79.21684082,0,1,5.63293191,0
139.53128,3,0,4,18,13,,1,43.91245198,0,0,4.900779236,1
81.9344719,1,0,3,26.34104374,8,33.58230738,0,84.24790371,0,0,2.964549097,0
160.4183115,2,0,7,22.88670333,2,13.57238787,0,75.58027473,1,1,3.247827893,0
47.03932391,3,0,6,58.51392989,3,16.86809681,2,80.68074863,0,0,,0
161.790581,2,1,2,21.63497623,4,86.96365654,1,92.83824398,1,0,,0
,3,0,2,59.76155345,0,6.927201965,2,100,,0,,0
84.13247539,1,0,1,28.15200197,1,7.256319669,0,88.47910457,0,0,,0
88.5304628,2,0,,,1,17.57992411,0,100,0,0,6.741905184,0
105.672802,3,0,1,40.81651278,5,6.456103167,0,81.02875636,0,0,3.573161825,0
77.32929458,3,0,5,41.90425747,8,25.52473926,2,43.08664175,0,1,6.554965615,0
,3,0,1,34.36582965,0,19.21147823,1,58.92843905,1,0,4.674488008,1
89.81631249,3,0,3,18,0,8.530685174,1,44.91776361,1,0,,0
41.89670899,3,,4,24.73685942,0,35.43522274,1,54.53477572,0,0,5.705214544,0
,3,0,3,19.4399546,6,9.879754367,0,100,0,0,6.478644397,0
87.09772422,3,0,3,42.55432948,8,3.542356649,1,45.27923776,0,0,4.009112216,0
131.1103572,1,0,6,27.854333,2,18.64996176,1,63.01066875,0,0,5.539487247,0
127.8905153,2,0,3,26.46457549,,17.94783098,2,96.65442221,1,0,4.670348747,0
90.30869306,2,0,3,61.34318125,4,65.69835883,0,100,0,0,5.147665493,0
96.35855437,2,0,4,57.22362186,0,13.03791241,1,86.5370848,0,1,0.259227894,0
165.1753966,2,0,2,,8,3.357310523,0,64.69268677,0,0,5.222501107,0
36.32072257,3,0,0,18,2,73.57598568,0,89.45933635,0,0,6.164427971,0
75.60442959,2,0,5,29.43363914,3,126.3711969,0,76.99884404,0,0,3.978576056,0
149.8816038,2,0,1,24.89214479,14,9.211824242,0,61.05209198,0,1,5.169303119,0
163.8838411,3,0,5,27.94696086,1,30.93734088,0,70.86516957,1,1,0.721353614,1
59.620433,2,0,4,26.47806798,6,59.82776639,1,59.89474023,1,0,7.621797192,0
143.6228664,1,0,2,23.54450816,3,4.792432816,0,100,0,0,7.152245837,0
74.19776359,2,0,2,43.65106223,7,2.955355486,1,68.670835,0,0,8.193381239,0
31.70879223,2,0,0,45.55634537,2,8.844077422,0,66.71575913,,0,4.133208039,0
29.85669214,2,0,4,25.3740756,2,54.11139039,1,87.17891991,0,0,2.570866133,1
187.7737849,2,0,3,40.17251464,10,0.953230371,0,62.68840403,0,0,5.992649275,0
108.7643389,1,0,4,27.89880686,6,27.60081018,0,97.0846696,0,0,8.827125902,0
175.4565507,1,1,4,53.69160366,,14.31911561,1,,0,0,6.780182184,0
163.3455575,2,1,2,,7,8.286341419,0,87.15536576,0,1,5.876899015,0
257.6028367,2,0,4,49.29129818,3,12.519563,0,61.07880521,0,0,4.947550469,0
151.5329904,1,0,3,24.71734636,2,23.59740751,1,,0,0,1.931907518,0
121.8656594,3,0,2,51.87983259,4,71.93239395,0,85.30040139,0,0,6.899553715,0
136.538206,3,0,1,45.66520849,6,44.64029352,2,100,,1,4.142894829,0
97.28525667,2,0,1,33.04180054,5,,0,81.41916368,0,0,5.797771226,0
91.20570938,1,0,,18,0,62.64759436,,,0,0,5.960998155,0
113.2134136,3,0,3,18,8,24.19373313,1,62.63210981,0,0,,0
67.27332145,2,0,3,58.27990298,1,0.77477118,0,63.04348643,1,0,4.708822875,0
126.5341562,,1,3,35.4876054,7,19.47153674,0,53.46786213,0,0,6.160802167,1
54.93121601,1,0,5,20.64120598,0,18.24153644,0,78.90312712,,0,3.758697603,0
124.0454046,3,0,3,43.33642401,1,,0,37.92815425,0,0,5.753476456,0
72.78086377,2,0,2,51.12442891,20,50.62828002,0,72.65734793,0,0,7.356893013,0
,1,0,3,52.48781387,11,,1,93.63459986,0,0,2.695548618,0
87.04789271,2,1,4,23.43689467,1,40.67333067,0,87.85717174,0,0,3.512245677,0
28.3097088,3,0,4,,0,0.985725478,1,74.44292499,1,0,4.853738055,0
116.6929983,3,0,3,34.05129813,7,0.443437405,0,85.24690452,0,0,6.132134661,0
,1,0,2,18,1,3.731476251,2,75.50827941,0,0,,0
19.10996931,3,0,1,25.36522685,7,18.9843441,0,100,1,1,,0
103.0115105,2,0,1,20.34740127,7,12.66858572,0,91.30432802,1,0,7.544837272,0
24.16787253,3,0,1,40.31183328,2,,0,87.58883884,0,1,,0
189.7605678,3,0,3,26.47874332,5,104.9985561,0,100,0,0,3.434886564,0
69.29387175,1,1,3,18,6,1.365338843,0,79.41225122,1,1,6.136173978,1
66.49423998,3,1,4,20.63091172,5,41.98417808,2,90.45705749,0,0,1.984329002,0
,2,0,3,43.43417713,11,15.5819005,1,73.12388382,0,1,6.187017277,1
88.43495285,2,1,3,24.51094299,5,30.62461353,,63.13522091,0,0,5.542463661,0
58.03912384,2,1,4,62.32965248,3,139.5007212,0,74.90699326,0,0,5.976444044,0
123.7349116,2,0,1,18,6,14.89317395,0,43.26530829,0,0,4.923643641,1
84.52267803,3,0,5,54.92442061,2,39.88466216,2,88.59649126,0,1,4.191914125,0
64.71132585,2,0,4,46.95131548,0,20.4544185,1,91.84761303,0,0,7.29283056,0
92.64989992,2,0,1,39.72793377,12,0.134772748,1,57.31607454,1,0,4.358319654,0
62.75486776,2,0,4,20.79600354,13,24.12701602,,89.34991496,0,0,4.783414845,0
,2,0,5,18,17,39.01902135,0,80.18797368,0,1,6.565117034,0
143.615769,3,0,2,28.94189901,11,8.428866042,,,0,1,5.109763625,0
75.42190305,2,0,1,,0,0.648419004,0,58.3118062,0,1,,0
114.3562083,2,0,2,37.67887134,0,52.16687599,2,59.84421001,1,0,4.876109616,0
81.73795113,3,0,1,36.20046633,2,40.17207952,1,100,0,0,7.289519983,0
73.77398669,3,0,1,31.76584943,,49.72863375,1,87.65314212,,0,4.576558516,0
13.48686348,,0,4,30.6517114,6,11.48999247,0,55.65132591,0,0,7.092336173,0
89.21064368,3,0,0,22.64549183,0,40.07618308,2,64.29431011,0,1,6.595346164,1
78.80549788,3,0,4,44.82527273,2,,1,81.86407008,,1,6.482730828,1
86.00033491,2,0,2,,8,7.610750226,2,78.98531087,,1,2.63638387,0
,3,0,4,18,1,39.30060905,1,74.06331348,0,0,6.459161694,0
122.7370456,3,1,3,51.53188562,8,10.37996608,0,95.27614949,1,0,4.74556865,0
115.3916186,3,0,1,33.05517334,0,19.39351066,1,100,,0,2.296789105,0
56.03586088,3,0,2,18,1,23.58006261,0,91.60762442,0,1,6.693524719,0
132.5100589,3,0,4,40.26213727,1,24.42386379,0,51.39313121,0,0,2.673049911,0
38.71171685,3,0,2,,1,,0,91.03508113,0,0,2.735320811,0
58.71731586,3,0,1,38.11779653,6,7.361827672,2,75.48725114,0,0,6.003326582,0
116.8977777,1,0,2,21.54533619,1,,2,37.6796895,0,1,1.784369788,0
1,2,0,3,28.97276379,2,3.033671554,2,64.91659181,0,0,3.166545627,0
79.17807834,3,0,3,36.6201809,6,,0,59.69602872,1,0,3.816763171,0
173.1097969,2,0,8,41.22722848,4,23.40213549,0,87.80300438,0,0,2.931029757,0
75.63985394,2,0,5,21.2560242,3,48.50062047,0,81.25607645,,1,1.787177761,0
110.0229816,3,0,5,62.2160288,2,6.590991791,0,87.22475912,0,0,3.863367625,0
101.6398498,3,0,,19.30045279,25,1.829793016,2,41.48128118,0,0,3.341696324,0
43.48981377,2,0,2,32.71900624,,78.28719452,1,77.52927585,1,0,4.149656758,0
115.0773671,2,0,3,44.24751561,0,19.02862017,1,,0,0,7.48175051,0
69.59969285,3,0,6,29.73833638,2,1.417650247,2,67.8566774,0,0,6.735353457,0
124.5714726,2,1,4,,27,,0,57.60300219,0,0,6.703466818,0
109.7538463,1,0,4,26.05693554,7,65.43346351,0,55.87339283,0,0,5.834967942,0
182.7703557,3,0,0,18,0,4.6664642,0,76.20130841,0,0,5.532169613,0
103.6076618,3,0,3,40.03954202,1,13.38191683,0,94.20981279,0,0,7.329369179,0
64.04452743,3,0,5,54.63661281,15,36.54712684,0,88.94946082,0,0,5.955158368,0
20.03026189,3,0,2,40.19707883,10,21.2426612,1,92.94079411,0,0,4.857069418,0
3.616371033,2,0,4,54.76789625,3,,1,46.60163426,0,0,1.893852949,0
21.60702873,1,0,2,31.18611611,0,1.529164516,1,74.71172774,0,0,6.425793747,0
80.80626293,2,1,2,32.34461416,2,7.59197302,1,42.92612044,0,0,,0
16.27652698,2,,0,50.2672593,16,32.02873643,0,89.30069869,0,0,5.274121849,0
32.20148276,2,0,10,62.07869994,0,5.069974288,0,43.89999319,0,0,3.273361118,0
117.8556286,2,0,4,34.21747773,4,41.70289925,0,83.21802133,0,0,3.239046082,0
76.8419319,3,,2,,0,,2,70.84500907,,0,3.673948539,0
,1,0,3,34.23998603,9,16.5366089,0,37.73976877,0,0,0.582216123,0
73.2335907,3,0,1,35.48102764,1,7.092530307,0,45.02142218,0,1,6.089690262,0
121.0349816,1,0,1,51.10701207,3,71.30392445,0,50.11513085,0,0,9.636536653,1
61.04902892,3,0,2,18,7,93.34001015,,61.33928524,0,0,6.159249927,0
30.21053989,1,1,0,38.89777616,2,16.45825884,0,77.79530056,0,0,7.683879727,0
152.890709,2,0,3,52.08286169,8,28.40669784,2,78.6114925,0,0,7.822853958,1
118.8550197,3,0,9,31.57771691,4,42.87325439,1,54.6983271,0,1,2.586769392,0
68.49875102,1,0,2,42.96589722,4,38.20075068,2,67.46603788,0,0,6.625223197,0
105.8289256,2,0,4,34.99655452,4,19.87851958,1,58.74410366,0,0,,0
75.17341323,3,0,3,25.1792755,6,16.3769712,1,100,0,0,4.634953139,0
53.77179428,2,1,2,43.61866851,2,26.53089218,0,88.64953479,0,1,2.670239291,0
85.40943655,3,0,3,25.2474494,0,18.56364547,0,55.4412679,0,1,4.512798166,0
217.1827026,2,0,5,40.62301364,3,62.63359943,0,93.26907611,0,0,6.996036506,0
141.6764481,3,0,3,38.79228357,1,3.760935157,1,92.54111535,1,1,5.699724292,0
168.1281426,3,0,,,6,2.407185736,0,70.46288006,0,1,7.262232341,0
36.53347517,2,0,2,48.20786297,,19.44719998,2,90.79330663,1,0,2.131807855,0
171.2247911,1,,5,28.90447461,4,26.66602072,0,89.52904044,0,0,5.946798408,0
11.47594311,3,0,4,18,4,15.11199845,0,87.20175843,0,0,7.509532701,1
100.9008436,2,0,3,39.31781095,0,6.986317502,2,55.69585793,1,0,,0
99.7446684,3,0,9,33.7515811,8,5.92127738,1,47.12496292,0,0,3.191069056,0
,2,0,1,50.02225958,20,,1,61.04887135,0,1,4.939817022,0
48.79857046,1,0,2,32.69221141,0,19.58369285,0,92.01194622,0,0,,0
105.3215114,2,0,1,32.33847485,2,12.19628078,0,82.42327894,0,0,,0
109.4853084,2,0,2,42.44788162,1,6.262907888,,67.03205895,0,0,9.291419721,0
103.4684901,2,0,1,18,0,44.37421534,2,83.65184256,0,1,1.520329614,0
140.4797218,3,0,2,48.14826237,4,1.508132523,0,84.36656907,0,1,5.839633678,0
75.8057083,3,0,,26.47212055,,51.22780804,,56.87995694,0,0,,0
78.37209061,2,0,3,46.22560509,1,23.54424268,2,92.88228428,0,0,7.16507562,0
82.74176473,2,0,3,,15,18.47490963,1,69.58749206,0,1,4.712569399,0
134.011018,2,0,1,25.2022077,0,33.58686137,0,49.7542809,0,0,,0
66.85495412,2,0,4,56.32510256,,10.34565366,0,82.05903162,,0,9.311864304,0
58.2859095,2,0,1,35.15225811,0,23.44586507,1,68.86292007,0,1,6.302057179,0
76.29109124,3,1,2,52.19074861,4,6.155851191,0,40.33516528,0,0,5.996043442,0
42.91554429,3,0,1,38.03129127,5,0.100964014,,64.78999759,0,0,,0
82.63488555,2,0,4,37.73259899,4,8.333940372,2,65.16608674,0,0,5.79443284,0
104.350824,3,0,4,43.1575713,2,51.06643594,0,83.33673149,,0,4.896518053,0
,3,0,0,36.10582836,2,56.68651354,1,67.42399025,0,0,7.159632204,0
,1,0,8,27.64925328,4,5.804001539,1,100,0,0,,0
87.36183725,2,0,6,65.6369131,,53.44811484,,94.58804012,0,0,,0
181.6205652,3,0,1,18,2,25.73945836,1,100,0,0,8.377941378,0
2.632876293,2,0,1,20.06804628,1,47.27743202,1,78.29544443,0,0,,0
85.12182483,3,0,2,27.71996412,17,10.73216217,2,85.31489325,0,1,3.404079687,1
77.04548449,3,0,2,46.7955828,5,29.92479139,0,70.13658803,0,0,6.344815037,0
91.8603547,3,0,4,59.99856153,17,8.346790037,0,43.96210471,1,1,4.039402905,0
109.0625581,2,0,5,38.23795709,1,217.1874905,1,65.81310015,0,0,1.4280994,1
107.1471547,3,0,4,,2,17.83293918,1,,0,0,5.251505712,0
113.9174317,3,0,2,46.68907897,1,33.02870542,2,85.13944597,0,,9.589532228,0
70.38795776,3,1,7,53.47023419,3,13.82111333,0,90.19181544,0,1,7.414201986,0
100.6964646,1,0,5,39.09777821,6,64.60764029,2,37.86113797,0,0,6.818905966,0
93.56702768,3,1,1,41.79880841,15,12.351718,0,78.98136828,0,0,5.821144044,0
89.71860732,2,0,6,21.43059955,4,2.669348901,0,69.69098675,,1,5.479471268,0
152.6945776,2,,2,,0,12.25544228,0,94.04911817,0,0,6.714588427,0
71.44105051,3,0,1,42.51943683,2,24.28954681,1,100,0,0,4.128399115,1
64.17132558,2,0,7,36.17563675,2,25.77530903,0,,0,0,3.102140796,0
87.83080103,1,0,1,18,1,,0,65.68478483,0,0,4.146141221,1
72.52298627,2,0,2,19.98562342,0,10.11898155,2,79.44248317,0,0,3.938203649,0
104.1219876,2,0,5,33.75753256,1,28.43932114,0,36.16698917,1,0,0.956547863,0
,2,0,3,,5,48.54629112,1,87.26054201,0,0,2.521953063,0
108.0294717,,0,3,51.69134452,0,28.31006962,2,75.21827034,0,0,,0
138.540111,3,0,1,46.56524286,0,36.23126598,1,95.16380826,0,0,5.034788209,0
145.9457427,1,0,2,30.81495598,11,8.43330918,1,100,0,0,3.880167355,0
87.56920731,2,0,2,,5,58.51035553,2,92.2776864,0,1,0.3824398,0
108.9811136,2,0,5,56.44360042,7,,2,82.52861618,0,0,4.234093944,0
55.47155947,2,0,3,,0,13.02452154,0,86.63696936,0,0,4.074000347,0
,3,0,5,28.96326026,13,21.50639006,0,67.33168949,0,0,3.402444689,0
137.8960925,1,0,,40.16331368,,18.90504851,1,100,0,0,7.622826396,0
,3,0,1,,0,69.75508585,0,53.80083832,0,0,5.185394026,0
132.2742091,1,0,4,33.49628615,5,15.63950293,2,36.12688291,0,0,5.403297583,0
124.4627268,3,0,2,32.99005877,9,5.064439524,1,84.21114028,0,1,1.939784318,0
62.21274203,3,0,2,31.63047384,14,14.85959743,0,88.21620604,0,1,8.379657229,0
2.921609969,2,0,3,27.38632141,1,19.22550651,0,,0,0,3.382122982,0
164.0508181,3,0,2,31.62316427,0,2.898043934,1,80.25751321,0,0,,0
1,2,0,2,53.86764853,,13.51262411,1,97.71411836,1,1,9.129198341,0
88.67579506,3,0,1,35.86653349,5,42.31504141,,59.32271983,0,1,,0
111.7107366,1,0,2,47.89090096,1,47.8426412,1,87.4913168,0,0,6.362066298,0
116.135928,2,0,4,18,9,21.9551901,1,94.03226953,0,0,7.685341649,0
140.6758609,2,0,1,61.48560723,1,2.54027176,1,62.73038529,0,0,3.791851495,0
131.4814421,3,0,0,,0,15.16821691,0,46.71478889,1,1,2.811444519,0
145.6792313,3,1,0,60.99119038,0,31.42518879,0,44.84079057,0,0,5.819807288,0
67.65316111,3,0,7,29.62726092,0,12.85414362,0,75.84537563,0,0,4.114615587,0
1,2,0,2,38.86751194,1,42.39385749,0,100,0,0,6.320994483,0
96.86758889,2,0,2,40.57587421,1,9.728961154,1,68.20403279,1,1,,0
90.23048244,1,0,1,43.21306485,7,,0,71.84838866,0,1,4.763069133,0
47.46883391,2,0,5,26.47528019,5,16.48735298,1,100,0,0,,0
106.1004907,2,0,6,18,0,56.73575885,1,100,0,0,4.230688803,0
154.3855213,3,0,2,35.30230318,3,58.04700013,,80.25892375,0,0,5.017179916,0
105.0395536,2,0,2,,,38.18743669,1,49.0870453,0,0,4.270032492,0
115.9260502,3,0,1,58.6140658,3,7.68400614,,65.56769273,0,1,7.47972218,0
119.7899424,2,0,4,56.70106385,5,13.55130114,1,94.85532007,0,0,6.352610191,0
59.53095895,2,1,3,43.67899018,,0.988624495,1,87.27235926,0,0,7.018471792,1
59.71001726,3,0,1,43.06383537,,0.902175153,0,,1,1,9.198637276,0
34.85776182,2,0,2,19.46709873,1,0.97996437,2,61.59141301,0,0,4.34389216,1
159.2852077,3,0,4,32.47834709,4,7.980319119,1,97.1667033,0,0,9.433094308,0
61.87910247,3,0,3,,8,15.24636252,0,52.73026552,0,0,5.629649662,0
20.71871466,2,0,3,18,7,4.095352134,0,84.94121979,0,1,6.928389294,0
74.71266479,3,0,1,22.40367672,4,32.08419149,1,69.36911664,0,1,3.057963765,0
76.73447716,1,0,4,47.14525281,8,7.312952334,0,89.49197244,0,1,,0
41.02701677,2,0,4,32.10289361,5,14.78110544,1,97.07271305,0,0,,0
111.6393371,2,0,2,24.84328002,12,3.902977338,0,65.02059772,0,0,,0
84.2459036,2,0,0,24.09824531,3,36.76061546,2,60.62613998,0,1,5.811948401,1
165.3036102,1,0,5,24.22676253,5,26.26441625,,91.59537411,0,0,2.356835098,0
137.4641278,2,0,4,29.58743263,2,38.35360752,1,100,0,0,2.842372325,0
73.3454799,2,1,4,46.15760584,0,0.10834289,2,94.13085774,0,0,5.948200393,0
57.16139531,3,0,2,22.10058956,0,4.329211745,0,70.55471965,0,0,2.703663513,0
103.6668372,2,0,2,,8,46.54854777,0,54.1862767,1,0,5.165171507,0
,2,0,4,32.05236802,2,40.11805988,0,59.8271637,0,1,,0
102.2781941,2,0,0,44.06268634,3,9.496865182,1,64.78409138,0,0,6.184181436,0
115.8077979,3,0,3,21.77394204,1,23.89082005,1,29.8147769,0,0,7.822358479,0
30.57287231,3,0,5,39.97691733,10,15.80183646,1,70.57487088,0,0,2.321366276,0
116.5631716,1,0,1,28.28827573,0,12.77818556,1,68.11396576,0,1,6.96944051,0
104.3523534,1,0,2,49.25264634,5,19.34231139,1,42.40483112,0,0,4.797611681,0
98.02224231,3,0,7,33.81591309,0,12.20496549,2,76.36013393,0,0,7.389255935,0
127.5738138,1,0,1,33.02329444,13,0.150095228,2,78.81400831,0,0,8.342489318,0
90.54398046,2,0,4,38.88572951,4,153.0414951,2,65.74872935,0,0,3.912525764,0
98.00528081,2,1,5,30.70899651,,22.04898693,0,49.13582584,0,0,,0
154.0390363,2,0,2,57.10372603,1,,0,82.66389488,0,0,3.946091097,0
1.225611439,2,1,3,,17,50.44520754,1,,0,1,,0
,1,0,4,51.16058621,4,13.52999403,1,,0,1,6.27542348,0
166.4320414,3,1,3,32.28034069,3,,0,100,0,1,6.943457181,0
35.34292281,3,0,2,46.17183175,0,7.633987066,0,100,0,0,1.939690832,0
29.90744686,3,0,3,34.1155489,1,8.248640331,2,93.08544813,0,0,4.255025886,0
96.69336927,2,0,2,18,23,34.65372731,0,67.65771901,0,0,7.172878365,0
99.2950517,3,0,3,36.1258492,3,24.66458948,2,81.36969455,0,0,4.253038074,0
75.7870824,2,1,2,34.64738927,1,21.16814754,0,74.58470057,0,1,4.237222602,0
24.4979394,1,0,2,29.07673801,3,6.893726323,0,93.34593282,0,0,4.365506392,0
55.73756569,3,0,2,38.44387739,7,7.086989163,0,92.40208583,0,0,2.359102021,0
2.521914112,2,0,1,31.50036055,0,,1,100,0,0,3.105258906,0
140.1577371,2,0,3,18,2,11.72542632,0,,,0,6.016451309,0
84.61108825,2,0,5,,2,9.724197055,1,91.52891493,1,0,,0
84.00762384,1,0,2,43.89772073,3,30.10106288,1,57.45210144,0,1,4.070856125,0
67.68863451,2,0,2,47.07128416,8,,1,84.36781736,0,0,2.14321992,0
144.3827713,3,0,1,48.05044463,0,68.40774721,0,85.52911158,0,1,5.965039143,0
119.5604664,2,0,0,50.9119083,10,64.01976451,0,77.94975315,0,1,4.966486279,0
121.0773042,2,1,4,56.78874469,0,43.40963844,0,40.14939841,0,0,7.344230638,0
,2,0,2,,6,0.838956224,1,33.58147489,0,0,2.233804915,0
140.6602593,2,0,5,,2,30.75097729,2,,0,0,5.254334972,0
229.3954487,2,0,1,,,,0,100,0,1,,0
169.6590629,2,0,3,58.7197684,0,59.22966998,1,70.35126494,0,0,4.334057245,0
68.6343277,2,0,4,28.9733587,7,50.65988993,0,89.74743424,1,0,,0
50.57044464,2,0,4,40.86609486,3,26.54824962,0,56.36541857,0,0,6.129279512,0
120.8732545,,0,1,18,5,36.51908344,1,79.91262027,0,0,5.254715746,0
78.30632685,2,0,5,47.01298584,7,8.24645575,2,71.05796893,0,0,6.351784518,0
1,2,0,3,,5,52.22199894,0,90.60555347,0,,,0
86.25773497,3,0,3,45.33010635,,24.2834095,0,81.13085932,0,0,,0
67.15528605,3,0,3,42.82383146,9,11.09368181,2,75.64219182,0,0,4.824935076,0
199.3638,,0,2,33.25312856,6,3.619435306,0,67.97265882,0,0,5.256588003,0
1,3,0,2,52.37677915,1,15.40572698,1,,1,1,,0
119.0579192,3,0,6,,4,40.48357014,0,83.44497602,0,0,5.603082934,0
25.79716675,2,0,2,40.34121657,4,55.77494542,1,100,0,0,4.22117536,0
53.79685963,3,0,2,,0,17.88204927,1,89.84027303,0,0,2.956834844,0
41.41728263,2,0,5,45.45564536,1,7.239838931,2,66.4305786,0,0,2.884969651,0
72.48474231,2,0,1,,,12.94875715,0,81.86471912,0,0,3.971252154,0
57.47323606,1,0,5,44.75377532,3,1.474335985,1,,0,0,6.649199604,1
103.4668581,2,0,5,33.24663629,3,58.4021426,1,,0,0,6.127434366,0
167.7721401,2,0,2,39.96569766,20,72.54099785,2,100,0,0,5.240545613,0
97.68693914,3,0,6,36.03701694,6,2.263773307,1,99.173531,0,0,0.911809435,0
96.71248695,2,0,5,48.32406818,0,,1,64.58758305,0,1,3.552849637,0
146.3920064,2,0,3,50.53239963,9,,0,52.86017949,1,1,3.72624781,0
108.0009113,3,0,1,33.87630002,14,17.47554322,0,87.7117021,0,0,2.66398463,0
104.1416285,3,0,0,,6,,0,96.45050693,1,0,4.813822178,0
171.0252144,3,0,7,47.59738447,5,68.48042031,1,94.7936648,0,0,,0
71.68027044,2,0,3,34.55943295,1,13.50550865,,,0,0,5.820062772,0
74.16929006,2,0,4,53.56960618,2,,1,,0,0,4.202208387,0
84.83249663,3,0,5,56.96799188,2,8.148768729,,81.29211988,0,1,4.251368339,0
146.4122846,3,0,5,32.41992273,1,17.68688033,2,83.43721412,0,0,3.562522082,0
118.2280739,3,1,1,66.49069717,2,5.849996824,0,98.63658653,0,0,3.286757908,0
59.09005583,2,0,3,35.8664574,11,9.254081249,1,45.09252794,0,0,,0
107.5701524,2,0,2,18,1,46.65442302,0,100,0,0,7.495017064,0
115.4416506,3,0,4,29.76934431,7,2.433243046,1,99.44055756,0,0,2.402550718,0
22.60992218,2,0,5,57.38235092,,7.160295172,,76.81699907,0,0,2.277036175,0
61.86376107,2,1,2,54.09632751,,21.17639909,0,80.15748648,0,0,5.005985344,1
1,3,0,4,41.26473221,1,31.77654814,0,56.57473914,0,0,,0
123.7715341,3,0,1,40.96705085,13,13.26482394,0,89.4629041,,1,1.759902682,0
183.5673788,3,0,1,68.04427328,,51.42765475,0,57.26977407,0,1,5.034659483,0
72.8196552,3,1,4,39.15857051,14,25.78927301,1,51.29338376,0,1,4.397290957,0
1.835542608,3,0,2,,4,32.43948395,0,61.45274345,0,0,2.685632806,0
33.36113013,2,0,2,43.16162133,0,1.092667854,0,73.22763994,0,0,4.77138107,1
133.2708412,2,0,3,18,0,5.58753998,1,88.25578073,0,0,,0
139.3203106,3,0,2,39.4699702,1,4.143250557,1,61.78485593,0,0,6.995695778,0
151.3447309,2,0,2,24.00837559,2,61.21026832,0,60.72614432,0,0,3.325894117,0
43.99762888,2,0,2,20.10533756,12,59.0713383,0,95.41603933,0,1,9.318364284,0
140.699043,2,0,2,25.3640152,8,10.40955238,0,71.14472821,0,0,5.691098143,0
178.9606408,2,0,6,52.80031216,1,2.043685889,0,73.03710626,0,,6.33587776,0
113.2010041,3,0,4,18,9,41.76503037,1,77.11643135,0,0,,0
97.7294391,3,0,5,20.69373756,6,138.1200501,1,49.50551454,0,0,7.785562062,0
15.63278264,2,0,1,48.26795526,3,8.442505904,1,71.71958885,0,0,7.655750451,0
146.7839197,,0,4,23.218009,2,4.382163499,2,63.01047206,0,0,1.403304139,0
82.84038623,3,0,5,,2,1.750995023,0,50.95768081,0,1,5.969396328,0
38.54082011,2,0,2,62.96071915,,9.957716345,2,59.50813592,0,0,4.77496691,0
125.2668574,2,0,,38.93244726,2,7.286054554,2,81.02765124,0,0,4.079344805,0
139.8925351,2,0,5,28.15956065,,34.48819955,1,,0,0,-0.182096365,1
,3,0,3,24.72944366,1,27.6636392,2,52.07862333,0,1,4.258916532,0
69.32061973,3,0,4,,15,7.002706521,1,,0,0,6.234029759,0
1,3,0,2,32.30723604,,1.152964606,,58.05679819,0,0,5.715740276,0
78.21177515,1,0,3,25.66028972,1,4.215114813,0,74.20239439,0,0,7.372694258,0
164.7492792,2,1,2,31.39737418,7,10.95563246,2,68.97312505,1,0,4.227735323,0
,3,0,2,46.56206923,0,9.388967182,0,83.69351186,0,0,4.21051085,0
84.08812361,,1,,34.09299048,0,159.5407356,0,60.37882519,0,0,7.854318778,0
,3,0,2,57.77865069,3,31.79223381,2,60.57344701,0,1,,0
125.413432,2,1,2,44.29371209,,18.14756017,2,73.78769591,0,0,4.964432098,0
66.03846734,2,1,4,,4,84.73119414,2,41.79615681,0,0,6.141934929,0
89.29248446,1,0,4,33.43848977,9,3.815161453,1,60.3947212,0,1,5.631445551,0
198.8220292,2,0,1,,5,4.571573032,0,79.32830792,0,0,,0
60.75508435,2,0,4,24.72784768,0,24.31632103,0,93.18912813,0,1,3.384361026,0
124.600714,2,0,1,19.48267995,5,6.384249352,2,83.19939227,0,0,5.339630295,0
99.27738646,3,0,6,18,,1.75988067,2,95.33084604,0,0,,0
144.4518561,2,0,4,24.84288468,15,40.90248925,2,82.49578096,0,0,3.703037101,0
189.8332601,3,0,3,27.70086193,3,8.449612103,0,78.42360293,0,0,2.010449026,0
113.0336883,2,1,4,41.8238122,25,7.253488845,0,81.2071198,0,1,5.309789477,0
115.3806334,2,0,0,44.87225575,11,11.33997495,2,100,0,0,7.589076494,0
113.8688469,,0,4,48.59975012,1,6.045558825,0,100,0,0,,0
30.89912157,1,0,4,18,1,1.527278068,0,78.05839543,0,0,,0
,2,1,2,48.19711281,0,2.134064268,1,74.35370043,1,0,,0
72.14347137,2,0,4,62.43080484,4,5.441664586,2,75.57778195,0,1,3.996763563,0
108.591967,3,0,2,57.03865939,3,62.15547751,,,0,0,3.646685168,0
101.8968918,2,0,5,37.50015043,0,19.93066319,1,82.40500478,0,0,,0
100.3940092,3,0,,54.82935151,1,29.11877192,,62.96128698,0,0,6.256923364,0
116.0678608,3,0,5,21.35729011,2,,1,89.43387425,,0,,0
38.78508819,1,0,4,59.17389945,1,6.31023096,1,59.21437252,0,0,5.72615092,0
105.5267659,2,1,4,54.86883615,1,2.270000296,0,100,0,0,6.132299816,0
37.77567751,2,0,2,47.16992529,10,0.581734137,1,92.38924078,0,0,,0
197.6629569,3,0,5,28.13289404,0,22.176045,0,37.60599933,0,1,3.433749976,0
,3,0,7,,1,15.7045178,0,50.18672926,0,0,6.194976175,0
46.01318394,2,0,,49.2761016,11,10.53970639,0,,0,1,3.735351382,0
74.03018141,1,1,3,50.32503536,6,10.01819984,0,43.19834934,0,0,3.037153597,0
8.969834973,3,0,3,39.16829986,12,13.47842355,0,79.64427034,0,0,10.94696545,0
134.3130095,2,1,2,18,3,23.26991264,2,89.32217093,0,1,7.421694851,0
1,,0,1,23.02549026,8,66.58272139,2,41.6120046,0,0,,0
117.1809145,3,0,6,18,4,10.4844627,0,82.22443427,0,1,3.800758444,0
89.04497356,3,0,4,,8,45.50170713,0,54.33731045,0,1,3.314912121,0
183.8850407,3,0,3,,,13.13444638,1,63.39788584,0,1,6.876878114,0
,2,0,6,,2,9.069244977,0,75.90148523,0,0,8.236815537,0
,1,0,3,47.80323835,1,20.39486231,0,77.11044989,0,1,5.942893846,0
100.4394221,3,0,3,,2,13.45655826,1,67.41801286,0,1,4.270141077,0
110.6287015,3,1,2,35.19711136,5,33.47800827,0,75.40098604,0,0,6.442388606,0
150.946162,2,0,3,38.21560471,5,3.336147228,1,69.35188047,1,1,4.526050021,0
159.7054702,2,0,4,39.92057447,1,6.819701177,0,32.78225411,0,0,5.187675154,0
30.01592476,3,0,2,27.60840256,18,80.59857041,0,71.73162349,0,0,7.340058464,0
28.4929311,2,0,4,19.37100997,11,,2,35.29604044,0,0,5.185474248,0
155.4091408,2,0,2,33.01319021,0,38.48182381,0,82.30628394,1,1,6.447934565,0
255.4959278,3,0,2,53.51220481,5,65.08778562,0,68.78910253,0,0,5.637594388,0
108.270183,3,0,2,36.47259538,1,,1,93.40751435,0,0,3.780302048,0
106.8298698,3,0,3,18,10,26.29599129,0,,0,1,8.38710808,0
24.85148358,2,0,,,0,36.91931911,0,,0,0,,0
117.0877988,2,0,2,38.57225756,,20.9040243,0,78.62114128,,1,8.096325761,0
124.4593565,3,0,,18,5,52.69634037,0,75.07477523,0,1,2.663627122,0
103.3927755,3,0,2,48.03482233,,33.05338038,1,77.6014021,0,0,4.029185742,0
,1,0,3,44.39681914,8,33.84030037,0,74.09873628,0,0,6.049378493,0
188.4084647,2,0,5,,2,38.70984422,2,64.18708837,0,0,2.576406155,0
118.3824646,1,1,3,31.63808147,11,20.08889776,1,52.39564537,0,1,-1.614774557,0
61.05814786,3,0,3,18,5,9.199484248,0,,0,1,2.699115915,0
176.4373925,3,0,1,31.69531392,25,133.6295947,1,40.50440321,0,0,3.162140826,0
127.598213,3,0,2,42.68045385,32,11.50159289,0,100,0,0,2.692727629,1
144.2022698,2,,2,,,33.98055226,2,,1,0,5.983145786,0
,2,0,2,43.3934541,0,76.23758525,1,86.58120268,0,1,5.181960581,1
99.4242456,1,0,0,42.70805907,5,1.127726156,2,73.51225903,0,0,8.637093076,1
131.4764792,,0,3,56.84176876,0,12.0495346,0,84.42928094,0,0,4.138414035,0
191.4810101,2,0,3,25.39012136,4,34.60002635,2,79.20353383,0,0,7.31415521,0
109.812047,3,0,1,26.98553152,1,1.527685524,1,78.5197629,0,0,7.03297164,0
292.6365745,3,0,1,18,2,10.12170714,2,85.28404342,0,1,7.317224614,1
208.1627362,3,0,3,,3,25.39101805,,79.13305459,0,1,4.24580396,0
1,2,0,4,37.41153404,0,16.9272168,0,100,0,0,,0
84.2366833,2,0,3,53.11728128,6,37.66110495,0,,0,0,,0
151.6273102,1,0,6,47.62228925,4,15.78272418,0,45.82006182,0,0,5.031760751,1
72.56375461,3,0,1,18,2,137.7771205,1,,0,0,,0
86.01199158,2,1,2,21.66351825,4,50.73192745,0,48.09003607,0,0,1.280640922,0
141.2051448,,0,,35.21603066,4,14.5428643,2,55.51752478,0,1,3.684846387,0
91.93571442,1,0,3,59.47300591,1,1.865002428,0,63.49985443,0,0,5.380786844,0
128.488364,1,0,6,,5,6.183144117,0,91.70010681,0,0,4.802668577,0
133.5670038,1,0,3,18,3,111.7188997,,83.94728238,0,0,4.693515328,0
77.33757955,3,0,2,54.83186636,18,78.26705031,2,100,1,1,5.972098141,0
200.6135223,2,0,3,39.57172642,1,15.76777709,0,60.8006423,0,1,3.144685962,1
169.5486179,3,,2,18,0,2.543491395,0,88.22925437,0,1,3.313696147,0
55.13728143,3,1,6,35.65951694,2,78.44854773,1,51.7202964,0,1,2.81959181,0
,3,0,9,42.68226355,4,8.260073913,,,0,0,6.301996465,0
110.9329653,1,0,4,40.73658605,0,77.57074381,2,84.06435925,0,,7.014350109,0
38.37298444,2,0,3,27.80702906,4,30.36782377,1,53.85199357,1,0,4.897048476,0
123.6001135,2,1,2,19.84429242,,5.093855502,1,84.30922852,0,0,5.889516679,0
62.87647072,3,0,2,37.99622391,6,14.85886119,2,49.35897554,0,0,,0
28.85125374,3,0,7,28.82975703,0,46.87439761,1,78.54089142,0,0,,0
110.5698284,1,0,2,33.77216544,12,53.31298086,2,100,0,1,0.558275084,0
1,3,0,6,35.42994413,6,14.45350682,0,97.28927323,0,1,1.564787162,0
110.9651169,1,0,4,36.10774539,,15.70741898,2,51.04269389,0,1,3.000004782,1
123.4633795,1,0,3,20.01724593,2,1.168411931,0,97.20468783,0,0,4.086353641,0
1,3,0,3,65.50546839,3,46.02053788,1,82.85163359,1,0,4.620764523,0
117.9869488,2,0,3,30.52969245,2,7.863017087,1,100,1,0,3.744131659,0
80.68387623,3,0,3,32.00085965,2,6.713614069,0,67.9437462,0,0,,0
122.4242727,2,,3,54.0991074,7,71.31190676,0,59.2985647,0,1,,0
186.2348325,1,0,3,20.48634252,3,26.04653015,0,70.68899713,0,0,-0.444099246,1
86.77270506,3,1,2,35.50982057,1,38.23656938,0,70.95984604,0,0,,0
155.3540335,2,0,3,,8,4.563098408,2,100,0,0,6.46785328,0
69.01139359,2,0,1,,0,9.790537999,0,97.20663614,0,1,6.602043136,0
121.3907198,3,0,3,35.29580182,1,,2,100,0,0,4.901255352,0
33.06971001,3,0,6,42.66755787,1,,0,,0,0,,0
1,3,0,3,20.33952882,1,27.21865914,2,97.58381301,0,1,4.619630105,0
76.93664748,2,0,3,27.03865801,1,3.393087169,1,54.70120775,0,0,2.510163442,0
98.63477302,3,0,4,70.65348999,1,50.0787637,1,89.28725938,0,0,,1
117.0575987,2,0,1,25.39872017,3,,0,100,0,0,,0
72.38884779,2,0,,19.29593613,3,42.10359467,2,74.98904547,0,1,,0
65.38246129,3,0,4,34.19767318,10,27.29831583,1,79.65038027,0,0,4.96298448,0
116.2788908,1,1,4,40.18291975,3,75.74272348,0,,0,0,3.618085565,0
70.91089833,3,0,5,,5,42.38707812,0,100,0,0,3.108464152,0
54.79658551,2,0,4,33.17200606,7,3.234365702,0,91.57557211,0,0,3.635480072,0
44.59437709,2,1,3,35.13142304,1,8.569974559,2,,0,1,,0
64.09676082,2,0,3,23.03117045,1,,0,60.29989313,0,0,4.367847812,0
149.7223688,3,0,2,45.38449318,5,25.07450585,0,55.6250081,0,0,4.653089486,0
145.6736866,2,0,3,46.91498206,6,14.82296781,0,68.58681758,0,0,6.101148874,0
54.71338496,2,0,3,45.62216083,8,12.31766241,1,100,1,0,7.768657255,0
122.4736956,1,0,4,18,,25.65634393,2,55.64609365,0,0,5.650557978,0
,1,0,1,22.81830684,5,35.22681837,0,84.60425939,0,0,1.465462252,0
99.53557192,2,0,1,50.23418089,2,19.51663366,1,80.90545806,0,1,0.866999163,1
42.31538593,2,0,4,18,2,20.05306139,0,96.17110498,,0,3.332996976,0
119.6207984,3,0,0,34.53426447,5,35.23139223,0,68.64224217,0,0,2.217672625,0
104.1386452,3,0,0,18,3,0.911602645,,93.54278958,0,1,,0
1,1,0,1,24.00233636,2,3.524557821,0,,0,0,3.254189383,0
72.38693739,2,0,0,59.25177452,6,19.69400923,0,98.78828944,0,0,7.089764914,0
95.05773994,2,0,7,38.11560555,8,12.01003104,0,66.64729311,1,0,5.613455532,0
54.59879622,3,0,0,38.70335784,1,42.60728591,2,41.05240896,0,1,,0
141.9734252,,0,2,69.93771397,7,,0,41.96335054,0,0,1.319769351,0
79.50993781,2,0,1,32.90567529,6,28.43777289,0,43.74557463,1,0,,0
124.8357077,1,,3,64.74358535,,59.65865439,,81.42163515,1,0,3.825507316,0
22.85992424,2,0,1,39.91621754,0,10.77768694,0,71.1567018,0,0,,0
82.31571202,3,0,2,40.42581166,1,47.44436884,1,73.17354147,0,0,4.275832328,0
58.24285492,,0,5,43.47936567,1,18.8950123,0,100,0,,5.388580684,0
72.68777759,3,0,3,34.94049199,2,32.58227166,1,52.47838908,0,1,6.002642587,0
83.4612552,3,1,2,,0,52.35795786,0,67.25534569,0,0,0.828548314,0
76.67129644,3,0,2,44.09580545,2,50.79738893,1,70.49169203,0,1,5.795881354,0
142.2387188,2,0,3,50.50702732,1,7.522323302,0,83.67453751,0,0,6.553324989,0
162.3445858,1,1,5,,2,55.13843288,1,78.0046415,1,0,4.74482814,0
43.69730195,3,0,2,29.08028297,2,17.0980407,1,66.96437425,1,0,6.354998962,0
14.34327355,2,0,0,43.73298387,7,11.16835758,2,59.91137527,1,0,6.91349899,0
43.30848216,2,0,2,47.83025037,2,25.47414074,1,,0,1,2.087988142,0
,2,,5,43.25130071,12,34.91131742,1,77.07873447,0,0,3.508631467,0
46.4553751,3,0,5,31.79929286,1,4.324178675,1,95.82201535,0,1,5.83407204,0
154.5091736,3,0,5,29.48635997,0,33.63134349,0,88.24695403,1,1,6.270077719,0
165.7754145,3,0,2,,0,,0,56.29527615,0,0,7.270244161,0
180.6110314,2,0,1,25.69836799,8,,0,100,0,0,4.189403447,0
,1,0,4,50.902594,8,95.3514017,2,55.80959585,0,0,0.552163511,0
78.71221977,3,0,6,31.44631098,0,5.166786396,0,89.73915898,0,0,4.265998686,0
110.0422547,,0,3,25.90517098,0,6.843035619,0,47.71674577,0,0,5.380021697,0
113.3525133,2,0,3,37.1338284,29,3.720762921,0,40.82322457,0,0,3.913962615,0
114.6778966,2,0,1,,8,3.749857895,1,70.16325089,0,0,4.035577554,0
126.5487831,3,0,4,18,25,33.90832452,0,81.37729607,0,0,,0
,3,0,3,37.55448024,10,22.99253389,0,100,0,1,7.476548779,0
13.70966356,3,0,4,23.89285402,5,,0,75.69942758,0,1,2.221454877,0
83.29613845,1,0,4,46.04963094,1,7.684256317,1,44.64724088,0,1,3.024269007,0
43.50750714,3,0,0,28.87417099,5,,2,86.13922762,0,0,5.524500321,0
85.74528715,3,0,2,44.31917379,1,,0,,0,0,,0
39.15516448,1,0,5,,0,120.5378167,2,100,0,0,6.612454116,0
146.298755,1,0,,44.93009148,1,56.25235336,1,68.52626595,0,0,4.322656465,0
141.0116199,2,0,2,37.25306568,12,1.781544672,2,79.65788148,0,1,4.272725999,1
76.2102278,,0,2,53.46795772,4,31.82513817,0,49.35110152,0,0,4.790441288,0
180.8150021,2,0,3,59.46790635,4,7.251338067,0,75.79150563,1,0,5.045007364,0
135.4107212,3,0,2,30.14314513,1,38.71452025,1,85.55340672,1,1,7.674764223,0
53.89173379,2,0,1,37.07612167,9,5.8409187,0,73.93490632,0,0,5.319378653,0
125.5062181,3,0,7,41.72343071,12,21.83380648,0,100,0,0,1.898448007,0
46.78899966,3,0,5,38.81750534,3,5.652071453,1,,0,0,0.562300844,0
202.1088955,1,1,4,22.83144713,4,51.84630588,0,84.60474137,0,1,0.936226247,0
116.8801331,2,1,3,18,10,54.10340216,1,82.07483172,0,0,,0
83.75843082,2,0,2,,1,16.2776351,0,96.80210643,0,0,2.575681233,0
144.7462188,2,1,3,,7,23.63358345,1,68.17577656,0,0,5.042576871,0
226.3466213,3,0,3,34.25698154,,32.51508668,0,85.92260051,0,0,,0
1.226671682,1,0,4,28.12047595,2,44.00407009,0,73.52126805,0,1,3.737000405,1
72.60473479,1,0,1,42.01976005,32,28.67084434,1,50.70009166,0,0,8.671335235,0
132.0421431,1,,3,36.64263144,0,46.33883888,2,80.34709489,0,0,4.308853514,0
,2,0,1,,3,25.60781149,0,77.91549338,0,1,3.306257805,0
119.340426,3,0,2,18,,,0,88.29738464,0,0,5.251219742,0
136.6773907,2,1,3,39.26254686,12,31.74739086,2,67.2013321,1,1,7.111070134,0
56.69125759,3,0,8,26.51560551,0,9.695859259,0,95.90724433,0,1,9.394202427,0
68.18881437,2,0,3,60.34482145,8,28.67198536,1,50.43536953,0,0,6.203091041,0
128.6563907,2,0,2,28.4951046,5,8.051927964,2,67.04655338,1,0,6.253708917,0
11.96186204,,0,1,33.38299777,1,1.469820245,0,100,0,0,4.628160575,0
74.09654903,2,0,,35.67437295,11,15.00346861,0,59.15629949,,0,7.81961186,0
88.1494015,2,0,0,42.23972165,2,48.67508703,0,,0,0,5.746072126,1
70.15128566,3,0,2,41.30507549,5,8.239179277,0,,0,0,0.403814202,0
114.2932695,3,0,2,29.29612546,3,1.433438954,0,100,0,0,,0
86.25988476,3,0,4,35.16065042,8,17.64691674,2,68.408322,1,0,6.077691917,0
46.88032359,2,1,0,18,4,3.969330511,,81.95017087,0,0,6.369239171,0
108.2380421,3,0,7,43.05338576,7,37.17084669,0,91.49697544,0,0,,0
101.4387782,2,0,2,59.80416463,0,29.82457425,1,77.11599976,0,0,6.030072517,0
125.1372404,1,0,4,18,1,1.475521092,1,82.95372741,0,0,,0
140.9962626,,0,4,27.53551468,0,19.11172523,0,96.24025979,0,0,5.628621846,0
178.4091215,2,0,0,35.4214676,0,8.470481883,0,73.90920344,0,1,1.980874227,0
72.40709271,3,0,1,,5,123.6853586,1,,0,0,3.861761328,1
32.50371811,2,0,2,,1,25.71076224,2,51.47827414,0,0,1.680322656,1
75.79130244,2,0,4,54.26420676,6,4.908709593,0,,0,1,4.44156501,0
61.08476373,3,1,4,34.29763302,8,3.838045127,2,79.97398311,0,0,,0
1,2,0,8,45.49949742,15,15.09694623,1,87.7463125,1,1,,0
131.0336049,2,0,5,67.43120271,0,4.542354978,0,48.25185759,0,0,3.135420998,0
135.225327,3,0,4,41.02656759,1,15.82792924,0,71.98332407,,0,,0
112.6869831,2,0,6,42.33194216,5,13.81220495,0,100,0,1,7.721772303,0
87.96674127,2,0,2,32.50118351,1,70.7464915,1,61.68989703,0,0,1.591313878,0
114.1526581,2,0,,56.9192603,4,68.39929914,1,65.10051222,0,1,1.101875241,0
125.1249848,3,0,3,24.93636188,3,23.87216582,0,67.45410264,0,0,6.279145433,0
128.703561,1,0,4,53.95721505,5,11.16048944,0,48.89314073,0,0,6.426296661,0
90.46587996,2,0,3,27.26654334,7,86.96405042,1,95.75005171,0,1,3.60666651,0
118.2070148,3,0,1,38.10590876,4,15.77071809,2,79.60851865,1,1,,0
82.90890899,2,0,2,18,1,32.39627363,1,100,1,0,,0
231.8940876,3,0,4,38.67058996,26,37.963505,2,63.44176031,0,0,6.353057965,0
116.7088209,1,0,4,29.55739912,8,51.08396869,,45.38485159,1,0,,0
95.82810151,2,0,3,63.47848188,0,5.937278942,1,96.54565898,0,0,7.911062767,0
147.0385594,3,,2,26.06100706,3,,2,92.15520485,1,0,,0
59.14556845,2,0,4,52.16202924,0,1.828224142,0,100,0,0,5.89748148,0
37.71306106,3,0,6,33.58945509,10,34.63928633,1,93.59192194,0,0,6.689655698,0
93.91262458,2,0,3,43.91268257,6,42.665472,2,84.54706121,0,0,4.281733347,0
87.30241468,2,1,2,35.59874467,,38.77161056,0,81.76035299,0,1,2.130689975,0
26.07068771,3,0,5,,,11.37242583,2,100,0,0,4.485735691,0
86.85545854,3,0,1,21.61700973,3,18.34122761,1,86.44761016,0,0,1.667755606,0
86.15933501,1,0,1,22.84514848,5,,0,45.94395293,,0,7.864330903,1
71.87666121,,0,2,22.0405565,8,,0,74.12706678,0,0,5.411659589,0
89.85096813,2,1,2,35.86598694,1,4.119517196,0,24.4194308,0,1,5.71506113,0
27.51773902,3,0,,36.08960754,14,9.528766003,1,44.92907909,0,0,3.466510772,0
99.51677893,2,0,1,28.429364,2,24.49594122,0,100,0,0,4.23798458,0
163.285392,2,0,,34.94230776,0,57.45191681,0,,1,0,5.006535518,0
103.4281487,2,0,4,35.0532691,1,46.55989326,0,100,0,,4.656756515,0
86.76715834,2,1,2,32.90470742,,11.15319384,0,54.31147891,0,0,6.921395544,0
64.26596615,3,0,2,26.95634224,0,101.7495383,2,35.57622463,0,0,2.730961708,0
132.1150618,3,0,6,31.4783995,0,6.691855137,2,49.04743056,0,0,2.934005601,0
107.3396506,2,1,0,54.80634534,0,0.783251977,0,57.46875027,0,0,5.492034354,1
30.27524656,1,0,1,46.65585348,0,36.49843205,1,59.14325132,0,0,4.110370077,0
33.37758261,1,0,7,37.98796514,5,33.80760742,0,100,1,0,2.185255776,0
118.6052736,3,1,4,35.66039242,0,18.31894026,0,100,0,0,5.349740455,1
53.22018506,3,0,2,19.22388328,0,,0,69.11555279,0,0,6.30862963,0
25.22292318,2,0,4,57.17039614,8,47.35274309,1,50.33208381,0,0,,0
125.5396044,2,0,4,,0,24.71079929,1,88.78067204,0,0,,1
139.5929655,3,0,5,27.05015724,7,19.59915708,0,99.36930779,0,0,7.528767117,0
109.8657854,2,0,7,18,3,45.41847167,2,70.68718126,0,0,3.803355355,0
109.904238,3,0,4,32.20028284,4,14.32241166,1,,0,0,4.713338546,0
87.06019687,3,0,1,30.64156686,1,4.036028359,1,78.8479752,0,1,3.220135043,0
82.64067524,2,0,5,37.13091059,4,32.80757396,0,70.49989242,0,0,6.610142367,1
69.76276677,2,0,3,,1,16.07130637,1,56.75761147,0,0,0.305710033,0
67.62290972,3,0,,48.11433061,0,2.233290558,2,62.74605413,0,0,5.22859121,0
210.626552,3,0,5,65.87087053,,0.52708758,,77.99836678,0,1,2.59568519,0
218.2703886,3,0,0,44.83834164,3,62.58338778,0,74.19094498,0,0,,0
113.0140253,1,0,2,18,12,2.184749671,1,77.84847892,0,0,4.210210521,0
129.3182009,2,0,3,37.598612,0,18.17628292,1,,0,0,5.8239024,0
97.37474657,3,0,2,,2,9.772102634,,90.44307705,0,0,1.089307227,0
112.2483286,1,0,2,26.76149878,5,13.042788,1,89.98338343,0,0,4.96063045,0
172.5463774,1,0,4,30.77717448,,64.40815146,0,64.13707798,0,1,5.045635769,0
20.82058051,2,0,1,18,3,5.310532169,0,21.55891463,0,0,2.803886195,0
,2,0,4,33.93863266,13,2.968325691,2,100,0,0,1.821121606,0
130.3425297,2,0,4,48.56520912,,5.943987467,1,43.64093826,0,0,9.399191011,0
117.3790853,1,0,4,38.86340647,8,,1,78.91387007,0,0,3.782334875,0
47.43899851,1,0,6,20.34752687,3,18.59565232,2,84.47039931,0,0,3.677575744,0
77.38468404,2,0,4,36.14880211,1,1.875433745,0,,0,1,5.374903646,0
81.88262212,2,0,2,57.46555203,20,32.82442449,0,94.93078422,0,0,3.668277671,0
147.4406548,2,0,3,36.42178919,9,9.214386159,0,71.60137097,0,1,7.524841173,0
155.0479817,3,0,2,44.37187974,3,31.51743776,1,56.10899125,0,0,4.3232139,0
60.2221466,3,0,2,68.82734442,3,13.36865985,1,,0,0,5.382187434,0
,3,0,4,37.20650496,,28.47493473,,100,0,0,,0
118.0082092,2,1,3,23.70063575,9,19.66578197,2,81.87319905,0,1,3.578929375,0
28.80209439,2,0,3,18,3,0.65937832,0,41.11495904,0,0,6.53465683,0
1.553842879,3,0,1,,5,0.489241963,0,61.87978494,0,0,4.663803159,0
95.94664473,3,0,2,18,9,14.7085472,,72.75379653,0,0,4.539278997,0
118.9576559,2,0,2,,13,3.935249822,0,74.06574256,0,0,4.068983032,1
116.0848903,,0,3,46.69719965,1,9.220541894,1,95.20593168,0,0,2.392232766,0
253.8430185,3,0,3,36.90931233,7,37.55500606,1,84.75170231,0,0,6.015556135,0
72.47064665,3,0,1,20.96642705,,8.793423673,0,51.16141383,0,0,5.361071475,1
71.31689966,2,1,5,45.75011084,1,0.264411056,2,,1,0,8.67781133,0
6.241376518,2,0,1,55.87838718,4,5.575859125,0,92.88298038,0,1,,0
71.78762007,1,0,2,52.93432729,21,2.00823731,2,99.9264895,0,1,6.270822115,0
100.0988422,2,0,4,42.15593197,3,42.85462223,0,87.58119857,0,0,5.730571776,0
56.93578993,2,0,1,25.61369367,1,5.97330631,1,66.31284475,0,0,7.083629285,0
110.6369888,,0,4,26.89520067,6,13.3574316,0,67.38226717,0,,7.215857044,0
121.8002888,2,0,1,37.68282085,8,15.43249449,2,65.65766726,0,0,4.169347986,0
81.21831671,1,0,4,37.76940959,,25.55121682,0,47.22982029,0,0,4.849485559,0
121.0793305,2,0,2,23.00973812,2,29.41633567,1,71.83161228,0,0,6.555119355,0
119.0712809,3,0,6,41.01609875,4,68.3831138,1,79.30768022,0,0,7.768551629,0
5.016485957,2,1,5,,6,8.390543909,0,76.895323,0,1,3.955644934,0
159.0494953,2,0,5,33.91121118,5,24.70810058,2,69.33901577,0,1,3.779255248,0
121.5020824,2,0,2,,0,23.35219892,0,95.35890478,0,1,,0
11.73062065,2,0,0,39.46604682,9,36.63893621,2,86.66880691,1,0,9.455824222,0
165.1295198,1,0,1,18,1,12.05926533,0,55.7078884,1,0,5.546464399,0
129.6550629,2,0,2,50.85592421,9,57.93329478,0,100,0,0,5.559232174,0
109.6024558,2,0,0,30.24817607,3,64.04562421,0,,1,0,10.06269727,0
,1,0,4,34.49453714,23,18.36451372,0,82.73359284,0,1,5.427097929,0
,1,0,4,29.54880131,7,9.284557721,0,49.28845758,0,0,7.538336647,0
28.08610108,2,1,1,21.91704513,4,18.33838828,1,76.74024369,0,0,3.476367877,0
25.19205934,2,0,3,29.12111776,2,2.994736206,,61.72495751,0,0,10.10699199,0
121.2033431,2,0,4,41.90880676,0,10.99880191,1,100,0,0,,0
79.38896275,2,0,4,62.44814404,1,25.81258215,0,59.92432826,0,1,4.297069539,1
104.2843581,1,0,1,58.60535257,0,29.06851145,1,84.41336178,0,1,6.68125004,0
111.3747938,2,0,3,30.2358537,2,32.13591287,0,89.4048772,0,0,4.97726931,0
21.59278433,2,0,6,38.67652437,1,10.07259433,2,70.17176484,0,0,8.019432937,0
150.1766449,2,0,3,54.73129852,5,39.00065175,0,37.57963144,0,0,6.004102447,0
,3,0,0,31.045819,0,45.86066268,0,83.36520273,1,0,,0
152.4432071,2,0,3,42.0369043,12,45.01320575,0,83.2813669,0,0,6.060113148,0
95.92386634,3,0,3,18.1560336,1,7.220882339,1,82.52618717,0,0,3.199420984,0
170.7093644,2,0,,48.26221146,1,12.70446927,1,40.83240675,0,0,4.351919522,0
226.9690811,3,0,3,47.07707541,,8.910060621,2,56.77198727,0,1,6.674529301,1
92.9121223,3,0,1,40.13436309,6,32.20751962,0,100,0,0,5.023491461,0
74.13557749,2,1,5,24.61193766,5,47.45539602,0,92.09914126,0,,,0
102.1905736,1,0,0,43.7015412,2,2.174546802,0,92.38947515,0,1,7.799132503,0
176.0658026,3,1,6,,5,16.52737679,0,100,0,0,,0
71.73035149,2,0,5,,0,40.06702351,,37.55192897,0,0,4.100790396,0
55.66595389,1,0,2,18,,30.70921764,2,99.34517466,0,0,1.729471021,0
,2,0,4,30.90025293,,5.506972959,0,87.25072318,0,0,5.399359844,0
125.0842523,2,0,5,,15,14.09835455,0,,0,0,2.545179018,0
14.63210212,2,0,7,62.57383192,6,51.56376652,1,80.02403001,1,1,7.361721717,0
121.2660654,3,0,3,20.21240424,0,36.77857455,0,78.9043116,0,0,3.819771094,0
174.0980384,3,0,1,58.50766331,2,65.98285954,1,47.40571233,0,1,,0
127.4441918,2,0,2,23.6663338,2,16.01721472,2,92.63775176,0,0,5.030192097,0
91.12020026,3,0,2,58.12220962,23,18.1825419,1,66.92004657,0,0,4.664714168,0
,1,1,2,45.25743731,4,2.314970965,2,97.94544109,0,1,2.421357939,0
124.0304297,1,0,1,18,3,23.20123942,2,37.06592672,0,1,8.3015293,0
,3,0,3,45.88005522,3,9.969261179,,92.53022225,0,0,1.919179735,0
139.7300191,2,0,1,42.13474488,3,66.80895684,1,100,0,0,8.394684116,0
106.2788227,2,0,5,35.42309636,,12.98960473,0,,0,0,3.053425809,0
167.6936187,2,0,1,26.54758817,2,56.41196283,1,,,1,1.298881125,0
55.09863868,,0,5,18,5,1.74757596,1,74.49328767,0,0,6.386341306,0
142.8949413,,0,1,27.49435087,1,18.09160775,2,63.56994083,0,1,5.701234767,0
141.6961077,2,1,2,,0,38.09885252,0,59.08723693,0,0,4.321157805,0
42.64202445,2,1,2,18,0,2.070173429,2,75.55973418,0,1,7.754746636,0
141.139139,3,0,2,20.53334635,8,,0,100,0,0,5.304583129,0
160.0206954,2,0,3,54.02491929,0,18.63466865,1,32.37108589,0,1,4.854572109,0
156.9939281,2,0,3,26.81272434,,0.902346333,2,91.66393755,0,0,7.629622201,0
43.62519505,3,0,,,1,11.5780671,0,99.48842144,0,0,3.161108037,0
,,0,4,,5,30.95958776,0,29.05970082,0,0,5.117130207,0
102.0662816,2,0,5,27.18880542,5,24.11040587,0,100,0,0,8.799892574,0
165.1639019,2,1,3,35.07500058,25,7.202573363,0,61.72267752,1,1,9.470096241,1
213.5724873,3,0,3,40.09690763,11,9.695880475,0,68.92096642,0,1,,0
82.0829924,2,0,3,18,2,34.62391565,1,51.24151403,0,0,7.452007873,1
138.0207328,2,0,4,31.28917727,7,9.144793746,0,61.57102525,0,1,,1
96.42003741,2,0,6,46.74762462,4,26.93593268,0,64.36627201,0,0,,0
,3,0,,46.82675008,5,23.49403842,1,99.57103208,0,1,2.810854888,0
113.3696157,1,0,2,18,2,3.844464403,0,55.52389594,0,1,2.579969217,0
36.59315975,2,0,1,40.16347407,,54.59736752,0,85.01880201,0,1,6.241639865,0
134.3176778,2,0,1,35.66198309,11,13.87596595,0,59.54822736,0,0,1.610213711,0
15.25132807,2,0,2,26.95453213,3,,2,78.64838706,0,0,3.507174958,1
152.8684153,3,1,3,36.07304097,,29.84208192,1,64.10655669,,1,4.503137191,1
173.8947022,2,0,3,25.07687859,1,0.719468907,2,65.11843386,0,1,,1
92.43633582,2,0,2,18,,3.282850084,0,80.61213251,0,0,2.515309738,0
82.4575285,,0,7,23.3553361,1,,0,81.22712189,0,0,10.57483243,0
106.237605,3,0,4,52.54437632,3,3.14435245,0,89.48191744,0,0,6.945458256,0
112.1545864,1,0,2,,0,0.174626296,0,,0,1,4.061447715,0
,1,0,6,55.89702837,12,66.66069771,0,49.4817551,0,1,,0
86.37949917,3,0,2,18,1,7.538807655,0,77.03474023,0,0,,0
116.4754368,2,0,3,25.41057231,3,27.613049,1,100,0,1,2.360691776,0
148.5785475,2,0,6,41.34113833,3,2.467522547,1,80.58516441,0,1,,0
232.1005955,3,0,2,19.18043276,3,23.6332678,0,87.43841769,0,0,,0
94.6348928,3,0,4,25.842295,6,4.662576624,,,0,1,7.64116799,1
91.74597175,2,1,2,38.59684373,0,58.01167966,1,72.28120605,0,0,1.489351701,0
107.0443123,3,0,2,24.51325809,11,114.2648934,2,70.71500467,0,0,4.311365762,0
127.4159814,,1,4,26.13057824,,42.77942577,0,95.53114659,,0,2.49624655,0
97.42385357,3,0,3,28.93737142,4,67.31347022,2,74.60826988,0,0,0.420600253,0
85.93362214,,0,1,,9,2.407742283,1,81.32626489,0,1,5.179843914,0
92.46929927,3,0,4,64.67886693,0,19.80763314,0,57.94003925,0,0,4.9306938,0
,2,1,1,49.09350146,1,26.27929614,0,88.10065703,0,0,2.969490873,0
89.77643895,,0,3,,5,81.03091749,1,52.10839362,0,0,5.140811366,0
89.30055779,3,0,5,39.93971418,5,76.57195786,0,91.67158846,0,0,3.673551081,0
146.3088774,2,0,3,18,0,45.17747435,1,66.67614003,0,1,4.239388714,0
,2,1,7,46.7787296,1,17.21343831,2,47.48239278,0,0,4.846233181,0
165.3571377,3,0,1,50.06590341,0,8.646970679,0,,,1,3.288799183,0
82.20129578,3,0,4,32.86161969,0,1.060336662,0,52.18245066,0,0,7.511606581,0
90.77373212,3,,2,53.93336318,2,2.860431091,1,81.40977808,0,0,4.937719796,0
74.06666402,2,0,3,42.06636763,0,,0,52.2057872,0,0,7.050833547,0
151.9952344,2,0,3,22.64034718,1,10.00388606,2,,0,0,4.975739006,0
,2,0,1,25.1082335,1,53.75642609,1,82.44117821,0,1,1.732227233,1
134.3966486,2,0,0,37.71788672,4,54.86782335,1,67.55372472,0,0,2.520612766,1
58.70836134,3,1,1,,7,48.55484786,0,86.0458832,1,0,5.54107878,1
11.0706208,2,0,6,54.75185772,,19.2992329,0,84.92262533,0,1,6.912364013,0
22.55197375,2,0,3,48.13695449,3,10.03109653,1,62.63691699,0,0,7.823872566,0
,2,0,2,18,0,10.73304773,1,100,0,1,3.259919454,0
132.7487792,3,0,4,,7,28.30199825,,100,0,1,5.518604225,0
129.8700035,3,0,4,39.74572998,0,46.43328724,0,51.32054689,,1,0.986908722,0
78.96191032,2,0,1,57.0634018,8,22.09383417,0,,0,0,3.760700567,0
153.1426847,2,0,4,36.19365531,10,110.7483057,2,100,0,0,6.014196148,0
108.3226104,2,0,4,43.98436918,5,33.10234136,1,100,0,1,8.476557746,0
62.39217972,3,0,4,,5,11.48752576,1,74.34249627,1,1,4.533833045,0
82.52803364,2,0,5,46.49903095,5,,2,80.62694212,0,0,4.370705812,0
201.1295115,2,0,4,23.44669242,3,97.47162313,0,,,0,3.648504662,0
104.3294894,2,0,2,26.03938792,1,19.81893063,2,77.53857849,0,0,7.489992543,0
161.1974377,3,0,2,,1,,1,93.52767979,0,0,3.523136895,0
40.10610537,2,1,5,42.8294142,2,0.048161812,0,61.37572937,0,0,3.376460156,0
38.03708026,3,1,1,18,18,3.366681587,1,77.80772797,0,0,,1
88.53088341,3,0,2,18,18,54.81892067,0,76.57980536,0,1,5.869559954,0
66.76744512,3,0,1,23.5678591,0,7.394925616,1,83.27023913,0,0,4.369569926,0
97.72069918,2,0,1,58.86260854,11,34.4056979,0,86.15799076,0,0,6.140986362,0
153.2585983,1,0,3,,6,30.11887405,0,65.02477328,0,0,5.258775797,0
69.32986682,2,0,3,18,4,69.45140626,0,97.71459481,1,1,,0
142.7201001,,0,3,46.22904937,1,39.86529882,1,88.28661072,0,1,,0
96.69601007,2,0,5,53.28065407,0,38.07103385,1,,0,0,,1
54.76928125,1,0,5,18,3,,0,91.12007483,1,0,7.197946693,0
1,1,0,2,40.70714371,0,12.99396844,0,50.27151666,0,0,2.395038613,0
,3,0,2,18,0,0.13570911,0,69.05788124,0,1,5.618899158,0
177.022062,2,0,3,18,5,83.26167181,0,93.28856946,0,1,7.525272372,0
33.97532783,2,0,2,30.24984024,22,14.14440949,1,66.65725711,0,0,4.546587563,0
113.6559217,2,0,3,61.70351976,4,29.59297835,0,80.95500161,0,0,4.485070751,0
157.5133698,2,0,2,,19,7.879346751,0,,0,1,7.356335038,0
67.70179104,2,0,2,28.10618681,0,2.626620786,0,51.60345407,1,,10.64124476,1
79.64818435,2,0,3,42.22181426,6,117.686637,1,98.72862721,0,1,,0
,3,0,,26.28009182,9,,0,,0,0,11.78348689,0
43.97910405,2,0,0,39.6990123,1,15.53256939,0,90.57589128,0,1,,0
,,0,5,34.13994784,0,59.1556207,1,53.3193703,0,0,3.159263162,0
86.02462684,1,0,2,41.05005683,0,2.190237463,1,100,0,1,8.327064799,0
82.10860333,3,0,3,57.04114295,1,10.8343355,2,60.57184626,0,1,5.156740705,1
97.65397106,2,0,3,28.72695011,3,9.302051196,0,30.41811142,0,0,7.18485035,0
64.2824291,2,0,0,18,6,61.16707348,0,33.02110922,0,0,,0
126.1257053,,1,6,42.59504007,3,0.528058649,0,92.26878308,0,0,,0
84.1119553,3,0,1,,5,9.704853863,0,77.42120944,0,0,4.257849669,0
90.18250755,3,0,0,31.50413536,3,9.88939246,2,,1,0,5.51254681,0
149.8285255,2,0,7,46.68501774,21,25.27014561,1,,0,0,5.412637339,0
,3,0,3,26.11616374,0,66.98227118,1,91.53495806,0,0,4.187780476,0
72.24002367,2,0,3,39.80870116,2,30.64018528,0,82.04581415,0,0,6.244000099,0
162.8574608,3,0,5,,11,6.612370079,0,68.30494458,,0,10.75299025,0
71.10396116,2,0,0,62.35259166,0,,1,66.7710662,1,0,4.620377348,0
35.7806482,3,0,1,69.98176552,2,,2,,0,0,1.867936795,0
63.34219014,3,0,3,18,2,61.27322336,0,55.39443978,0,0,6.033434007,0
238.9981812,2,0,1,45.51757031,,14.16199939,0,76.50303372,0,1,5.955184804,0
118.3755205,1,0,4,,6,14.25126043,0,58.4451344,0,0,3.504498558,0
140.8653102,2,0,3,53.00641906,3,,0,71.43233936,0,0,8.418359995,0
107.2163236,2,0,5,32.5421921,5,6.260729588,0,57.15746323,1,0,,0
125.6953925,2,0,3,35.64131235,8,22.52666211,1,57.77760329,0,0,4.039397787,0
85.60469616,2,0,5,28.42203923,3,9.889973757,1,89.59936897,0,1,7.565847499,0
104.8577894,3,0,4,45.95293316,1,0.065068393,1,,0,1,6.509218709,0
134.2928909,3,0,0,44.3763625,4,23.54859197,1,28.10463031,0,0,5.41573524,0
73.58514767,3,0,2,31.21771498,1,22.50936686,0,77.34012666,0,0,,0
,2,0,3,43.40754854,0,25.61232899,2,100,0,0,,0
156.238836,,0,5,43.06590052,18,0.552190245,,90.89953605,0,0,,0
42.08176554,2,0,1,43.15155132,2,1.158155411,1,87.47384104,0,0,1.645151448,0
,1,0,3,,3,,0,100,0,0,5.301268721,0
57.50778153,2,0,2,,6,6.519934383,2,81.2184307,0,0,5.206032387,0
,2,0,4,,7,,2,44.74430039,0,0,,0
120.937998,2,0,4,,4,8.132003789,0,37.32492112,0,1,,0
87.68323594,3,0,3,35.52911537,5,18.71084899,0,100,0,1,,0
12.28575736,2,0,3,18,7,5.841776776,2,95.2820329,0,0,3.680124986,0
57.78379814,2,0,2,50.45929504,,13.81217608,2,85.93647425,0,1,8.739817199,0
166.4028444,,0,3,44.88201388,0,7.892721606,0,38.16368839,0,1,6.192365129,0
106.1539101,3,0,1,35.61373113,2,25.71224082,1,57.194482,0,0,,0
109.2340153,1,0,1,18.69136683,11,30.51319948,0,73.38207664,0,1,7.191606889,0
87.37159243,3,0,3,49.24338132,5,13.31402884,0,79.20510932,0,0,,1
173.327043,2,,2,60.1388769,4,20.04218887,0,100,0,1,5.405149463,0
125.1545184,1,1,6,47.46672171,0,6.311504212,2,100,0,0,6.753325036,0
93.67405515,3,1,,43.6631994,0,43.44882414,0,100,0,0,4.872067671,1
74.93829461,1,0,3,18,13,13.84848867,1,,1,1,6.392515905,0
81.40710589,2,0,5,35.09894003,0,,2,67.78260965,0,1,6.698565416,0
158.8592482,2,0,2,33.76352156,1,31.85312369,0,42.53135911,1,1,3.282199157,1
63.91312233,1,0,4,18,3,0.371129606,1,53.01113955,0,,9.271845535,0
90.66605188,2,0,2,34.03796027,0,8.691301711,0,73.23826707,0,0,6.07476386,0
34.20920918,2,0,1,,4,18.2000163,0,50.01628279,0,0,4.318764369,0
76.25273444,2,0,2,18,3,26.72372805,,89.21494631,0,0,6.537552774,0
1,2,0,3,,,,0,54.9686237,0,0,4.648392521,1
56.80100755,2,0,2,25.18207144,8,62.06674855,2,84.38702891,0,0,3.50250386,0
159.2128323,3,0,6,22.58111209,4,8.053344644,1,75.41105046,0,0,0.173083446,0
64.99395925,2,0,2,50.04854392,0,1.318782012,1,55.54139731,0,0,1.938417712,1
76.77094609,3,0,3,44.72068565,6,17.73310777,0,100,0,0,5.694233212,0
154.5753426,,0,1,35.81989957,1,23.72737912,1,67.96088169,0,0,4.815204136,0
139.1065001,3,0,4,32.79889433,2,30.93473564,0,50.94225855,0,0,2.991838652,0
186.62575,3,1,3,20.97612041,0,25.62136443,1,,0,0,1.397844191,0
,2,0,5,32.90174729,2,36.09863196,1,46.3638489,0,0,3.945123803,0
155.8416888,3,0,0,41.35463187,8,33.37852126,0,84.52337888,0,0,4.35647741,0
,2,0,2,32.33613307,3,42.24686643,0,95.81363019,0,0,6.2588888,0
77.13491725,2,0,2,46.02753071,13,0.822432449,0,77.58709048,0,0,2.57751678,0
,3,0,4,27.45850518,16,16.75967927,2,63.69698088,0,1,5.464106738,1
30.14409074,2,0,7,20.21341796,9,35.61528312,0,54.93552619,0,0,5.82199488,0
90.84016906,2,0,3,38.3075677,1,8.173865657,0,72.74398318,0,0,4.319452437,1
,3,0,3,53.88539287,2,8.007077295,0,,0,0,3.371338463,0
126.6679622,2,0,3,37.83294131,4,92.90246674,0,38.43754503,,0,7.06899135,0
81.25895962,2,0,2,54.57828321,6,11.81938107,0,66.40098995,0,0,4.339372742,0
113.9984313,,0,,46.05784288,2,32.59034141,1,67.22234271,0,0,5.888728159,0
109.2587768,2,0,2,50.98045163,9,31.25543981,2,67.22506933,0,1,3.285141035,0
115.9825913,2,0,3,28.50998301,2,8.245964541,0,89.46639796,1,0,6.361918849,0
85.47730419,3,0,5,18,18,3.421620327,1,77.28711299,0,0,1.124878785,1
57.51395393,3,0,1,18,8,45.67047356,2,95.74756765,0,0,4.911866732,0
128.0459724,3,0,6,72.74563784,10,54.99143471,2,100,0,0,6.396476218,0
96.94621643,2,0,6,33.84167289,0,41.96886037,0,60.60935282,0,0,4.772254529,0
122.1909714,1,0,1,38.9386679,13,134.6380643,0,79.45684565,0,0,4.326534248,0
104.5876242,3,0,2,43.50786705,12,56.29416434,0,84.88605155,0,0,4.305285545,0
97.55514083,1,0,2,25.78664661,0,15.2541558,0,,1,0,5.411121729,0
189.8180411,2,0,5,,2,16.35697497,1,91.96837752,0,0,6.019051023,1
41.30600178,2,0,5,50.20019608,3,2.754112048,0,78.81833348,0,1,,0
,1,0,2,58.44541741,5,9.746433482,1,64.52587403,0,0,4.935401628,0
62.18246274,3,0,2,54.88944782,2,10.00830352,0,97.94219874,0,0,8.061465131,0
130.2257663,1,0,2,20.69956056,3,33.77693591,2,72.29953607,0,0,3.721425809,0
156.3954497,2,0,1,31.31985054,4,2.112575219,0,67.05350257,0,0,9.480201814,0
126.7314543,3,0,2,19.7234721,5,45.79345852,0,48.84098985,0,0,1.891163072,0
138.3717365,3,0,2,30.45047267,4,3.928236306,0,69.55817929,0,1,,0
1,1,0,3,,3,29.51343873,,89.669138,0,0,3.704295153,0
133.6194669,2,0,3,43.87237911,4,17.50318897,0,100,0,0,,0
128.6028721,2,0,0,53.0923764,0,31.84389956,0,,0,0,5.026713811,1
86.5734676,3,0,4,61.4657735,3,0.865076216,0,64.84984014,0,0,,0
45.63770306,2,0,2,62.93414983,0,49.04424385,0,,0,0,6.544572764,0
,2,1,4,,7,30.70735401,0,59.85281268,0,0,6.142462174,0
89.2522581,2,0,5,53.88376733,0,13.90750986,0,61.07783487,0,1,,0
158.0413394,2,0,5,28.56750873,1,1.91996098,1,88.09475688,0,1,,1
137.7145665,3,0,4,37.43439822,4,,0,50.19409755,1,0,4.639077403,0
80.14023419,2,0,2,,,5.352555145,1,72.01562029,0,0,,0
48.50940757,3,0,3,24.82385384,4,34.43187842,0,78.70598395,0,1,2.000278238,0
182.6808634,2,1,2,,7,46.57248286,0,65.2143777,0,1,,0
62.20246467,3,0,4,61.20630828,7,4.30685425,1,37.94026701,0,0,7.698932292,0
121.2744967,2,0,2,26.37658276,14,22.68051218,0,81.4420827,0,1,0.619175395,0
33.23278206,2,0,2,19.78000187,8,104.983915,0,61.4311471,0,0,4.173134725,0
89.98993728,,0,2,29.98575038,1,44.93367344,0,,0,0,2.662988374,0
150.0523046,3,0,3,52.33467684,1,50.5847498,1,61.75848951,0,1,9.431620915,0
72.12884734,2,0,2,27.42514381,8,18.69459125,0,76.77228413,0,0,0.676302585,1
98.13888817,2,0,3,35.09572903,6,9.404412487,2,68.59866675,0,0,6.526462617,0
56.27821758,2,0,3,40.77772357,4,3.80522654,0,60.23827043,0,0,5.674670558,0
142.9069535,2,0,4,19.11868685,0,4.177466089,1,75.83703674,0,1,2.996958593,0
67.94428699,,0,6,26.93065977,,5.193116559,2,54.98730527,0,0,4.519907429,0
144.8533098,3,0,1,,3,3.199577279,2,59.75654091,0,0,1.583705846,0
153.6810972,2,0,6,36.42863626,0,37.77805477,2,87.62329358,0,0,2.459948873,0
186.9449832,3,0,1,,14,68.28995611,0,100,0,0,4.531626163,1
140.4028899,2,0,2,23.64850669,0,25.72672473,0,,0,0,3.723217523,0
132.7182828,2,0,1,39.53206465,2,8.639980476,1,41.00661213,0,0,7.505997219,0
74.65284123,1,1,2,38.92569249,8,5.636856466,1,87.91882217,0,0,7.252836563,0
185.2296047,2,0,2,18.36250315,7,41.3764841,1,85.04584975,0,0,4.29849046,0
70.70361633,2,0,3,,7,2.352134003,2,82.15782319,0,0,4.82473805,0
189.0899454,2,0,3,35.84729366,0,1.399252234,0,37.26082854,1,0,8.100822287,0
113.0527636,2,0,3,24.33812759,5,4.331738369,0,94.91594564,0,1,2.198909036,0
,2,1,8,18,2,,1,80.37173469,0,1,5.616760984,0
73.36495802,1,1,4,49.82323948,1,81.36266252,,70.85230007,0,1,4.485448728,0
161.9792003,2,0,0,40.34508841,0,55.9908104,0,56.3113697,0,0,1.44680416,0
,3,0,5,,,26.68445711,0,94.67448248,0,0,2.418858327,0
115.098045,1,0,1,,4,36.07074242,0,83.36061159,0,0,7.577391722,1
131.5405842,3,0,2,50.91681016,6,58.93753821,2,82.01401072,0,0,4.041964801,1
61.34851452,1,0,2,49.32311133,5,23.31334881,1,77.90847097,1,0,3.472797791,0
116.9343659,3,0,1,68.55837612,12,45.94309368,0,88.79839806,0,0,4.025100869,0
116.3372382,,0,6,43.21834913,1,49.59999842,0,64.66720348,0,0,5.002819712,1
116.3463687,3,0,2,18,16,14.0711864,1,98.27253208,0,0,10.18182882,0
207.2912463,1,1,4,18.87741114,2,22.82391713,0,84.94822068,0,0,3.224793231,0
1,3,0,4,25.68656305,33,2.801357359,1,74.0248452,0,0,,0
95.33065706,,0,2,,3,8.044929338,1,100,0,0,4.711634384,0
92.49415244,2,0,,,3,1.864900645,2,92.81543441,0,1,6.389603111,0
100.9729128,3,1,1,40.64866966,0,1.038102108,2,54.20859263,0,0,5.940938755,0
75.61473135,3,0,4,18,5,23.5243883,1,77.31293405,0,1,7.183415917,0
117.9172256,2,0,3,70.85234214,1,0.548092132,0,39.94794271,0,1,,0
101.2255087,3,0,9,,,52.62649233,0,81.92835147,0,1,6.642297282,0
154.2893162,2,0,3,37.01382855,0,20.39242329,1,69.85241084,0,1,4.41616377,0
100.1573863,2,0,6,,11,5.910209931,0,70.23850444,1,1,,0
143.1271742,1,0,5,,6,11.00829311,0,100,0,1,5.999523963,0
151.4728741,2,0,6,58.4714101,3,5.678210251,1,80.77113932,0,1,8.012983342,0
122.2386904,2,0,,48.56536719,,46.1320914,,64.18871159,0,0,5.060346672,0
32.36648571,3,0,4,29.92728849,4,33.67316661,1,81.58685134,0,0,6.673225144,0
197.4171322,2,0,2,,,26.6755689,0,94.13080171,,0,,0
,3,0,2,33.1573428,6,10.76234508,1,45.38339884,,0,6.082452971,0
92.03188839,1,0,2,42.69845091,12,65.6352986,2,74.57421565,1,0,3.84421355,0
97.26108198,2,0,2,27.07948625,3,,1,71.30121003,0,0,3.495432903,0
171.3652682,3,0,2,49.2726159,4,7.026850941,1,59.14780409,1,0,2.448158802,1
59.68115354,3,0,6,18,12,5.577170689,2,93.45824398,0,0,4.750640295,0
114.0595712,3,0,3,18.66020527,4,83.04996261,0,89.99286446,0,0,3.697915943,0
197.2597537,3,0,7,53.81470749,6,46.05466411,2,,0,0,4.852185802,0
81.75236352,2,0,2,34.18316685,4,15.30426325,0,,0,0,1.06394415,0
79.8356104,2,,7,37.3645783,0,,0,100,0,1,4.870032279,0
56.46361142,2,0,5,18,9,,0,100,0,0,,0
99.70226454,1,0,4,29.28266382,1,16.48182381,0,96.74020425,0,0,4.741164239,0
98.34365136,3,0,4,31.5576017,6,42.39480068,1,70.51170307,0,0,3.019966222,0
170.0799296,2,0,0,56.05959884,0,8.292691178,0,77.97665838,0,0,3.76564307,0
67.39555557,2,0,,,10,5.469977824,2,93.04291359,0,0,5.866465201,0
129.9049578,2,1,0,47.69767381,9,17.90535085,2,72.10205102,0,0,5.247188129,0
97.52681452,3,0,2,24.37679932,0,5.071217218,0,58.26590019,0,0,9.887945448,0
79.2356043,3,0,1,45.2538975,4,43.57593503,1,82.94688685,0,0,,0
31.1165316,3,0,2,35.51171981,10,11.23948642,2,84.00483484,0,0,6.401150518,0
170.6110278,2,0,3,28.19403702,12,14.72818939,1,75.83917258,0,0,7.797809506,0
141.4737421,3,,3,31.06249204,7,31.23713957,,50.28721179,0,0,2.426088102,0
152.9059163,1,0,3,31.39290343,0,40.76895302,2,67.50088946,0,0,0.082082912,0
31.71912979,3,0,2,37.40607481,2,32.95734737,0,,0,0,5.867627725,0
102.3218274,3,1,2,18,5,25.00753159,2,47.71786943,0,0,5.488047436,0
176.477516,2,0,4,56.61221963,2,,1,69.62255625,0,0,8.241889048,0
121.7251323,2,1,6,24.88020105,4,21.51302164,2,65.34175193,0,0,1.950836178,0
31.30825876,,0,2,,8,6.157155182,0,43.30421619,0,1,5.383454908,0
99.06456218,2,0,1,18,17,28.71023364,0,67.83326122,0,0,2.295510953,0
157.929779,3,0,3,18,1,,2,83.68418535,1,0,2.640290171,0
133.5972304,2,0,5,44.20704344,4,0.837109838,0,,0,0,3.316580254,0
145.9935758,2,0,2,42.03792293,0,72.20614029,1,,0,1,,0
82.97006465,2,0,2,18,1,66.45695553,2,79.5006066,0,0,5.826242124,0
189.7278932,2,0,5,27.24649898,0,5.975224813,2,21.62884436,0,0,6.191589015,0
140.7868606,2,0,4,30.04834536,11,25.66897501,1,61.80631187,0,0,,0
88.61401926,2,0,,33.21761757,4,12.15181529,1,55.16075133,0,1,6.690988906,0
142.1148664,3,0,2,43.17566593,0,,1,56.40747242,0,0,8.539220586,0
64.10405546,2,0,2,31.83937895,,,0,80.89026534,0,1,,0
140.5404137,2,0,5,38.21144788,5,,1,89.10611028,0,0,4.106728724,0
127.662561,3,0,0,31.29996891,6,14.16140036,1,83.96096786,0,0,,0
155.2950212,3,0,2,49.86955419,0,66.97314463,2,57.776516,0,0,6.183453776,0
,3,0,3,18,6,,0,100,0,1,5.348868722,1
,1,,2,,0,14.13539602,1,74.50513242,0,0,6.960023172,0
22.71351067,2,0,3,44.31284884,5,13.28073691,0,72.1214966,0,0,4.394792386,0
186.1077549,3,0,2,39.51448088,1,7.331812507,1,100,0,0,,0
76.6620594,3,0,3,39.27115408,2,10.77069081,2,94.35432707,0,0,10.36119881,1
15.76662114,2,0,3,26.22816057,4,48.3510119,0,64.3056765,0,0,,0
133.5240309,3,0,1,61.17757069,12,45.89056399,0,57.51262403,,1,4.63795547,0
84.60192352,2,0,4,34.86537089,3,49.19120392,1,92.33703347,0,0,,0
128.8536064,2,0,4,46.96772912,8,15.20677983,2,83.21399854,0,0,4.971192079,0
101.0635788,3,0,0,29.74990954,4,46.06999036,0,42.47913524,0,0,3.531546057,0
4.434155417,2,1,,50.16695753,15,11.27953552,0,69.2342304,0,0,2.817719725,0
132.5760996,2,0,4,40.59693496,3,116.7683759,0,75.70369825,0,0,4.228405112,0
134.8477202,2,1,2,49.41554653,0,88.72300482,0,67.9524235,0,1,5.762190322,0
88.64469961,1,0,2,52.80728476,12,2.538358399,0,100,0,0,3.577648721,0
62.08589656,2,0,6,18,1,35.52213431,2,100,0,0,6.777408665,0
114.0080579,2,0,3,,9,4.575061414,0,,1,1,-0.38842477,0
120.6808129,2,0,5,57.37102968,8,35.59575821,,76.10023988,0,1,6.950239311,1
46.40713835,2,0,2,49.6962379,0,8.794888336,1,78.0425329,0,0,3.704196214,0
116.0108289,2,0,3,51.25739158,2,2.730632792,0,45.18681875,0,1,6.375494056,0
109.2918814,3,0,4,61.15321086,3,3.836314681,0,,0,1,1.525165768,0
,1,0,1,48.10318965,1,9.309670839,1,100,0,0,3.951397253,0
95.95607511,2,0,2,21.36183329,0,10.23091087,0,80.35718533,0,1,2.497354165,0
68.77447725,2,0,2,48.58992264,13,,0,,0,1,5.486053956,0
96.20244882,1,0,0,50.03332522,2,2.288630606,1,,0,1,6.27397979,0
,2,0,4,33.93611269,4,13.30080347,0,67.22584669,0,1,5.900311529,0
,2,0,5,44.06207161,4,7.095476022,0,54.59014021,1,1,5.963280826,0
94.27300774,2,0,5,18,2,58.90261569,0,98.740869,0,0,8.568296843,0
19.62200678,2,0,3,29.66726763,4,19.68593495,1,56.43624839,0,0,,0
116.6684926,2,0,1,48.3636283,2,10.97528473,2,100,0,1,4.514906752,0
,2,0,2,,3,7.127141148,0,93.53949074,0,0,4.67550233,1
88.17755816,3,0,3,,,14.47479096,0,72.32367949,1,1,6.801615069,0
110.0826453,3,0,2,49.29050921,7,80.61410771,1,80.01804985,0,0,6.046195402,0
58.19689239,2,0,2,,0,,0,100,0,0,,0
42.81368963,2,0,2,21.10629527,12,9.673366435,1,82.37721294,0,1,1.864670966,0
,2,0,4,19.17898658,4,14.92864553,2,,0,0,5.830403102,0
53.03323031,3,0,3,24.56839243,0,30.03685223,0,54.15478554,0,0,5.096202996,1
107.7246833,2,0,5,44.4013015,7,50.45910942,1,98.39070544,0,1,,0
87.54819802,2,0,3,,7,17.25309126,1,58.87952614,0,0,4.700749727,0
94.16170421,1,0,5,51.09609151,4,,2,64.89640278,0,0,2.859026578,0
132.7215514,1,0,2,51.70571086,,7.375236709,,100,0,1,5.102670295,0
116.2898158,2,0,2,42.63741564,2,81.04917909,0,100,0,0,7.013824826,0
54.66757274,3,0,4,53.36447427,5,32.01569336,,100,0,0,5.77221159,0
182.6654819,2,0,2,25.96265093,8,19.63853461,1,55.64303114,1,1,5.354962647,0
202.8271782,3,0,4,42.65587168,6,47.00084138,1,92.41600572,0,0,,0
64.90041561,3,0,3,,3,13.2439629,,79.98873378,0,0,4.372346442,0
68.1206229,2,0,3,20.62596407,1,39.74477903,,100,0,0,5.110153099,0
106.8373324,,0,2,,0,41.65386466,0,80.40921028,0,0,3.252107678,0
30.53506349,1,0,4,28.90491904,5,24.92501704,0,79.72643731,0,0,5.101232162,0
116.7228395,1,1,2,21.36207287,0,62.94213171,0,61.12946039,1,0,8.355998366,0
145.5681361,2,0,4,57.81701442,5,13.08604975,1,,1,1,7.239323768,0
43.51465727,2,,3,18.91221696,0,23.14862467,0,58.56613101,0,1,5.800383949,0
180.6855635,3,0,5,24.45404296,1,20.30167582,0,89.51133819,0,0,4.099509448,0
102.8932024,2,0,2,45.4291785,6,26.36524209,1,,0,0,3.452912176,0
21.15017589,2,0,3,18,12,27.4406393,0,61.3318342,0,0,3.457512248,0
90.70377595,3,0,3,18,2,1.722342288,2,51.26875102,0,0,5.145477881,0
,2,,2,41.70034673,6,6.106568121,0,65.26583631,0,0,5.334675405,0
89.14344625,2,1,2,57.39460112,1,1.350417722,0,47.22920163,0,0,6.895985385,0
171.8167703,3,0,5,38.94278064,,3.341004192,1,,0,1,,0
147.2605767,,0,5,,14,6.6182236,1,,0,0,3.579993659,0
65.67306234,1,0,3,,1,58.79169287,0,84.15539978,0,0,7.789415648,0
161.1784441,,0,3,44.45814824,22,7.881913383,0,64.73714915,0,1,7.175553759,0
83.93786169,3,0,,60.59023733,4,43.81042907,0,100,,0,7.980072976,1
101.6951362,3,0,2,,6,,0,68.7631815,0,1,4.66074408,0
102.4664083,2,0,3,,1,19.11753295,1,73.46946276,0,0,,0
65.21525614,3,0,1,21.30606874,9,82.31128535,2,100,1,0,,0
104.5546803,1,0,2,47.4799251,4,2.329109809,0,87.15386559,0,,5.140660687,0
101.2692639,3,0,5,26.03846537,3,,2,74.30948865,0,0,,0
114.8287773,2,0,5,48.02228917,3,30.15141446,1,100,0,1,1.139051547,1
,3,0,1,47.58523866,4,82.93592976,0,75.72506158,0,1,3.871478758,1
45.23647406,1,0,6,18,3,48.05995124,1,79.24620368,0,0,3.635030411,0
82.56739328,2,0,4,35.69603046,3,27.67251138,0,,0,0,5.004523345,0
148.6550781,2,0,3,39.89508171,,,0,61.14226143,0,0,4.079683496,0
38.9643787,2,0,3,26.36921115,4,3.751502899,0,84.66405984,0,0,3.917228429,1
96.6410855,3,0,3,18,7,39.16088945,0,78.08907079,0,1,5.965930881,0
,2,0,6,,3,19.59952039,0,77.11296919,0,1,3.578103348,0
168.1614488,2,0,2,18,3,23.96567969,1,100,1,0,3.999038631,0
103.214001,3,0,3,42.53608765,0,39.6968675,0,59.77463234,0,0,5.512482463,0
65.5406091,1,0,2,18.36393056,4,32.06410124,2,100,0,0,5.834168909,0
197.9173727,1,0,4,46.17193162,2,35.94038796,0,44.36272135,1,0,4.159901286,0
183.1866416,,0,1,25.58744497,1,8.077754754,2,65.19067131,0,,4.464605762,0
149.8023843,,0,2,,9,15.78610674,0,91.63532429,0,1,5.772809188,0
100.3399922,1,0,4,,1,21.09690985,0,74.15442671,0,0,7.232618533,1
37.44432118,1,0,2,31.45891193,7,23.55057127,0,58.40730059,0,1,3.898180522,0
181.6715766,1,0,3,32.24410922,2,10.29261341,0,61.4667764,0,0,4.665570229,0
150.0815913,2,0,0,21.53860009,7,40.44485919,2,64.52446127,0,0,,0
78.53488877,2,0,2,,1,14.45596055,2,79.73582888,0,0,3.037064136,0
75.25172598,2,0,1,40.94226299,1,1.630291765,0,73.86809676,0,1,0.801534733,1
184.9978687,2,0,2,34.67016746,4,10.34850493,2,87.05274672,0,1,1.730664911,0
20.12004152,2,0,2,37.02227547,17,59.20352855,1,100,0,1,,0
26.78125599,1,0,2,60.42835148,,90.24468708,0,53.21992438,1,1,3.914068351,0
144.3443695,1,0,4,54.06873134,10,106.6044759,0,,0,0,3.49542332,1
18.43324448,2,0,5,,8,14.49633764,2,81.89229194,0,0,2.579162132,1
112.8686553,2,0,3,41.57081453,39,23.00227301,2,63.56879599,0,1,5.485917429,0
,3,0,6,49.46275152,7,85.51701781,1,89.7613159,0,0,5.232837283,0
145.1138587,2,0,6,43.44397902,2,22.52856121,1,,,0,5.852848422,0
66.12176738,2,1,2,36.47682783,2,34.189045,2,49.32112572,0,1,,0
136.6414541,3,0,5,58.05150993,8,55.14272748,1,72.88937819,0,0,5.307251101,0
71.76129979,2,0,0,38.43506828,4,10.61743076,0,57.78401801,0,1,3.924193319,0
127.884553,3,0,4,26.93834351,4,12.66091112,0,72.94909198,0,0,4.384711969,0
48.94187712,2,0,2,40.398814,5,,1,,0,0,4.40483375,0
,2,0,1,42.8585301,3,26.28595135,0,64.52952516,0,0,5.650302551,0
5.517535395,3,1,4,43.39311888,11,33.30517599,0,75.76650804,0,0,,0
88.93731882,3,0,2,42.29347128,7,46.05552362,0,63.30216125,0,0,4.225539617,0
139.4959861,3,0,7,42.37845927,1,,2,82.95806549,0,1,7.672484415,0
108.7605709,2,0,1,48.53561544,,43.28781272,0,100,0,0,4.699823369,0
143.2412219,2,0,3,40.63315059,4,37.39016421,0,59.48793733,0,1,5.318449124,0
113.6505359,2,0,5,43.72319471,3,21.49031676,0,83.67464783,0,0,6.315145085,0
74.30665413,3,0,6,21.72594978,0,6.286307972,0,34.99234784,0,0,4.513620429,0
115.3672808,3,0,0,23.06889821,3,5.923516779,0,57.89141935,0,0,3.259095967,0
60.70052697,2,0,5,51.24752032,1,74.41418331,0,94.80471203,0,0,1.727716469,0
153.4885727,3,0,4,37.01668055,0,83.37101735,0,52.0909426,0,0,3.334755189,0
176.6369457,2,1,3,43.21776267,1,8.181927128,0,78.50437955,0,1,3.420847344,0
60.87007013,3,0,4,32.67339676,2,10.63376328,0,100,0,0,5.637617413,0
81.27329246,3,0,3,39.44076073,0,28.17098242,0,80.24725074,0,0,3.806945257,1
103.7977634,3,0,,31.26009115,,11.94751108,1,70.02775756,0,0,5.852892925,1
103.3764102,2,0,3,35.79037207,10,35.44843561,0,100,0,0,,0
1,2,0,3,56.13932652,11,8.673521778,1,69.46645651,0,0,6.15939884,0
82.34168536,3,0,2,63.69886265,5,12.24869147,0,62.20564138,0,1,4.537013549,0
64.78281547,2,0,3,57.91492328,0,7.475291222,0,83.38230344,0,1,6.171272066,0
62.25669017,3,0,2,31.58050595,5,1.665187829,0,100,1,0,6.920987895,0
,2,0,2,63.8994633,0,25.78747542,0,62.66901171,0,0,1.763626329,0
66.54636307,,0,4,64.17804497,2,2.482661626,0,58.74221025,0,0,4.423603114,0
71.79019101,1,0,4,57.12313944,4,22.33368994,1,100,1,0,,0
134.1664496,3,0,4,,1,21.72321885,2,,0,1,5.111410179,0
65.38748354,3,0,3,27.15811745,0,11.16310081,2,75.22089609,0,0,5.082460981,0
133.4370828,2,0,1,32.88393542,,9.984012301,1,67.7031687,0,0,5.474023696,0
,1,0,,27.30922333,1,,0,60.40753645,0,0,3.764611993,0
70.75461733,3,0,3,,3,,0,74.96719373,0,0,4.219252361,1
183.9337337,1,0,2,18,0,2.154560699,1,94.89545977,,0,5.723025986,1
29.08171335,,0,5,62.5574425,3,39.85973676,0,95.67601169,,0,9.351926256,0
159.5853749,1,0,3,18,7,9.830873378,0,79.43646788,0,0,,0
179.3008408,2,0,3,29.66678198,6,3.022657849,0,81.12854172,0,0,7.335573925,0
90.1539096,2,0,2,24.20524879,3,1.261183342,0,91.1625176,0,0,7.687812233,0
59.37988255,1,0,2,18,8,11.38508493,0,72.73886414,0,0,3.258700708,0
48.62982242,3,1,3,18,8,18.80839313,1,88.31218554,0,0,5.550813507,0
119.4579598,2,0,3,41.69947298,6,2.849293731,0,87.15449116,0,1,5.286337537,0
77.83588744,3,,2,40.29925507,,41.68324068,0,39.18298969,0,0,,0
148.9228903,2,0,3,30.1748405,11,,0,78.68736666,0,0,3.314038034,0
133.2684468,3,0,4,28.45932509,0,17.06274038,0,73.86127007,0,0,4.112193133,0
51.06181421,1,0,5,29.19028843,7,,0,100,0,0,8.181085863,0
102.3746734,3,0,3,,4,2.31718136,1,50.31218403,0,1,4.401784646,0
52.44078148,2,1,1,30.32839176,2,9.644598115,1,58.53022008,0,1,6.685964992,0
178.0127765,3,0,5,32.62021996,3,76.9351494,1,66.77621127,0,0,5.612626933,0
,,0,2,,0,14.53402024,0,90.95168395,,0,2.053965589,0
139.2073208,2,1,3,18,2,14.25700497,0,87.74303332,0,0,5.619964441,0
77.27261406,2,0,4,44.16761843,3,0.735820756,,82.79781716,0,1,4.538710476,0
33.34358226,2,0,1,36.46592257,0,4.929506944,2,81.77492566,0,0,4.00568655,0
,3,0,1,21.67395686,1,16.06000955,1,77.27824316,0,0,5.498129892,1
159.9649786,2,1,3,43.55545616,4,5.102895317,0,89.8807603,0,0,5.68148602,0
221.3358243,3,0,4,21.90232329,2,1.534946032,2,88.7539062,0,1,3.560643902,0
148.5087541,3,0,5,,,27.36987548,0,50.10973088,0,0,5.960910348,0
93.29098947,2,0,3,35.62572934,5,8.214955959,2,91.40329581,,1,3.755669747,0
109.4664154,1,0,4,52.23393604,0,3.143769789,1,73.89644959,0,1,6.623963817,0
196.1722897,2,0,2,,7,14.6767429,2,69.47478909,0,0,3.208735053,0
90.22636782,2,0,4,18,2,4.07128037,0,,0,0,4.293119909,0
135.6499215,2,0,3,18,2,1.461392458,1,77.57196293,0,0,5.49255052,0
117.848638,3,0,4,20.9430097,1,23.71405655,2,,0,0,4.716202623,0
152.9364265,2,0,3,45.14562198,1,75.05401101,0,69.28796254,0,1,7.678258733,1
,2,0,4,30.90331487,,1.99361488,0,100,0,0,4.734147891,0
4.417972467,1,0,5,18,0,1.019725772,0,65.9953396,0,0,2.575007937,0
181.2979458,2,0,1,37.47492098,9,14.54535497,,62.13902845,0,0,5.660863549,0
116.6303755,2,0,3,60.62170055,6,3.054792807,2,,0,0,4.564895178,0
110.2379441,3,0,6,42.86406149,2,31.15572383,0,78.98506096,1,0,6.4650016,0
65.76850871,,0,,60.39333822,8,30.94355845,2,34.97241095,0,0,1.742393985,0
103.4036135,2,0,6,31.18211903,0,5.497298433,0,,0,0,2.794251322,0
121.9750615,3,0,1,66.10616923,7,25.0730934,,86.17345551,0,0,,0
127.1680096,1,0,0,42.41670585,0,,0,96.54911362,0,0,6.148679789,0
66.86881205,2,1,5,43.52662233,2,0.643691523,1,82.06773965,1,0,7.069952438,0
48.18453763,2,1,4,,2,17.53503099,0,68.15512408,0,0,3.326452908,0
59.45530319,,0,5,38.9042221,1,11.09810537,0,100,0,1,6.003824025,1
104.1220883,3,0,3,,5,16.31249608,2,74.25104405,0,0,4.589956763,0
136.206828,1,0,2,26.68957594,0,,0,100,0,0,2.387840185,0
108.88505,2,0,1,18,4,47.51065222,0,92.82228987,0,0,5.935222861,1
161.4015105,3,0,2,,11,,1,,0,0,5.947610749,0
179.6334999,3,0,1,48.9379979,,13.56320848,2,83.83757162,1,0,0.809810425,0
156.3282515,1,0,3,18,6,21.73358236,2,62.42266589,0,0,5.74770223,0
118.3407022,2,0,1,18.31055694,0,16.20169588,1,33.66509329,0,0,3.83493323,0
121.2943603,3,1,6,29.4135073,7,0.992971396,1,96.14969555,0,0,4.873923736,0
61.34951081,2,0,4,57.53973833,1,24.69138564,0,70.29813614,,0,2.531961347,0
88.92317012,2,0,4,,0,8.602860827,1,73.67492864,0,0,4.430276782,0
102.2745738,3,0,4,46.14060269,0,18.75421501,1,93.35236221,0,,8.955323952,0
109.1671003,2,0,3,27.49993506,0,60.8919971,1,75.84842542,,0,5.231055829,0
81.3365877,2,0,4,33.55486102,1,15.69735618,2,,0,1,2.234022076,0
78.1640132,2,0,2,18,13,14.7947192,0,90.15194435,0,0,2.024942568,0
88.97308854,3,0,3,48.5948383,2,42.54616303,0,74.37388774,0,1,,0
96.10814015,2,0,4,55.04350551,3,8.064271649,0,38.15593318,,0,2.181393839,0
104.2263492,3,0,4,18,5,52.39258298,2,,0,0,3.673857399,0
88.20150064,1,0,6,44.60229809,8,3.139440674,,38.89559856,0,1,7.613147107,0
109.8260585,1,0,2,62.03067362,1,,0,49.2689554,0,0,3.323761013,0
58.80815652,3,0,4,30.84154746,5,32.97959102,2,67.18112509,0,0,,0
167.3049897,2,,4,32.04974554,13,,1,71.95329406,0,0,8.910201177,0
145.0864349,2,0,3,60.13246244,0,75.80620326,0,80.74718724,0,0,8.665317606,0
58.63845282,2,0,4,37.132541,1,17.47621151,1,93.85468167,0,0,4.811235634,0
84.48461473,2,0,,38.88560716,4,56.68415495,2,,0,,,0
101.7783037,2,0,6,18,8,,0,32.45493375,0,0,6.269011926,0
101.7041734,1,0,1,42.24767806,6,0.062190556,1,41.55238873,0,0,3.102977579,0
144.7455278,3,0,3,34.26368908,0,8.907937301,1,,0,0,6.983656053,0
143.60985,3,0,4,32.74199291,6,21.31247216,0,,0,0,,0
105.400706,3,0,2,25.60910231,2,8.105110126,1,51.17696755,0,1,7.966451724,0
132.5568121,1,0,3,37.41204115,8,45.88808193,1,93.07892886,0,0,3.604025505,1
120.9102878,2,1,4,28.4273979,15,35.18147998,0,,0,0,5.96263612,0
,2,0,3,18,,6.297452641,1,61.01639863,0,0,7.859733098,0
131.620387,1,0,1,23.80746842,0,59.93484866,0,80.27698992,1,0,,0
,1,0,3,35.57976927,,,0,52.22749808,0,1,4.330540194,0
1,2,0,6,37.13415723,6,16.21975502,0,,0,0,5.985509893,0
28.06399495,3,1,1,40.83745695,0,49.64306283,1,,0,0,,0
99.80979332,3,0,2,,1,28.82864537,0,,0,1,6.177732358,0
180.7687845,3,0,2,40.37302038,0,14.21063698,1,100,1,0,2.102439329,0
79.93897641,1,0,1,42.74088926,0,16.48456935,0,47.29756536,1,0,2.892417044,0
50.77329748,1,0,3,35.70580247,0,224.6997566,1,85.13238652,0,0,5.002967821,0
54.35945404,3,0,1,26.89202048,2,26.49428389,2,100,0,0,5.297349749,0
145.0266539,3,0,1,32.72510117,1,35.98294089,2,90.9079317,0,0,5.22307015,0
33.97716935,2,0,5,32.88294684,14,0.1104348,0,81.04317771,1,0,,0
134.1662256,2,0,3,43.26488362,2,6.616152367,,78.67584167,0,0,5.079753576,1
2.444906798,2,0,,26.9899244,,25.61127134,0,80.67355754,1,0,3.588935342,0
24.05151096,2,0,3,,3,15.50524877,1,85.00278347,0,1,4.376232955,0
92.88102575,2,0,3,47.03094067,3,12.6970118,0,77.98112962,1,0,5.754053669,1
116.9677906,2,0,4,24.60506401,1,10.57219158,2,14.076335,0,0,4.842208481,0
154.4384827,3,0,1,55.88466609,1,11.13333193,0,70.67736846,0,0,2.341264165,0
57.68201401,,0,7,,0,42.42698613,2,71.31979969,0,1,7.762910358,0
58.40225413,,0,2,32.54484413,1,8.160913448,,48.84696741,0,1,0.213833907,0
56.35194548,2,0,4,34.68075252,5,31.74885026,0,63.66445585,0,0,7.68197396,0
16.57079631,1,1,,47.63236606,2,13.68519153,0,97.29843822,0,1,,0
118.0196698,3,0,4,61.19376069,2,5.65943029,,100,0,0,0.500744649,0
71.46268531,3,0,4,28.95815268,2,85.56762964,0,78.48285267,0,0,7.115625297,0
,1,0,3,30.58344547,2,13.4109336,1,77.14618266,0,1,5.916269148,0
104.5880388,,1,5,38.32390564,17,,0,94.70840072,0,1,6.408333059,0
33.48431871,3,0,2,19.62903009,5,49.85788786,1,47.77337366,0,0,5.603972656,0
,2,0,4,45.02959519,14,8.85775537,1,99.46873821,0,0,,0
163.3980244,,0,1,18,13,,2,67.87713066,0,0,,0
1,2,0,4,43.56917874,3,,2,53.51894654,0,0,6.285580945,0
64.00052334,3,0,1,48.0278479,0,10.6165861,0,87.44388069,0,1,6.540418716,0
96.49171443,2,0,4,,5,1.77425542,0,59.09368451,0,,,0
123.1295646,,0,2,54.86194103,4,6.038081193,1,100,0,0,,0
48.4022379,1,1,3,23.53631154,1,4.918437019,1,76.11010938,0,1,3.474839738,0
135.5274551,2,0,1,23.19702928,5,7.856612699,,61.81401048,0,1,,0
27.24726975,3,0,4,42.86428398,3,24.06745972,1,78.26853449,0,1,4.865760813,1
88.46691667,2,0,1,35.56418532,0,43.31116096,,76.651411,0,0,5.78469103,0
68.28570762,2,0,8,48.52942811,3,9.716595872,1,44.05145867,0,0,,0
147.8966028,2,0,1,38.057713,2,18.45122233,,33.06797603,0,0,1.448803094,0
,2,0,4,18,,23.88555828,,69.0577055,0,1,4.042094139,0
33.98833965,2,1,5,24.32153259,2,51.08166994,0,100,0,1,,0
119.9658801,2,0,,34.5248071,5,,0,,0,1,3.060543571,0
102.922474,3,0,2,18,6,19.72012379,0,60.23709482,0,0,3.785577639,1
112.1828612,3,0,5,50.19787164,4,20.61589477,0,,0,0,7.901424851,0
113.0221132,1,0,5,27.1873069,9,,0,58.54779826,,1,7.209289245,0
141.3201659,2,0,3,50.08972216,2,25.71961356,0,65.14309507,0,0,8.674742906,0
219.4185996,2,0,4,38.93289782,1,11.53879718,2,83.37676885,0,0,,0
73.23416437,2,0,3,27.55105904,1,13.06660351,1,88.37391433,0,0,1.930711417,0
,3,0,6,22.38572997,2,18.36562889,2,68.54829934,0,0,7.382094593,0
15.38645842,2,0,2,42.76796792,8,31.5739996,0,,0,1,3.287114471,0
,2,0,1,42.92238893,0,24.02378972,2,48.79552458,0,0,3.433625805,0
80.12211173,2,0,5,56.78882412,26,11.22417096,0,43.71637727,1,0,8.312304951,0
155.9274972,2,0,5,18,1,,0,73.07085837,0,0,5.93710213,0
94.43405756,1,0,5,63.14160763,0,42.92013212,1,47.92143233,0,1,,1
,,0,7,20.04660666,2,33.31988974,1,100,0,0,6.787729503,1
,3,0,1,75.10704661,1,21.77378643,0,100,0,0,1.380054201,0
,2,0,6,18,5,2.877547061,1,,0,0,4.555731229,0
97.14794166,1,0,3,58.71972074,0,35.64414965,1,83.10464944,0,1,4.931958652,0
94.38359752,3,0,4,46.42681329,19,3.751928531,0,100,0,1,3.210495734,0
58.96588408,2,1,7,18,1,10.91223622,0,82.2168685,0,0,3.304252746,0
81.84341766,1,1,5,18,4,40.95686056,2,100,0,0,,0
92.10812451,2,0,7,,11,11.38302375,1,82.99355523,0,0,6.31497987,0
41.84786749,2,0,4,35.16812358,2,20.52962882,1,,0,0,3.918096973,0
78.55096413,3,0,4,26.29283183,2,,2,57.8534935,0,0,10.31491617,0
146.8785069,3,0,5,18,9,40.18837471,0,100,,1,3.478601916,0
90.70771239,2,0,1,43.28740788,2,10.33419289,1,40.3555701,0,0,1.745330276,0
118.4336654,2,0,2,32.49209903,12,16.51568334,0,69.87113903,0,0,,0
119.0867084,2,0,2,22.83232476,0,,2,50.74860603,0,0,3.999918107,0
59.58671392,3,0,3,22.51021888,,71.5620046,1,58.64089345,0,0,1.087756036,0
114.2901643,2,0,3,26.54759963,1,21.56575362,0,30.35463733,0,0,4.03702221,0
262.1546485,2,0,4,27.40342934,10,36.48434194,0,73.5465868,0,0,5.186913512,0
190.9449266,2,0,2,24.8341419,6,25.13842815,1,43.45641344,0,0,7.031870048,0
,2,0,1,44.39062494,0,5.135582856,1,79.67193321,0,0,4.408982247,0
161.3466612,3,0,3,31.28353479,8,102.6185956,0,79.72034581,0,,,1
,3,0,,38.73695077,9,,1,58.28729932,0,0,5.866830551,0
134.9459843,3,0,,36.18169538,7,4.728753565,2,83.28544059,0,0,7.838757646,0
58.87900338,1,1,4,61.7619305,1,28.32781906,0,46.3711169,,0,4.472330718,0
188.5400318,2,0,2,55.07140472,1,17.691507,1,94.31917551,0,0,3.92133472,0
104.4203443,2,0,4,,4,15.18023277,0,100,0,0,5.644542447,1
54.65485626,2,0,0,40.9003696,0,9.191106901,0,86.89939066,0,1,5.08363078,0
117.2026961,2,0,5,64.79876472,,26.42280255,0,65.87387959,1,0,4.4780845,0
9.806860372,2,0,1,29.41525345,11,1.923142265,1,87.29574654,0,0,2.958479057,0
110.9481958,2,1,3,34.18786749,4,7.539034454,0,56.67259513,0,1,6.381790593,0
94.82065733,2,0,6,18,,41.06609943,0,62.97130632,0,0,2.861934397,0
163.8482693,3,0,6,27.3368097,0,0.859079861,1,59.76335799,0,0,7.160135751,0
153.2740188,2,1,4,31.98203947,,50.95298095,0,81.45869097,1,1,,0
135.9476655,2,0,4,34.55718709,1,8.601854108,1,72.18646048,0,0,5.99785449,0
207.8654107,2,0,1,41.54908987,3,14.33549642,0,59.96394551,0,0,3.89959428,0
94.83726199,3,0,4,42.02009706,1,71.37545687,,100,0,0,3.419220097,1
203.126246,3,0,1,27.30986258,0,8.785887398,0,76.80224384,0,0,7.499380235,0
189.1961298,3,0,1,26.2624375,6,1.300158708,1,89.07153092,1,,2.873298084,0
161.8908156,2,0,5,21.59716279,1,28.65991412,0,,0,1,3.943946862,0
75.52802787,2,0,2,32.83185523,1,53.05202777,2,56.88487756,0,0,7.590750371,0
,2,0,5,36.07974021,6,5.601183981,0,76.25074014,0,0,7.074707595,0
15.2872052,3,0,6,20.0977979,,2.216709953,1,,0,0,2.107087041,1
44.82053414,2,0,7,31.86794265,5,52.25218837,0,97.53875483,0,0,6.83948264,0
101.2605434,3,0,3,18,3,2.146390914,0,,0,0,4.38322572,0
133.4420065,3,0,,33.798955,6,25.06886697,1,69.01050353,0,0,2.078790747,0
121.9237869,,0,2,51.80870143,0,,2,98.12516008,,1,8.128107158,0
94.648482,1,,4,35.39196437,1,22.13526483,2,100,0,0,7.00031067,0
11.34837659,1,1,4,50.55166767,7,1.930067178,1,,,1,4.753011612,0
122.2131656,1,0,4,35.14447884,1,3.214045588,0,56.6037197,,0,4.599547675,0
69.41831317,2,0,1,29.53628498,0,0.356631783,0,63.6118759,0,0,5.484314274,0
67.31168307,3,0,4,35.12742526,1,3.450366813,1,38.5963842,0,0,3.38112118,0
59.0785667,2,0,3,57.89190794,8,43.46027077,2,55.96230852,0,1,9.753056108,0
54.75260835,3,0,2,,5,13.30854196,0,98.10847015,0,1,4.031090825,0
71.96195465,3,0,4,,0,1.260818497,2,62.61165057,1,0,8.609197653,0
75.13228143,1,0,5,,0,13.60627923,1,75.74175979,,0,8.930542706,0
98.67971215,3,0,2,59.88648973,1,,1,62.7212906,0,0,4.923553408,0
18.6344136,3,0,2,26.56687367,0,3.119596268,0,,0,0,5.83502979,0
179.5700184,2,0,1,33.55416754,,33.18199479,0,100,0,0,3.553676733,1
37.17465529,3,0,1,33.86102686,,6.0349865,1,94.66177628,0,0,9.405155752,0
82.87253996,3,0,2,,3,37.72131666,2,50.394836,0,0,5.656428987,0
100.0341409,2,1,3,18,1,13.45275751,0,87.9917623,0,1,5.150248446,0
124.6225632,2,0,3,35.44250388,1,7.681670363,1,,0,0,4.615618399,1
126.4902089,,0,4,56.67380382,4,60.19011656,2,65.59149497,0,0,7.059347845,1
68.89825972,2,0,2,18,2,128.1025636,2,84.95108453,0,1,2.303839458,1
64.19782819,2,0,3,63.7067582,12,11.77563042,0,100,0,0,7.635366273,0
95.81410201,1,0,2,18,6,,1,82.89846113,,0,8.345902622,0
158.3754911,2,0,4,67.61378419,0,,1,71.54440167,0,0,6.006235869,0
,2,0,2,,22,9.967762753,0,69.26192904,0,0,3.901297868,0
80.00608807,2,0,5,30.55953056,14,7.178078511,0,51.89397654,0,0,8.06242821,0
161.1541534,3,0,1,,1,3.389654238,1,25.78378505,0,1,4.462788077,0
43.45557823,2,0,3,33.79029997,1,53.8263445,1,96.69531215,0,1,4.783062904,0
173.8270175,1,0,0,18.49431075,1,5.691397621,1,66.93648787,0,0,,0
97.25529997,2,0,4,18,2,32.24272517,0,87.73085863,0,0,5.082600574,0
123.6816038,3,0,10,74.14917751,,88.67809573,1,75.35168153,0,0,,0
,2,0,4,42.41575901,0,8.738002499,2,60.68030704,1,0,6.169959642,0
109.3227157,3,1,6,49.81915631,0,14.78442245,0,75.79800646,,1,5.910757727,0
122.6767151,3,0,3,58.90347517,5,69.44410199,1,62.94650127,0,0,5.308132196,0
,1,0,3,,2,0.991903653,1,89.0003708,1,1,5.398153896,0
55.61152442,2,0,4,47.87619064,1,,1,100,0,1,5.06357346,0
36.215867,2,0,4,22.52630887,5,23.82608557,2,53.67948058,0,0,,0
70.00889883,2,0,1,40.27302521,2,64.4966863,1,100,0,0,4.406916308,0
1.633746789,3,0,1,24.00289207,2,12.11648535,2,59.11699728,0,0,1.071019562,0
127.1739689,2,0,2,29.75996005,0,26.57019676,0,,0,,8.370896229,0
124.5722755,2,0,3,41.69809954,1,11.54383509,2,79.36087576,0,1,2.919025191,1
37.88767332,3,0,4,,0,47.39215019,2,59.2836308,0,0,2.372754699,1
120.4818059,2,0,3,57.72690589,2,15.17416641,2,85.52983694,0,0,5.184076794,0
97.02924094,1,0,8,44.77108472,0,118.2482058,0,80.79447896,0,1,4.701047919,0
123.673595,3,1,6,64.86012034,3,24.68369509,2,82.23239798,0,0,4.140191874,0
118.0220838,1,0,3,33.61886861,3,0.761845474,0,29.76112233,0,1,,0
92.75477105,3,0,3,18,0,25.17195065,1,91.12061336,,1,,0
,1,,1,49.34831195,1,,0,76.63758276,0,0,2.83595576,0
98.04902403,3,1,4,45.52978459,7,17.7394968,1,,0,0,,0
,3,1,5,44.90318479,0,16.8820302,0,86.86515523,0,1,2.953956587,0
116.6831053,2,0,3,37.2433998,,35.78447797,1,76.69974556,0,,3.473910702,0
100.1847836,1,0,5,18,0,8.038163893,1,79.22299318,0,1,5.479662099,0
116.8978764,2,0,3,58.09224864,8,,0,41.87102552,0,1,4.241222868,0
114.4887428,3,0,1,29.31163775,0,3.117784526,2,78.86583885,0,1,8.397510585,0
99.01028277,3,0,2,63.72434461,4,12.82082736,0,,0,0,7.896862132,0
28.69909414,2,0,2,43.28022305,8,9.648792313,0,71.94886588,0,0,,0
143.2877597,2,0,4,49.26017577,6,15.20657342,0,65.58839928,0,1,5.600375832,0
86.37276393,2,0,1,44.6094064,3,10.21389929,2,78.4729841,1,,,0
,2,1,,18,0,46.79482653,1,100,0,0,,0
,1,0,1,,0,1.019706627,1,92.7743491,0,0,4.996819594,0
109.0510779,2,0,0,43.95910531,18,47.65033872,0,36.32124936,0,0,8.235757658,0
97.0237322,1,0,0,42.72376805,2,26.75292088,0,,1,1,9.576829241,0
143.0718263,3,0,4,56.28009849,1,,2,89.22719514,0,0,,0
145.3272079,2,0,1,38.85579149,1,59.2787101,1,82.43363055,0,0,4.071701582,1
87.05475131,2,0,2,35.34029658,,13.77734158,0,100,0,0,9.04539861,0
154.2991058,2,0,3,25.30567688,11,26.165067,1,83.1115094,0,0,,0
86.05185348,,0,3,29.49306432,5,10.9747106,1,72.11566236,0,1,5.834551656,0
,3,0,4,40.3465035,5,67.12679099,2,75.71398965,0,0,,0
58.88898022,3,0,3,,6,37.52971957,0,92.58852902,,0,2.287831361,0
31.49866863,3,0,3,40.59462723,4,24.08664765,0,82.35849854,0,1,4.549861476,0
168.743821,2,0,1,63.82246732,2,13.6882027,0,94.65306982,0,0,4.905440427,1
41.15189436,2,0,6,46.25044929,4,,0,82.34531556,0,0,4.81388359,0
129.1368792,2,0,3,18,14,22.60384852,0,43.56001065,0,0,4.767985844,0
112.3740274,2,0,,45.15172695,6,10.20537147,0,88.00193295,0,0,,1
,2,0,0,18,3,30.16043142,1,62.93194987,0,,5.234301561,0
,1,0,6,47.28805277,4,24.03645208,1,84.27294623,0,0,-0.301775327,0
38.8389885,3,0,1,44.48534172,7,11.32303945,2,,0,0,-0.762065816,0
80.02672548,2,0,4,21.84265209,3,14.0999599,0,75.36902849,0,1,6.156803436,0
114.7359626,2,0,5,,3,17.64418678,1,63.9077553,0,0,,0
208.5471359,2,0,3,40.13137402,1,22.30543329,0,79.47350356,0,0,5.563623347,0
114.3781953,1,0,5,18,4,8.334816395,2,51.15234362,0,1,,0
88.92433685,3,0,6,24.68407817,1,63.60772425,0,86.09105101,0,1,2.773250274,0
117.8830683,,1,3,37.54298575,0,25.95725483,0,,0,1,4.672577353,0
134.6961617,,0,1,18,4,42.61108146,1,65.75469506,0,0,7.568610265,0
48.83733883,3,0,2,35.56293273,,6.063368467,0,76.59158665,,0,8.431407403,0
120.0855861,2,,5,18,14,2.124017193,0,72.30393269,0,0,4.023269244,0
1,1,0,4,18,,44.2744126,2,81.63026254,0,0,3.95423849,0
173.3391278,3,0,6,31.12895635,3,12.07070555,0,74.7533693,0,0,,0
134.0115104,2,0,2,39.79492896,,39.00741522,,66.09980104,0,0,5.123673769,0
51.00372126,,0,0,53.94439193,,48.0223814,0,93.39641079,0,1,6.585406896,0
65.08690756,2,0,0,,1,54.11455348,0,59.73929367,0,0,4.786437061,0
,2,0,0,,1,18.86420317,0,78.7771415,0,0,6.207292775,0
148.3913012,3,0,,53.68446281,0,4.781524739,1,91.24352918,0,0,4.546482509,0
95.08450763,1,0,4,63.03880747,2,6.674410872,0,19.20864404,0,0,5.285824806,1
44.14067691,3,0,1,34.14312878,11,,1,56.06897673,0,1,6.610418258,0
30.83296115,,0,5,18,,88.49104826,1,86.08043322,0,0,5.497709922,0
56.51684594,3,0,0,,6,4.999991168,2,73.56111431,0,0,4.179676554,0
92.09960507,3,0,0,40.58667763,6,4.631677471,0,58.95778078,0,0,7.143068255,0
172.1816002,3,0,2,37.03065346,12,28.77475443,0,42.61384698,1,0,4.205978631,0
31.64310968,3,1,1,51.89281498,7,14.29363201,1,83.83396352,0,0,,1
101.5879728,2,0,4,,2,31.36392234,1,,0,0,6.07126128,0
,2,0,5,38.70014747,3,15.31411342,2,70.74675824,0,0,5.008531585,0
67.01256794,2,0,1,47.91838585,3,32.04749315,0,84.32132724,0,0,,0
116.34277,2,0,5,18,3,16.5361406,1,60.50277725,0,1,-1.024290146,0
,2,0,2,35.36274869,5,21.49200936,,47.30846176,0,0,4.409636429,0
18.39925575,1,0,4,33.99308376,1,,1,66.76633711,0,1,5.565024774,0
144.7323594,2,0,4,18,5,102.1032427,2,67.87434185,0,1,,0
55.4841076,3,0,1,20.87868677,4,25.12369741,2,81.89766129,0,1,6.045010771,0
135.0747391,3,0,0,42.81805835,8,33.05568456,0,29.98631235,0,0,9.130666236,0
73.09761208,2,0,3,41.38333983,7,9.083501885,0,91.03874429,0,0,5.821475352,0
,3,0,3,21.8821833,12,,0,61.52868158,0,0,1.449885144,0
108.8410436,1,0,4,31.442917,,2.954258605,0,91.67849804,0,0,0.712860187,0
63.03142963,2,0,2,47.69849366,3,6.150868265,1,77.94554405,0,0,5.259729922,0
95.58589758,2,0,4,30.57214383,1,27.05723285,0,88.58522185,1,0,,1
55.24650789,2,1,3,64.62361915,3,5.143524725,0,68.720466,0,0,6.985377909,0
118.4366574,1,0,3,52.94514799,3,62.95029166,0,80.84742172,0,0,3.56064151,0
142.1256948,3,0,2,18,14,39.21262154,2,,0,0,5.525517982,0
91.36854329,3,1,4,43.68084457,4,10.38041147,0,74.40039691,0,0,7.041576045,0
62.65383575,2,0,3,52.180869,2,66.03144022,0,68.76722747,0,0,5.380625489,0
219.0856766,3,0,2,19.19066032,,21.19105273,1,58.8863017,0,0,6.021767847,0
83.35697978,3,1,1,47.38445277,,0.192857546,0,61.87480721,0,1,,0
124.3154997,3,0,3,43.16185026,1,0.004281751,0,100,0,0,6.475473945,0
33.92221067,2,1,4,,3,0.278869006,1,66.88141163,0,0,7.595973155,0
19.18446958,2,0,4,32.68523439,15,84.56803355,2,84.53165279,1,0,3.231668662,0
29.74050766,3,0,1,60.25584982,6,18.61689853,2,60.431615,0,0,3.384022723,1
12.65521543,,0,2,33.37636305,7,,1,72.35192918,0,1,6.021800362,0
67.46700863,3,0,2,40.95296953,7,4.803407004,0,95.08683094,0,0,6.709330145,0
136.0781253,3,0,4,26.64300963,2,,0,67.19309089,0,1,6.027510443,0
55.23268388,3,0,1,61.7683059,2,29.58120448,1,73.64805414,0,1,4.199479455,0
135.7746548,3,0,2,44.45029729,,,2,48.94384791,0,0,,0
100.3136578,3,0,2,36.61980066,0,14.41943901,0,71.01626603,0,0,6.023504758,0
187.7397091,3,0,3,38.49028824,5,44.39813379,2,49.49249332,0,0,5.975705789,0
157.9537032,1,0,2,52.27778564,18,48.58242547,0,62.64392489,0,0,5.841393464,0
148.7856689,3,0,3,44.30368659,3,0.548085843,2,86.23499937,0,0,0.601212831,0
75.10190766,1,0,2,29.16809097,10,8.946788985,0,99.22865845,0,0,4.054928179,0
98.20869804,2,0,1,18,2,3.794489827,0,55.60871855,1,0,4.544816883,0
124.037229,2,0,2,28.98885368,1,19.57865957,0,94.67796195,0,0,3.197927571,1
12.45122128,3,0,2,,7,31.20327605,1,89.13422909,0,0,10.33940264,0
105.2687753,1,0,2,55.7139474,10,6.042749184,0,83.05875081,0,0,6.054412129,0
130.9855723,2,0,1,52.84998832,2,16.22386627,,79.05635121,0,0,,0
,2,0,1,32.68824566,12,24.55597555,2,65.68153595,1,0,,0
89.82098199,1,1,0,52.30701677,1,31.28506932,0,78.95810157,0,0,4.714398971,0
147.2944078,3,0,4,27.80646609,6,0.751993633,1,100,0,0,1.531559403,0
43.2989907,1,0,2,,4,50.05679723,2,72.00766157,0,1,4.250825766,0
82.95460613,1,1,3,,0,8.097114152,2,79.22017007,0,0,3.863883135,0
75.58630788,1,0,2,36.03257539,1,42.60829919,0,68.48393035,0,0,1.196239238,0
158.2369677,3,0,1,52.72748836,5,15.97517477,0,69.62799646,0,1,5.119232003,0
166.2716055,2,1,0,37.79791362,6,96.65866752,0,60.42817822,0,0,3.758844881,0
1,2,0,2,18,,0.522250854,0,81.58695959,0,0,4.109689943,0
129.5721076,2,0,7,,7,,0,72.56847694,0,,3.402924022,0
159.5323137,2,0,2,18,4,75.15817393,0,100,0,1,4.099768999,1
165.4722051,3,0,3,46.93788521,12,0.756598107,0,95.95307438,0,1,4.862144352,0
119.2032724,2,0,6,36.49301003,3,19.38549406,0,55.13219441,0,0,1.971115483,0
,1,0,1,49.67311721,5,,2,71.867618,0,0,10.62444222,0
147.065529,1,0,4,53.90217432,1,35.4734981,0,61.31980279,0,0,6.583955736,0
129.369585,2,0,0,39.96476009,12,13.36260066,0,90.40531723,0,1,3.475720913,0
134.8103182,2,0,5,19.97794232,3,3.312055773,1,81.33540845,0,0,0.926884901,0
50.08072804,3,0,,18.90038817,0,11.81894347,,60.87504822,1,1,2.087648605,0
67.16553272,3,0,2,,1,7.106405247,0,69.46640502,0,0,5.052722806,0
142.8487768,2,0,5,36.46662114,0,19.11998445,0,48.73783978,0,,2.383560694,0
44.75686035,1,0,2,41.24453318,4,9.989453112,0,89.21244986,0,0,,0
102.5598951,2,0,1,20.30111779,10,17.55905822,0,97.63386376,0,0,0.719061593,0
,1,0,1,31.32503101,1,15.43124557,1,,0,0,5.880593682,0
,1,0,3,39.75883709,8,14.23275992,0,45.88121973,0,0,7.973372206,1
22.20521769,2,0,4,,3,5.039037431,0,96.71994593,0,0,3.221969448,0
139.1314913,3,0,3,18,,1.002648759,0,78.40650457,0,0,4.995621724,0
19.67768399,3,0,0,44.44509307,2,8.476811862,0,81.991972,0,0,4.362067022,0
121.440825,2,0,5,29.1552024,6,6.841234705,1,87.51267827,0,0,2.254556578,0
134.6384516,1,0,1,51.89238841,4,16.54811564,0,88.9667447,0,1,5.383913969,0
89.54883714,3,0,3,39.28819724,,28.99293421,2,99.44467415,0,1,6.40522455,1
130.5108085,2,0,3,27.28491785,12,3.358360897,2,82.76672999,0,0,,0
136.9837734,2,0,4,20.76603525,0,14.7021526,1,53.49877182,0,1,7.727850292,0
136.0567681,3,0,1,75.26086723,3,16.46296992,0,73.28364478,0,0,2.814260634,0
161.4607392,2,0,2,42.89442882,3,19.84800881,2,89.10434018,0,0,5.162658777,0
1,3,0,4,48.23860261,5,13.34381856,1,60.95223738,0,0,2.798288738,0
115.2621563,2,0,3,48.94588755,2,36.93317057,2,95.82254125,0,0,,0
50.60633295,3,0,3,52.48561762,,2.320794279,0,57.72223075,0,0,6.032099033,0
103.8410946,3,0,4,18,4,31.63334257,2,50.87418505,0,1,9.302437226,0
123.1592398,3,1,2,28.01278666,0,41.30588962,2,71.18048318,0,0,6.226640931,0
165.8557534,3,1,2,21.99108323,5,40.67345902,1,,0,0,3.765292039,0
125.7127378,3,0,5,60.47110049,10,6.860128412,2,73.66843436,0,1,4.70576508,0
,,0,6,,1,0.589310645,0,35.04736958,0,1,1.502406799,0
51.06295818,3,0,1,47.53688751,10,11.64665515,2,,0,0,2.769989578,0
129.1772152,2,0,4,37.13039985,12,13.80879143,1,77.99194456,0,0,6.445591482,0
125.3120495,3,0,3,24.46827771,18,5.8440459,0,100,0,0,3.706402259,0
83.43238505,2,0,2,,2,23.11586293,2,,1,1,4.442902375,0
97.9264111,1,0,2,18,,20.85544057,,58.5135783,0,1,,0
88.21443776,,0,2,28.1843068,4,20.86194943,0,65.76215512,,1,3.193302888,0
90.11897661,2,0,4,37.72096605,3,35.60375761,2,57.80332509,0,0,,0
83.86600806,1,0,2,18,6,9.733331698,1,96.80945825,0,1,,0
48.61624295,2,0,1,21.2408115,9,59.27797769,1,55.17781778,,0,,0
,3,1,,40.77799967,14,34.862382,2,62.17177233,0,0,,0
88.0249039,2,0,4,56.75678747,4,82.02112151,1,88.78075825,0,0,5.56582416,0
132.4140217,2,0,1,55.17026563,5,14.46414214,0,100,0,0,7.097720312,0
38.9578175,3,0,,27.31280755,2,20.50566711,1,57.76435986,0,0,6.164182775,0
34.77652497,2,0,3,42.93936699,2,,2,69.98549284,0,0,3.866474791,0
120.4326406,3,0,2,43.49262254,16,9.587675876,0,100,0,0,,0
107.4681741,2,0,4,35.67237948,0,5.743391143,2,78.15812367,0,1,4.605647545,0
125.7814044,3,0,2,60.84228613,0,10.14640595,0,70.86543066,0,0,1.223303569,0
8.189731345,3,1,3,27.43475265,6,28.62977811,1,55.35376254,1,1,3.254730133,0
120.1134039,1,0,3,18,2,29.20888061,0,75.1338368,0,0,6.397457972,0
,,1,2,35.11062788,0,3.112175378,0,68.02751094,0,0,1.465315298,0
142.0367241,2,0,4,42.08737072,0,,2,53.37318771,0,0,5.379875822,0
177.4510076,1,0,1,,3,40.0306387,0,58.18050653,0,0,4.77301143,0
109.5317796,3,0,5,57.82082144,,4.192412529,1,97.9293801,1,0,6.038320847,0
75.95831052,2,0,1,53.10014748,4,26.21934183,0,67.58006787,0,0,5.417924591,0
140.9869859,3,0,6,33.54845562,9,16.28220013,0,66.86171656,0,0,3.182542559,1
98.79021968,3,0,5,23.64588633,3,24.32783586,0,74.22462982,0,0,4.047134798,1
96.99812292,2,0,1,48.75937969,9,51.56083903,0,69.46547769,0,0,3.835229037,0
143.5648649,1,0,,18.61134933,2,7.870836489,1,75.5886573,0,0,1.547663835,0
56.53565065,,1,5,45.6113425,5,8.591876861,1,75.06312345,0,0,,0
99.86069447,3,0,1,46.24684818,1,79.22066055,0,43.22326958,1,0,3.876789158,0
113.3409198,2,0,1,35.951548,0,3.487428466,,36.86800908,0,0,,0
172.5571804,2,1,2,,4,6.148784798,1,49.93243996,0,1,3.953366472,1
179.4470164,3,0,2,18,7,10.37616492,0,34.68327866,1,0,5.964141058,0
1,2,0,3,39.88589772,4,38.67185643,2,43.90076352,0,0,5.420199987,0
111.3729967,2,0,2,39.54312351,0,20.0868697,1,72.57710301,0,0,5.751391419,0
,2,1,5,27.9028058,8,35.00641525,1,100,0,0,-1.07131473,1
107.2713609,2,0,2,29.49220201,1,4.728344946,0,67.44913671,0,1,5.084156662,0
50.08466124,2,0,1,18,0,39.89145551,1,91.16014241,0,1,5.098962721,0
98.11826488,2,0,2,26.41147416,13,35.9753154,0,100,0,1,5.23155205,1
,1,0,2,,0,33.6616707,0,81.07405178,0,0,4.899641831,0
116.8741037,1,1,2,35.39340888,34,12.77462462,0,52.80395872,0,0,6.166255267,0
1,1,0,4,24.37380721,6,,0,58.43345891,0,0,7.288034119,0
1,2,0,2,18,19,0.729567144,2,71.37600868,0,1,6.001081367,0
46.61897853,2,0,3,18,1,10.89675545,1,,0,0,3.837187484,1
173.2824384,1,0,3,23.04657284,5,36.4242188,1,,0,0,,0
134.9111657,3,1,2,32.84703448,11,1.208071842,,76.7769896,0,0,5.083788163,0
176.8965959,1,0,3,18.36875887,1,4.836930851,1,71.17213129,0,0,3.522751972,1
121.6479913,3,0,4,18,3,16.4378027,1,87.39389689,0,1,2.840025598,1
7.690606888,3,0,2,43.33638168,11,1.729807075,0,71.79762697,0,1,7.251026436,0
84.9587022,2,1,,40.38402661,7,3.330877789,2,92.5643019,0,0,3.270332694,0
94.21758588,1,0,3,43.82627164,1,26.51784822,1,100,0,0,1.589948258,0
,2,0,2,47.18112985,6,,1,,1,1,1.798493188,0
40.23531182,2,0,2,19.93459194,1,17.1040176,2,46.44813544,0,0,5.830853777,0
79.42866964,3,0,4,69.12973159,1,37.05561798,,75.45491894,0,0,4.225086541,0
64.54895212,,0,1,,6,1.159615846,1,77.82495825,1,0,,1
147.1394257,1,1,4,,2,3.018576363,1,74.56349562,,0,8.567360196,0
76.71351232,2,0,1,,9,,0,93.09462404,1,0,5.60706986,0
36.50007013,2,0,4,36.47972703,9,34.99124761,2,92.6340489,,0,4.749042767,0
,3,0,3,25.90456567,7,28.21929975,0,74.26912522,1,1,2.571787551,1
98.53685932,2,0,3,25.76200283,4,5.759651926,1,,0,0,4.940865739,0
148.409233,2,0,2,23.33382345,,18.1945085,2,75.87109331,0,0,6.228623245,0
134.0679755,3,0,5,44.0906402,2,3.406542393,1,43.31899549,0,1,4.273968973,0
63.57691892,2,0,4,29.84385054,3,11.21432775,1,78.76222827,0,0,2.941047462,0
101.9001739,2,0,4,,14,10.41460138,0,100,0,0,3.840248363,0
92.50296405,2,0,5,68.97534614,0,,0,52.58853484,0,0,4.565547089,0
220.5838338,1,0,4,53.85201874,8,22.92429014,2,75.59289985,1,1,4.642824649,0
166.4576265,2,1,1,39.085026,2,33.78074431,1,,0,1,4.855852665,0
119.1494492,3,0,4,20.67602123,11,11.88973595,0,78.76038154,0,1,4.546897818,0
151.9189426,1,0,5,60.18309684,0,,0,73.8483276,0,0,5.238351663,0
125.1392213,,0,4,,6,1.305646,1,51.35055963,0,0,1.98170326,0
127.1695414,2,1,1,58.84534164,1,4.935451749,0,89.7159176,0,0,,0
123.6298741,2,0,,45.87517169,0,37.58590085,0,85.25408509,0,0,7.028962935,0
124.3652619,2,0,1,24.10096769,5,18.13826261,0,70.70682678,0,0,2.080700199,1
133.1440634,2,0,4,40.08737844,3,0.230059095,0,,0,0,3.44185385,1
54.51582915,1,0,4,37.85611451,0,49.53201517,0,100,0,1,4.040119633,0
127.6574578,3,1,6,28.78701533,0,42.68506322,0,100,0,0,1.045340938,0
130.3948255,1,0,6,69.38774861,1,68.85707681,2,54.90640871,0,0,8.718305499,0
70.43609953,3,1,3,34.21638711,0,62.48800869,2,,0,0,3.757938666,0
,2,0,3,18,2,78.28535567,2,54.09208659,0,1,4.791521653,0
80.63190177,3,0,1,32.88721868,8,1.482729665,0,18.54960184,0,0,6.765630972,0
,2,,4,29.84717345,,,1,67.61034742,0,0,2.409328899,0
109.014744,1,0,4,49.34805064,9,56.91219922,1,40.34201535,0,0,,0
,2,0,4,52.98323772,4,7.40376517,0,59.73608568,0,0,6.59344313,1
193.6648888,3,1,3,20.03642125,,19.09959739,1,,1,0,3.115889576,0
16.44151138,2,0,1,30.01931546,9,8.091473448,0,47.24160845,0,0,,1
170.467372,2,1,3,21.01182023,0,4.242974839,0,69.42285258,0,0,3.778679813,0
53.33660205,,0,4,19.89061508,19,,0,71.84325159,0,0,3.69657401,0
114.0504625,2,0,7,46.08548079,1,40.24690033,2,68.60994965,0,0,11.61224597,0
,2,0,1,29.14131127,7,66.96182228,0,80.68583678,0,1,5.611476932,1
68.84297368,2,0,0,46.87247169,3,4.032575678,1,90.48085318,0,0,6.036622054,0
169.9677718,3,0,3,64.62734883,8,12.02464813,2,72.83017315,0,0,,0
70.43576056,2,0,4,24.25367976,2,89.68581599,1,98.78209085,0,0,5.125199844,0
181.4821066,2,0,6,25.676181,,8.624388169,0,52.20781626,0,1,3.799967007,0
121.1799533,3,0,0,24.67189428,2,23.59003297,1,73.94327051,0,0,4.21028725,1
,3,0,4,41.84019013,0,36.75778776,1,,1,0,5.908968233,0
46.00787761,1,0,6,37.60858484,10,63.85252204,2,,0,0,7.378028815,0
138.8013957,,0,3,52.16790733,10,14.9480169,0,53.15831467,0,0,4.339346574,0
114.6768765,3,0,6,56.99950604,3,,1,63.39352011,0,1,2.997388766,0
146.7159956,2,0,2,32.47377713,4,57.05857238,2,86.71332592,0,0,6.048164278,0
98.17050128,1,0,0,61.20692348,2,,1,88.4437804,0,0,,0
79.10452271,2,0,5,52.28134325,7,6.460894499,2,90.70750482,0,0,7.272018413,0
36.40404994,2,0,2,34.91371746,2,,2,81.35534886,0,1,5.526125806,0
43.7206443,2,0,4,19.97177661,0,21.45462869,0,90.52333703,0,0,,0
51.07502271,3,0,2,41.25970794,2,40.18023583,1,47.88554768,0,0,5.588863276,1
46.45737907,2,1,3,31.20930415,2,14.13584743,1,100,0,0,3.285807799,0
69.80808513,2,0,1,51.63795082,0,65.88418534,1,74.17027715,0,0,2.51431767,0
29.57693518,2,0,1,25.75231919,2,25.37509545,0,47.61315788,1,0,8.028510322,1
134.3713378,3,0,3,27.33254644,14,2.645254485,2,79.28223138,0,0,7.904571965,0
1,3,0,0,,0,4.851358036,,91.63618813,0,1,4.978848791,0
141.0079093,1,0,3,40.0911002,0,1.551544676,0,38.79057038,0,1,,0
140.5698277,2,0,3,33.34439995,16,13.15422011,2,82.68097746,0,0,5.486575705,0
92.79562221,,0,2,37.36679558,0,2.485945456,0,62.19001412,1,0,,0
171.2313866,2,0,2,36.88821917,0,44.58799875,0,100,0,0,5.531710416,1
85.94372576,1,1,5,20.13202033,7,0.843315836,0,91.93707339,0,0,6.401902242,1
32.15322152,2,0,4,49.2135464,1,87.50140179,0,100,0,1,5.515193917,0
246.3635046,3,0,2,,,,1,68.57045018,0,1,6.13511801,0
175.1699151,2,0,3,31.42972431,2,,2,,0,0,6.600235283,0
128.9464324,3,0,6,33.4110892,0,40.42551992,2,48.72635878,0,1,2.132687735,1
103.783677,1,0,1,39.48651437,0,26.95868526,0,81.16129251,1,0,,0
208.9281087,2,0,5,27.54884506,4,0.617192887,1,48.57065567,0,0,,0
106.9748898,3,1,3,37.64283978,0,4.524264092,0,46.69444388,0,0,7.008871929,0
119.6653525,3,0,5,36.49322033,0,46.95701634,0,,1,0,5.897249008,0
74.23908031,3,0,2,33.83607612,8,12.55266646,0,75.67821781,0,0,,0
115.1909298,2,0,2,33.53958758,5,25.37390636,0,100,1,0,4.293454627,0
26.15375362,3,0,5,52.93910247,0,24.45440742,0,60.3894272,0,0,2.026745389,0
111.1957067,,1,3,53.65064208,0,20.16055186,2,76.66643063,0,0,4.77530031,0
74.53933187,2,0,3,23.77087499,0,23.28647169,2,100,1,0,1.471721072,0
48.79065878,2,0,1,,1,40.74302913,0,100,0,0,3.344089691,0
119.8698512,2,0,3,55.65824814,2,66.79688482,0,95.5191048,0,0,5.376364626,0
101.0655824,2,0,,18,1,15.91702904,0,49.80841887,0,0,6.973745214,0
186.7981902,2,0,0,56.40983428,0,0.184545089,,50.4618267,1,0,5.969685206,0
104.9825683,2,0,5,19.35063192,3,12.21403656,0,86.25234153,0,0,8.163267005,1
159.8285751,3,0,3,32.05550386,11,0.337729972,2,74.70053943,0,1,6.204857826,0
86.24392859,2,1,3,18,3,18.64643179,0,67.55424749,0,0,5.610083618,0
116.1592741,2,0,2,18.48101451,10,47.45738243,1,85.87872339,0,0,5.727581172,0
125.3637016,,0,3,18,12,,0,55.1683906,0,0,3.127131553,0
53.66508456,,0,6,33.3466041,0,5.001659609,0,60.63114405,0,0,,0
163.5532663,2,0,0,,8,7.088809092,0,54.94505349,0,0,3.244478647,0
117.429756,3,0,3,44.76496762,1,5.457479751,0,44.01752126,1,0,7.470726602,0
68.48753525,3,0,6,48.99525109,0,89.44543504,0,98.51094499,0,0,3.237634478,1
44.29593209,1,0,4,,7,18.52772229,0,100,0,0,8.929350214,0
7.10492743,2,0,3,40.21217987,13,13.52608449,0,38.13638692,0,0,5.890947466,0
29.86973641,3,0,3,18,1,123.2646086,0,55.85155104,0,1,2.457388697,0
106.9943616,2,0,2,36.25732687,3,9.130150463,,86.39954367,0,1,3.16534259,0
154.7399251,1,0,1,,2,40.80826991,1,86.62067207,0,0,2.466326839,1
68.35598626,3,0,,28.52856929,0,,0,,1,0,4.448487623,0
,3,,3,25.90494026,7,11.33638122,0,46.64364239,0,0,6.353287511,0
,,0,2,30.50200649,17,22.61017549,0,96.07432781,0,0,3.952506567,0
171.1184931,2,0,5,34.50647163,9,30.53994681,,78.23115618,0,0,3.348694586,1
120.743275,2,0,2,63.04822179,3,15.7735181,1,,0,1,5.538468517,0
123.1051737,2,0,3,66.47898172,0,2.160307299,0,75.51144821,0,0,7.255968858,0
159.6556473,3,0,3,28.73882178,4,11.72191249,0,44.28101061,0,0,5.345860872,0
178.6993382,3,0,2,36.27443658,2,63.48074313,0,85.5655565,0,0,3.062595266,0
210.5261501,3,0,3,59.55275767,10,5.052684251,0,59.58652336,1,0,,0
152.4776358,1,0,2,18,0,29.87733832,0,,0,0,3.760749009,0
159.0945546,3,0,,71.95656605,7,17.67376639,1,57.53951141,0,0,5.645833114,0
127.7756323,1,0,4,35.14093617,0,,2,91.21918519,0,0,3.502652075,0
89.57658947,3,0,2,25.00095791,,3.993278078,0,99.13424604,1,0,,0
127.1800077,2,0,3,41.95967045,,6.54262268,1,78.16663416,0,1,6.294198603,0
2.247561484,2,0,2,25.91241071,1,4.486450395,1,93.78599582,0,0,3.410145254,0
133.1065337,2,0,4,,,3.517768398,0,100,0,0,,0
98.07457652,3,0,,,4,7.358765782,0,100,0,0,,0
46.74431685,3,0,5,21.84173178,3,5.345510448,1,71.5425328,0,1,3.500751845,0
97.99210247,3,0,3,44.54457045,4,10.71143756,0,87.00599,0,1,4.345799506,0
,2,0,2,,0,20.03723765,1,57.18571958,0,1,4.89496996,0
50.3203498,3,0,,28.61782804,1,2.43853319,0,84.63166729,0,0,,0
104.8991577,2,0,3,35.40941665,10,,,61.49767302,0,1,,0
119.9073633,3,0,2,30.43716978,3,14.022502,0,100,0,0,3.570568271,0
160.654885,,0,4,32.31560086,3,23.01452075,0,48.63179858,0,0,4.751872092,0
111.1942012,3,0,4,,,37.6101958,0,99.27350659,0,0,4.093492156,0
,3,1,7,,0,48.06671315,0,65.04851334,0,0,5.600110291,0
103.5026082,2,0,5,20.83185279,5,52.82138292,0,75.41476056,0,0,3.484146348,0
,1,0,7,27.7669148,1,71.10662577,0,75.28515643,0,0,2.977477837,0
80.00500049,3,0,4,34.96583239,3,8.933138174,2,81.1781123,0,0,2.046738418,0
59.48737815,,0,3,32.20424989,18,53.826297,0,48.75674237,0,1,5.530874492,1
,2,0,3,,25,4.479928393,1,57.76064847,0,1,1.95490859,0
111.2169828,3,0,1,18,6,50.37508107,0,87.65777617,0,1,5.365111481,1
134.1784662,,,1,38.99024274,0,31.12943607,1,32.77810082,,0,7.261021735,0
144.1166531,3,0,2,25.041209,1,14.62102486,2,100,1,0,2.975243113,0
233.3452611,2,0,7,,0,8.055158171,0,47.29601688,0,0,4.591117258,0
148.7656229,1,0,4,49.67194187,28,15.51198222,1,46.68935038,0,0,,0
214.0825918,2,0,3,35.4698167,0,22.60154095,0,100,0,1,4.686180594,1
99.54405017,2,0,3,18,1,25.90473577,2,100,0,0,7.617942155,0
1,2,0,,47.39648433,6,0.592856161,1,84.5695179,0,0,3.88436783,0
48.53142459,2,0,4,59.05514614,0,,1,66.53544717,0,1,7.935335905,0
106.6770452,2,0,3,,12,,2,55.42590678,0,0,1.844462517,0
103.4185783,3,0,2,38.0416047,5,18.58235974,2,73.73647367,1,0,6.073161037,1
,3,0,1,52.83426763,,12.06603604,0,81.03327732,0,1,3.672341764,0
,2,0,3,54.35949356,16,,0,53.45841672,0,0,7.848741797,0
119.8963525,1,0,3,39.76046991,0,5.93552243,1,49.89482926,0,1,4.307315844,0
106.5370289,2,,3,50.14682518,2,19.76518179,0,56.44435608,0,0,9.798070537,0
154.7095759,3,0,2,37.90774024,0,6.138030294,0,89.3332791,0,0,4.85424815,0
34.92060086,2,0,3,40.91732293,1,2.639335736,0,90.50219438,0,0,6.099604037,0
107.0179935,3,0,3,18,8,12.24819305,0,78.72159879,0,0,5.636622407,0
79.40883155,3,0,4,63.63085774,6,6.605496081,1,68.42715884,0,1,3.534065185,0
216.8913873,2,0,2,18,0,28.114521,2,74.060237,0,1,7.931335566,0
54.96643087,2,0,2,18,3,23.51404597,0,63.05284149,0,0,6.629856293,1
139.1794832,2,0,6,,5,30.22633209,0,40.32265627,0,0,,0
172.7717242,3,0,3,44.4612003,8,6.10862067,,,0,0,3.809820768,0
100.0103532,2,0,2,43.03468203,0,0.435614587,2,100,0,1,4.918764157,1
111.3517239,3,0,1,37.31537909,12,43.31664211,1,100,0,1,2.618061379,0
81.06200817,3,0,4,18,3,15.47621687,0,100,0,0,2.679203341,0
49.89062721,3,1,4,,4,0.963955687,2,80.91927022,0,0,8.280091257,0
118.7849009,1,1,3,,2,30.20755227,1,,,0,5.285280277,1
65.26434345,2,0,2,40.19095997,7,2.440839174,0,62.88946611,0,0,2.081167731,0
41.03154392,1,1,4,42.894237,0,3.411485952,1,73.87628975,0,0,5.402057807,0
99.61555021,2,1,4,52.72212757,11,0.867435322,0,51.45296116,1,1,,0
,1,0,5,35.70979607,11,62.28992372,0,100,0,0,4.769511057,1
64.81448003,2,0,6,28.80172595,7,11.89839719,0,46.48292202,0,0,,0
36.77507965,2,0,0,,5,38.35190811,0,89.85050178,0,0,1.184298002,0
,2,0,3,65.35819426,6,,1,67.96107102,0,0,2.669892602,0
100.7848898,3,0,3,75.31661986,2,37.08162844,2,69.80999938,0,0,8.752178383,0
33.88262827,1,0,3,40.86761892,1,18.9403139,0,51.47919907,1,0,5.949970982,0
165.5095954,2,0,1,,0,17.62671027,0,,0,0,3.072761441,0
4.335987767,2,0,3,18,2,16.96762953,0,48.05650031,,1,2.713543308,0
68.45345831,1,0,2,50.4852143,2,51.01375184,0,28.92804305,0,1,3.72844999,0
76.9415134,3,0,4,43.35253303,0,5.401555504,2,95.95075014,,0,2.880165009,0
154.437431,2,0,2,42.22411508,9,22.97864945,0,58.86539607,0,0,11.27405009,0
176.6863855,2,0,0,18.3685803,,10.07562275,0,47.52438257,0,0,5.238335705,0
19.16433125,1,1,1,18,0,1.123033164,0,,1,0,6.895733949,0
85.57256521,2,,5,29.74896258,10,15.89050884,1,38.33973459,0,0,2.283435218,0
129.6283637,1,0,2,18,,,2,60.97879544,0,0,5.875238516,0
134.941421,2,0,1,31.91608928,12,42.88940146,2,67.34959014,0,1,4.287378723,0
207.6591229,1,0,,31.0122588,1,8.465283169,1,62.04031694,0,1,4.505518018,0
43.91244486,2,0,3,33.25738116,3,15.90317414,1,95.26877913,0,0,6.335780291,0
109.9805209,2,0,3,35.02254975,2,13.65761145,,100,0,1,,0
71.79606846,3,0,5,49.85962961,8,5.253174449,0,,0,0,3.112753613,0
149.8529678,3,0,4,39.6518512,1,,0,70.89679543,0,0,,0
70.77723541,,0,1,56.24259965,2,5.284609073,2,93.49498259,0,0,,1
58.57514876,,0,1,27.4357929,,16.71892749,0,40.42542585,0,0,6.944146733,0
130.2060445,2,0,5,26.81483655,0,7.118219945,1,78.78188682,0,1,9.122527576,0
91.03744873,3,0,5,44.92074632,3,17.52036896,2,80.69562865,0,1,6.775746773,0
96.63612675,3,0,5,23.17092493,6,2.938584773,2,34.15208329,1,,5.961976775,0
133.6146704,2,1,1,,,46.8086212,0,55.62272087,0,0,2.920280768,0
102.3467451,3,0,6,49.82458591,5,11.36687485,0,60.92697804,0,1,6.770872625,0
54.78416874,2,0,4,39.58400015,7,4.381274554,0,81.62101943,0,0,6.302464392,0
150.6318705,,0,3,43.44930357,,9.674496666,1,51.4373052,0,0,6.17976933,0
47.69394575,2,1,3,18,0,6.706368896,0,67.98397793,0,1,5.736615193,0
161.8046588,2,1,3,,2,13.82957725,0,73.34566245,0,0,5.129032559,0
,3,0,3,32.40347123,2,,2,,1,0,0.904734901,0
81.73392243,2,0,2,,0,,1,72.8394389,0,0,6.063217804,0
1,1,0,5,24.78949869,1,19.49552754,1,86.35300174,1,1,4.683672919,0
131.6663413,3,0,4,,,16.16165469,1,80.28688044,0,0,5.918047949,0
125.7441798,2,0,2,24.80843399,0,12.74477566,,,0,0,8.564410817,1
60.19870716,1,0,2,53.13686352,15,72.48222712,0,54.11202303,1,0,4.466336908,1
109.9905217,2,0,4,37.02282394,6,27.17340155,2,95.81564751,0,0,,0
158.6736929,3,1,4,18,5,21.40146004,2,68.38472108,0,0,5.777183463,0
130.0106483,2,0,5,37.72923785,1,60.45346779,1,62.54143961,0,0,5.098416701,0
99.88155419,1,1,2,47.94058216,4,3.805875149,0,47.37614013,1,0,,0
121.0095771,3,0,6,26.23126179,9,,1,82.02306145,0,0,,0
84.17957752,2,1,3,50.13644202,1,52.96959889,1,100,0,0,6.543051004,0
128.8989262,2,0,6,,9,15.89959716,1,66.74195942,0,0,4.696514815,1
,2,,3,20.25507854,0,71.98576047,1,91.174959,0,1,,0
155.8647916,2,0,2,18,9,8.817951615,0,93.88706655,0,0,6.141391781,0
127.4841593,3,0,2,33.02775821,6,106.1496673,0,54.64623998,0,0,5.166665423,1
72.34113773,1,0,,53.43074854,,37.40535059,0,97.43565834,0,0,4.047061446,0
197.6458691,2,0,1,42.3082781,5,2.756363536,0,82.67091529,0,1,5.54633297,0
106.883097,2,0,1,51.31124711,3,7.604713667,0,,0,1,,0
102.3490297,3,1,0,30.77531578,,43.01151236,0,66.16245425,0,0,,0
161.8065361,2,0,4,25.86502707,0,16.20746563,1,32.83706617,,0,7.306082223,1
189.9240044,2,0,4,58.87329276,0,20.999853,2,100,0,0,5.373576404,0
147.3763231,2,1,4,31.43529246,5,22.79279043,1,99.27058598,0,0,7.25054669,0
40.43482514,1,0,5,18,6,9.861535936,0,44.28934048,1,0,5.323420579,0
107.1524385,1,0,4,54.04108718,5,30.9876701,0,48.32120059,0,0,7.653033001,0
101.4372411,3,0,0,30.9770818,5,9.002839475,0,56.09256182,0,0,6.632203671,0
142.8829812,2,0,5,,3,18.2292359,0,,0,1,3.866748623,0
47.99031401,2,,,33.80606059,2,0.88505176,0,74.91905731,0,0,2.560437548,0
87.84694006,2,0,7,,5,19.73190737,1,,0,,3.919105722,0
52.53005556,2,0,4,31.56940766,8,13.46920548,1,56.45123681,0,1,2.522752664,1
96.5682977,1,0,,,10,3.984988815,0,47.368762,0,1,7.349191819,0
126.8739352,2,0,7,25.88367185,2,45.14970641,0,77.67603213,0,0,3.236398684,0
64.05838062,2,0,6,32.15916766,9,5.071478378,0,67.87880809,0,0,7.320874342,0
,1,0,4,37.03837121,0,3.992035271,1,73.92297239,0,1,3.619645318,1
131.8662342,3,0,3,20.82317232,4,5.706274737,0,100,0,1,4.93755078,0
72.65705294,3,0,1,25.73606299,2,2.368836404,2,65.29422158,0,1,4.538492893,0
121.5961272,2,0,1,48.18468632,0,30.12570642,0,74.96336124,0,0,6.465429025,0
37.1065922,2,0,5,43.7598768,1,,1,90.06091637,0,0,3.058530283,0
163.8832448,,0,5,42.84763179,5,3.649432418,1,53.92792457,0,0,3.706363873,0
128.7602508,2,0,1,37.71281798,6,69.47557774,1,36.40875039,0,0,3.917057988,0
86.71977199,3,0,2,34.36604128,3,,1,85.68542038,1,1,3.961490081,0
81.53614304,2,0,3,57.41937479,3,47.44070984,0,76.64139835,0,1,4.807387461,1
54.18395405,3,1,4,28.29589764,0,0.08465489,1,84.95408686,0,0,6.938044779,0
55.36062423,3,0,3,19.56163534,1,37.95096074,0,73.3537209,0,0,3.278238281,1
85.69978891,1,0,3,,1,,1,51.32325313,0,0,5.24078164,0
62.5600102,2,0,4,,3,4.00506758,1,41.81186233,0,0,5.011363538,0
169.2266024,3,1,4,34.60416569,0,31.9654337,0,89.17882361,0,0,6.865254051,0
29.66694516,1,0,4,,1,19.8090814,1,72.9971869,0,0,5.903643833,0
93.813366,1,0,3,37.17866233,10,1.260837614,0,78.60562055,1,0,6.133939406,0
179.7088978,3,0,2,26.70187242,8,34.40719965,0,69.39160218,0,0,7.043104828,0
94.43869693,2,0,5,21.87886614,0,77.17753285,2,77.89464898,0,1,4.721552807,0
57.41689128,3,0,3,51.90296819,1,4.439276407,2,54.6894046,0,1,9.612945754,0
109.6325766,1,0,3,55.2233646,1,5.894835686,0,78.08638987,0,1,8.575075626,0
157.3220435,3,0,2,46.36551262,0,9.18047365,0,82.52221894,1,0,6.691108767,0
82.29796445,,0,4,18.09456914,,,2,,0,0,,0
111.5921046,,0,3,49.21478801,4,21.87336488,2,89.49677983,0,1,4.601448263,1
172.6377773,3,1,4,24.11583691,4,17.44376323,1,64.84609339,0,1,,0
132.2259246,3,0,3,18,4,55.35090753,1,99.03667102,0,0,,0
71.16143347,2,,2,21.4771499,2,5.549856754,0,68.30727835,0,1,6.015196368,0
115.093669,3,0,4,56.08828084,4,,2,59.50037653,0,0,7.18090831,0
125.7219417,2,0,1,66.00647379,17,10.54459917,0,65.08008085,1,0,,0
1,2,0,2,18,1,16.60566745,0,82.95894555,0,0,4.520966614,0
,1,0,1,,2,12.59960653,1,74.22075997,0,0,4.227534838,0
68.45767985,3,0,0,34.61735571,0,92.09818683,0,92.56346239,1,1,6.965182325,0
,3,1,,44.06662007,3,16.35902835,0,77.34551075,0,0,,0
125.6892975,3,0,7,19.15947224,7,21.46523294,0,46.06781244,0,1,4.309950927,0
72.31753473,3,0,3,20.9698095,3,1.170537557,1,77.7982631,0,,7.952837828,0
,2,0,1,23.7813578,0,,0,85.27588294,0,0,,0
128.2302963,3,0,2,40.54090852,0,45.43747656,1,,0,0,7.077047545,0
36.95580228,3,0,4,52.7787087,0,18.10316829,0,100,0,1,3.377533028,0
122.3490859,1,0,0,39.77017239,3,15.37425385,0,66.41524398,0,0,4.991546947,0
47.32922184,2,0,10,18,0,28.66402951,0,63.84360833,0,1,5.268107355,0
241.2165296,3,0,5,18,0,3.599519762,0,100,0,0,1.023860619,0
142.3710839,3,0,2,41.19471879,5,4.268864287,1,89.57947528,1,0,6.491304454,0
110.9267021,3,0,1,29.33296001,3,3.322022118,2,67.88452594,0,0,4.935841375,0
155.1650941,3,0,3,22.16503897,6,11.92451704,1,,0,0,8.41888382,0
158.3891031,3,0,4,,2,20.04976261,2,87.82059332,0,0,,0
136.7438893,3,1,4,48.25092659,0,34.80301166,2,96.48935569,0,0,4.791702843,1
117.3838242,2,0,3,24.98945451,0,14.44224327,1,75.31546301,0,1,6.365809284,0
121.6131475,2,1,3,40.54471154,0,46.70312758,0,64.65389285,0,0,5.206257625,0
67.35249221,3,0,3,,3,78.0793731,2,74.98122792,0,1,4.146354178,0
54.03077042,2,0,2,41.23776404,3,5.828234365,1,,0,0,3.860916919,0
49.39478124,3,0,0,,3,1.447898911,2,76.83520066,0,0,5.194110781,0
134.0976486,3,1,1,22.33525729,5,36.37036263,1,91.02349592,0,0,2.879743873,1
110.9194494,2,0,4,59.94185891,8,7.289408505,2,63.25542756,0,0,4.327893263,0
134.302573,3,1,2,44.41872039,0,74.64750227,0,39.24164529,0,0,5.246629426,0
81.55302805,2,1,2,31.56227449,10,17.37153709,2,54.56681665,0,0,8.759178232,0
120.2025428,3,1,,30.66908468,5,10.46290245,0,72.00120508,0,1,6.996410796,0
,2,0,2,,2,3.038975027,1,97.77239584,0,0,8.124465197,0
172.6637738,2,0,0,38.26181432,6,4.321446735,1,92.59424645,1,1,2.324495909,0
,3,1,,18,4,8.428573089,1,73.13750785,0,0,,1
51.27353477,3,0,1,27.01225539,13,3.516407868,1,54.72814233,0,0,5.10378884,0
,2,,4,59.94339965,1,,0,,0,0,2.430461559,0
129.220649,2,0,4,52.20934958,7,2.213987203,1,100,0,0,4.133575356,0
,3,0,0,33.40035015,0,17.26097864,1,,0,0,3.778145821,0
74.30496867,2,0,2,20.4021274,10,,0,61.96810557,0,0,,0
,2,0,1,32.66278678,15,23.80905042,2,52.67350885,0,1,2.904401558,0
146.6217435,2,,4,33.95801698,0,,1,79.22535252,0,0,5.434588789,0
69.60623697,2,0,2,30.83001431,3,,0,42.17412709,0,0,1.804480656,0
93.08678494,1,0,0,32.19931296,12,1.502005111,0,75.33827509,1,1,2.930763986,0
125.1626032,2,0,,41.12386559,1,15.49245369,,100,0,0,7.881171104,0
74.89728878,3,0,5,37.47334941,0,15.1250229,2,54.79261869,0,0,4.732404327,0
99.17157951,,0,,48.96549278,2,40.50723177,0,44.36299614,0,0,4.333960476,0
197.7078717,1,0,3,20.2358858,7,36.82451319,1,80.89334163,0,1,3.821550175,0
76.11712766,2,0,3,18,3,0.453265434,0,,0,0,8.917652727,0
99.33476823,2,0,4,64.37393178,9,34.29875288,1,72.36699988,,1,,1
,2,0,2,53.46272268,1,39.81856998,0,75.95721413,0,0,,1
60.81171672,2,0,2,47.34680039,15,14.2773354,2,89.12024691,0,0,0.299419467,1
19.2434092,2,0,4,48.90433569,5,22.63710463,1,83.53519623,0,1,,0
25.32451109,,0,5,31.89391953,6,8.33743798,1,49.47737473,0,1,3.007550883,0
132.5695626,3,0,1,43.93759213,9,35.74546473,0,97.26952518,0,0,3.581545657,0
96.27832854,2,1,1,39.11517162,2,10.20763407,0,70.14206556,0,1,4.012224702,1
,3,0,3,44.91327246,19,28.69131938,1,68.15037203,0,0,4.867028692,0
121.4171025,2,0,2,73.84408508,4,19.99853773,2,70.19414319,0,0,,0
107.6177436,2,0,4,21.93240448,12,2.379190088,0,56.02871477,0,,8.189808663,0
94.31666555,2,0,3,61.75830995,,25.62708408,0,100,0,0,4.120872568,0
125.7969609,2,0,5,30.22635448,10,6.638489688,0,,0,1,5.83273968,1
120.6390463,2,0,1,36.50999058,0,3.865174132,0,100,0,0,4.350301341,0
133.3134836,2,0,4,18,9,29.65684868,0,87.72274909,0,0,1.279478115,1
111.4537344,2,0,4,35.22371674,1,41.0630377,2,,0,0,8.756280374,0
108.3785053,1,1,3,22.87078469,1,16.67721313,1,88.87619225,0,0,4.593693914,0
112.8626711,3,0,0,42.71142247,0,33.09877225,2,90.55086116,0,1,5.876188468,0
53.00484494,,0,1,50.22424608,0,,2,64.46261028,0,0,,0
100.5116531,2,1,2,37.70460081,6,46.56684665,0,84.63334651,1,1,4.355401097,0
77.4025314,3,1,6,18,9,33.10045682,0,75.12010307,0,0,,0
87.68082987,2,0,2,32.30624929,2,12.46274552,0,77.96074922,0,0,8.04220053,0
182.1770755,3,0,1,18,3,29.18443482,2,37.97022157,0,0,6.338905861,0
109.0531371,2,0,1,59.73343261,1,5.786226177,2,63.2324738,0,1,3.371186927,0
158.972006,,0,4,58.35708731,19,29.32875758,2,62.29822352,0,0,3.052076889,0
213.5346429,3,0,2,45.58076855,0,17.43785591,0,80.43322188,0,1,,0
150.1118083,1,0,2,23.87659941,4,0.266069732,0,,0,0,6.213512452,1
135.1570099,3,0,,53.92305476,2,15.85291,0,100,0,1,2.99733658,0
38.34493475,2,1,4,18,,20.05705142,0,47.30478951,0,1,4.286768666,0
65.2425321,2,0,6,26.27160277,0,5.332322561,0,78.47991501,0,0,6.012694937,0
16.52973594,2,0,5,64.11755887,11,15.20372613,2,89.65756249,1,0,3.661515059,0
19.90170941,2,1,2,50.16663961,,19.42196246,0,100,1,1,2.770332363,1
169.7841905,2,0,5,37.77210795,,11.81669047,1,68.94695059,1,0,,0
118.1557814,2,0,4,51.69788641,2,16.23836129,0,69.86881376,0,1,5.720593372,0
51.76472871,2,1,4,33.13195418,3,53.41045909,1,79.79760249,0,0,5.066633205,0
99.39555261,2,0,2,18,0,0.337098728,0,100,0,0,3.650225901,0
114.1875512,3,0,1,30.40044989,2,34.09441322,0,41.24688657,0,1,5.65493587,1
18.62287811,3,0,0,32.26140596,7,9.851990402,1,45.23895201,,0,7.648654874,0
104.2604725,1,1,2,,1,11.07195969,2,58.61898708,0,1,5.921794468,0
127.2110176,3,0,3,,4,21.25974511,0,59.8916904,0,0,6.225480103,0
118.9819824,3,0,4,49.52021697,6,0.459876027,1,84.4584728,0,0,3.825845572,0
45.94683362,2,0,4,32.41711077,1,28.33092446,2,75.673333,0,0,4.643764158,0
134.0871704,3,0,2,53.57219141,1,20.71517316,1,43.15844532,0,1,,0
3.162364875,,0,1,23.23584828,1,8.214699643,1,80.79113808,0,1,,0
,1,0,1,57.05034298,1,,0,,0,1,,0
68.72186492,2,0,1,18,9,11.38372024,0,73.27363754,0,0,0.429749244,0
103.5783119,3,0,5,61.02929179,4,2.696959698,2,100,0,0,2.607146129,0
137.5693562,1,0,5,51.44655726,0,13.27090368,2,89.03502647,0,0,5.287991085,1
208.2528034,2,0,2,43.86946873,3,29.46658299,1,83.19600283,0,0,3.584513508,0
103.6598496,3,0,3,,0,9.813595305,0,88.43327981,0,1,5.727139642,0
159.8455474,3,0,2,18,7,55.86871948,0,72.15956764,0,0,8.124412145,0
181.2339229,1,0,3,36.08171717,1,19.0738354,2,100,0,0,5.798155076,0
101.7013706,2,0,5,36.28096675,4,14.141403,0,60.92915016,0,0,6.785014608,0
138.8468351,2,0,3,18,11,40.83559065,0,,0,0,6.877971204,0
144.7519157,3,0,3,27.65278467,0,78.8957278,2,31.01080259,0,1,5.412990583,0
,2,0,3,44.85446157,1,,1,,0,0,6.88642871,0
113.5789419,2,0,3,45.6519879,6,,,78.99099871,0,0,5.863498052,0
51.08460251,2,1,7,,11,13.34481964,0,76.14773406,0,0,4.607262433,0
66.46898955,1,0,5,66.79057905,5,28.55851759,1,85.8317366,0,1,3.73628725,0
51.41716327,3,0,1,29.73877572,1,9.313049303,2,18.93676125,0,1,3.613859989,0
195.5709544,,0,0,18,7,,1,70.5336492,0,0,,0
116.8072482,2,0,4,35.09947595,0,28.28018508,2,66.78273364,0,0,3.06795815,0
1,2,0,1,47.69328523,2,85.54223039,0,,1,1,6.04899568,0
,2,0,6,62.10904949,3,30.33832871,1,59.34277149,0,0,,0
78.56727365,2,0,0,53.70640743,1,28.23141134,2,86.44204628,0,0,2.893958647,0
48.69595779,2,1,0,41.29693865,1,38.93835174,2,80.59734911,0,0,5.490530443,0
82.85605692,2,0,0,36.01136293,6,14.2015797,1,100,0,0,,0
60.94218109,3,0,1,18,0,,0,94.36194327,0,0,6.458509482,0
66.31049472,3,0,4,59.85813503,1,12.87688247,1,83.87946504,0,1,6.168936063,0
87.86506261,2,,1,55.4525603,3,148.6280175,0,72.23105454,0,0,,0
88.95179131,2,0,3,,2,22.18304962,1,,1,0,6.549705554,0
108.0849263,3,1,2,33.8088878,0,47.75000063,2,61.67371124,0,0,2.88007364,0
71.96961816,3,0,2,48.79096787,7,5.282407323,2,84.07763705,0,,,0
28.88851752,3,0,1,51.78610433,3,42.64314569,0,94.87553358,0,1,2.484312656,0
1,2,0,4,51.59164563,,4.616233663,1,68.66117615,0,0,5.396611666,0
123.3975211,1,1,1,54.27647546,0,5.849292207,0,65.07293967,0,0,4.901067827,0
120.9804986,,0,2,62.84663473,6,32.23511922,0,65.62174521,0,0,5.318095785,1
18.43620923,2,0,3,56.6185083,15,12.27140637,2,,0,0,5.538362505,0
,1,0,4,,,5.914525483,1,89.8247864,0,0,6.932755706,0
121.2722432,2,0,5,,8,1.022655142,0,99.22598741,1,0,,0
48.10043225,2,0,1,43.98430147,,59.26022906,0,91.51989765,0,0,4.005894671,0
145.8163837,2,0,3,22.15390513,6,64.87559652,2,85.91584366,0,0,3.797469883,0
92.63298867,3,0,3,,4,14.89548575,0,100,0,0,0.628310262,0
110.8387782,3,1,4,18,17,69.21543967,1,83.64663835,0,0,,0
129.1964093,2,0,2,34.29493175,0,10.21922168,0,32.80608481,0,0,,0
41.79746838,2,0,3,55.14068965,0,6.628879606,2,76.51048176,0,1,5.508022178,0
40.47961322,3,0,6,27.40091314,0,15.45796304,1,85.37205085,0,0,5.358839434,0
137.7695613,2,1,1,,0,78.77145871,0,100,0,0,,1
24.6737371,2,0,1,36.20257748,0,9.997820307,1,59.67287647,0,0,0.840318472,0
130.9869392,3,0,3,32.03431167,15,15.85382953,0,72.37614266,0,1,7.358476065,0
230.0841557,3,0,3,45.58986561,0,20.68456548,1,,0,0,,0
225.5778276,3,0,5,35.32372224,10,5.015692467,0,63.32421581,1,0,4.435018719,0
79.2393116,3,0,9,59.14051461,1,14.51287865,0,94.12578688,0,0,7.809904769,0
92.11265084,2,0,3,44.1697152,0,48.9021748,0,66.86241104,0,1,7.90364383,1
247.4547213,1,0,,63.2814255,13,,,55.6139957,0,0,8.660497114,0
52.404077,2,1,1,18,0,33.76405232,1,78.66163289,0,0,6.034712612,0
118.0323946,3,0,4,28.5668021,2,7.148212507,1,100,0,0,6.736752162,0
,3,0,1,23.91327166,4,34.59211387,0,62.8736935,0,,,0
32.00719295,3,0,4,40.81127885,15,45.22604653,0,70.46330722,0,0,5.7795396,0
69.9680655,2,0,2,29.32087275,3,4.538225965,0,75.16886956,0,0,,0
72.60020906,2,0,6,24.16602657,0,58.63739345,1,84.36097956,0,0,3.281643755,0
162.233979,2,0,4,57.60545889,1,3.290734372,2,100,0,1,9.107787715,0
156.217668,2,0,5,,3,1.087111382,1,55.50703559,,1,6.713021314,0
59.35882048,3,0,3,18,3,31.78268932,,89.60997363,0,0,7.533475753,0
228.0042269,3,0,1,51.81333542,5,47.58049987,0,51.05103144,0,1,3.57151284,0
108.9238332,3,0,1,64.93994485,1,6.485402328,2,53.96331809,0,0,5.624220646,0
4.296996471,,1,3,33.62787498,0,11.1739531,2,72.07561534,0,1,4.341714374,0
206.6516687,2,0,1,,0,,1,96.46071201,0,1,,0
87.98373009,2,0,3,18,0,10.25192912,0,56.07865831,1,0,6.197233303,0
39.61203037,2,1,2,,2,4.329837977,2,84.0637557,0,0,4.199039075,1
31.70221444,2,0,4,27.34688294,1,5.433313227,2,80.70654523,0,0,4.468886122,0
147.6239078,3,1,4,39.12946026,5,9.297732562,0,94.9886371,0,0,6.704159145,0
122.3268253,3,0,0,42.76061494,7,3.982052839,0,71.4303471,0,0,-0.666945705,0
88.71118498,2,0,7,23.01822716,0,32.66841609,1,76.25379578,0,0,7.830756071,0
,2,0,0,26.3683539,18,4.630063095,2,68.97133216,0,0,3.548400039,0
192.3353663,2,0,5,34.33140851,3,51.5571779,0,82.48022101,0,0,9.021713209,0
109.3304562,3,,0,22.10473032,5,12.31479695,2,93.40464868,0,0,6.16732206,0
184.1963846,2,0,4,51.63203514,,14.76593791,0,43.26000044,0,1,6.446143841,0
,1,0,1,29.80066368,9,34.44172869,2,64.70452586,0,0,8.154070108,0
29.31427515,,0,1,50.14615829,6,,0,72.31327229,0,0,3.926481293,0
141.5808393,2,0,2,30.82618716,,9.279379194,1,68.80130945,0,0,4.172475226,0
103.7254797,2,0,3,38.71928669,11,111.6464432,0,40.72132658,0,1,5.922914702,0
,3,0,1,34.78247776,0,0.495511125,1,93.12577497,0,0,5.233890161,0
147.8147501,1,0,5,30.36628314,0,4.006823874,,86.66881704,0,0,5.159935438,0
72.47315753,2,0,4,39.28873898,15,23.08081231,2,57.87074864,0,0,6.121197471,0
38.80298666,2,0,4,47.89919042,2,23.76243905,0,37.09487945,0,0,5.350798699,0
117.1893941,2,0,2,28.20909178,,30.78918595,0,97.58168487,0,1,,0
,3,0,5,44.14875336,,11.85294951,0,98.87762156,0,0,7.092552072,0
114.1289975,3,0,2,46.27499844,3,0.067734794,2,79.27650858,0,0,6.66328107,0
183.4534763,3,0,1,35.47837373,,37.94689694,2,94.12872025,0,0,2.837968538,0
64.3207665,2,0,7,18,0,3.648678645,0,84.74187575,0,0,4.537932965,0
61.50133845,2,1,5,,,15.66029972,1,64.06062276,0,0,3.868853729,0
,3,0,2,39.2361852,,,0,84.05947908,0,0,4.821209323,0
90.10311355,3,1,5,24.36800561,2,3.047073487,0,67.17554881,0,0,3.947022453,0
93.727287,2,,3,39.93458375,4,20.10390896,0,96.76702808,0,0,4.045297319,1
131.7585901,2,0,2,36.85937609,0,14.55965775,1,91.67012407,0,1,5.525594893,0
100.7591471,2,1,3,,1,0.740142992,1,84.43091651,,0,6.36096231,0
70.11661584,3,0,1,43.11831329,,31.19092976,,53.603626,0,0,5.170178504,0
154.495248,2,0,6,34.87334827,2,6.160294615,1,66.05760031,,1,7.262303889,0
136.1223493,3,0,3,39.01703355,2,15.71277145,2,100,0,0,4.245616064,0
113.2681175,2,0,3,53.04092186,7,20.94733044,0,,0,1,9.424170232,0
137.6709732,3,0,4,40.6739591,,18.9001168,0,75.04573979,0,1,9.024342077,1
129.3346901,2,0,3,18,10,35.99637706,0,,0,1,7.945784838,0
147.7042551,1,0,2,,0,4.380106931,,100,0,0,,0
125.654271,3,0,2,,6,11.45825547,1,86.10864032,0,0,6.219953086,0
117.8507743,3,0,3,39.09007435,8,1.637611066,2,49.80813633,0,0,9.421665173,0
115.089595,3,0,3,,12,41.39103848,1,54.59063487,0,0,,0
61.54288251,2,0,2,22.81014331,2,10.24696037,1,84.75310443,0,0,6.254240921,0
141.5167908,2,0,2,22.70932206,7,29.23846435,0,87.54765983,0,1,6.88023232,1
141.7375663,2,1,4,47.90253355,10,1.264604743,1,63.36086794,0,0,6.953467414,0
86.41724448,1,1,3,,7,,0,73.15050555,0,0,6.147671841,0
135.9092863,2,1,1,44.27255152,17,11.16956268,0,69.69370126,0,0,4.101800835,1
182.1689078,2,0,4,21.42693235,0,24.47244498,2,99.54573719,0,1,8.95881728,0
,3,0,3,18.38808008,4,1.075070942,0,69.37516087,0,0,8.333925095,0
126.0639953,2,0,7,71.02121791,2,,1,62.39517199,0,0,1.07176008,0
125.0120235,2,0,3,45.88133768,0,51.19725026,1,48.09340624,0,0,7.351873603,0
106.1773848,3,0,3,38.71055913,4,9.053224615,1,99.55924974,0,0,5.068165005,0
153.7166502,2,0,3,65.61543411,3,48.33034752,,44.67654499,0,0,4.566261114,0
213.7912714,2,0,4,52.48209831,6,26.08027143,0,74.76319601,0,0,3.149659155,0
87.05306017,2,0,1,44.56143833,16,94.09176856,0,71.63141754,0,0,6.492675555,0
103.2252986,2,0,1,38.21737429,,3.005414648,2,16.75531812,0,1,4.868579788,0
75.6196888,2,0,1,,3,14.44042838,0,35.46831958,0,0,,1
36.7996916,3,0,2,41.71811341,4,11.18512039,0,89.20458222,1,1,10.74492261,0
89.53430902,2,0,2,18,3,36.22432503,,76.61526394,0,0,3.556809029,0
81.47086188,1,1,2,49.68872966,7,10.673258,2,81.41436084,0,0,8.176218984,0
77.11833753,1,1,4,37.43765882,4,0.736283083,2,33.67536071,0,0,4.386900354,0
101.4715296,2,0,2,44.39672257,,5.620473188,2,100,0,0,2.223198557,0
116.5990165,2,0,4,61.11822397,3,,0,86.59641942,0,,,0
68.78273051,2,0,5,21.986515,3,8.221054249,0,,1,0,5.195381442,1
,2,0,2,18,4,16.58757537,2,100,0,1,5.244948817,0
,1,0,3,47.631411,1,56.16241373,0,65.21964317,0,0,6.184829059,0
26.62373671,3,0,5,24.51048585,7,18.47010229,2,56.96069742,0,0,4.527481694,0
146.8957769,1,0,3,47.2833194,0,44.25924704,1,74.4107764,0,0,4.413348464,0
97.56738242,2,0,2,30.71063839,1,19.23313731,0,81.40693638,0,0,6.095793022,0
,3,0,5,42.58335909,3,8.693024396,0,58.57019434,0,0,3.979505308,0
33.43835232,3,0,2,,,0.428436712,2,100,0,0,5.059914156,0
77.71748485,3,0,0,42.32780255,2,17.08966597,0,65.82934151,0,1,3.869925613,0
150.3303271,2,0,3,50.60135236,6,17.9645284,2,,0,0,7.052254018,0
133.5765586,3,0,4,18,9,11.8699726,1,100,0,1,,0
69.74218822,3,0,0,34.33904587,2,1.381561694,2,59.88613005,0,1,5.856094203,0
1,3,0,2,32.26481485,,6.326275572,2,,0,0,7.588703917,0
92.52721534,2,0,6,18,0,1.585779723,0,65.6644436,0,0,5.320996151,0
124.9110874,2,0,5,18,3,11.3306838,0,99.31072525,0,0,,0
53.90700934,2,1,5,,2,84.07907592,1,77.57089032,0,1,5.072109494,0
84.48666217,3,0,2,39.57322882,12,21.92275016,0,61.07012184,0,,4.784820198,0
90.82359139,1,0,2,55.38356802,0,4.09349079,1,52.46543236,0,0,2.362961879,0
85.84305516,3,0,2,18,2,4.548858044,1,72.18068722,0,0,,0
87.15274374,,0,2,61.98667309,1,69.07338948,1,88.9637619,,0,6.767267012,1
126.1980256,1,0,3,18,6,2.39136412,2,81.31546309,0,0,4.287155737,0
69.6369293,1,0,5,,0,2.888011519,0,75.94746238,0,1,5.486924725,0
125.8473258,2,0,3,52.71596017,1,51.94897055,0,86.4533109,0,0,,0
152.6576427,3,0,3,21.50144247,3,2.725141736,2,72.69068424,0,1,,0
160.0130875,3,0,5,54.53541327,1,44.21193272,,78.24618756,0,1,4.81372708,0
93.9809418,2,0,3,18,,82.47271978,2,61.9672358,0,0,4.531512205,1
,3,1,2,27.57054431,3,19.86700474,0,,0,1,3.401730158,0
110.4431798,2,0,1,,4,27.99494957,0,100,0,0,5.675162673,0
88.44652613,3,0,2,,7,63.09537042,2,,0,0,4.991711827,0
178.872664,2,1,1,52.36391385,4,14.66072015,0,100,0,0,,0
,2,1,6,32.71164076,7,18.25471401,2,76.02334663,0,0,5.944521946,0
117.3780807,2,0,2,,4,8.218386889,1,68.80933013,0,1,6.042049159,1
163.5946211,,0,3,37.52034271,1,21.45094928,0,55.24753448,0,0,,0
77.69082834,3,0,6,46.72935566,,1.00900396,0,64.19803059,0,1,3.124382659,0
,2,0,4,46.62582609,0,16.1266354,1,,1,0,4.762628243,0
39.49195283,2,0,2,32.65156309,8,10.26058228,1,73.93936522,0,1,6.113210546,0
176.4234213,3,0,4,42.28457701,1,,1,91.16067448,0,0,2.98171262,0
98.93163528,3,0,2,57.33588472,4,19.86050315,1,57.97224771,0,0,6.573722898,0
,2,0,7,58.14439001,5,41.81603528,0,100,1,0,5.791370883,0
109.6689726,3,0,2,51.77352882,0,9.173321555,1,61.38401106,0,0,3.080874879,0
124.6780102,1,0,3,40.54650594,7,29.43611093,1,54.00448855,0,0,6.140010029,0
1,,1,2,,5,,0,39.57678563,0,0,4.615682142,0
59.10540789,2,0,2,18,1,91.22527584,0,,0,0,1.754396941,0
80.33088511,3,0,3,62.40158514,3,,1,72.1076223,0,1,,0
143.8681145,2,0,3,32.59901895,1,20.48402094,0,86.13042693,0,0,6.473642278,0
83.52761068,2,0,2,18,3,12.47129395,0,80.21001504,0,1,-0.636907447,0
98.8982568,2,0,3,,,5.554663779,1,100,0,0,5.901012805,0
101.2109728,2,1,4,18,3,28.17846952,0,78.57402164,0,0,3.348973058,0
119.4289302,2,0,3,,3,60.10167643,0,85.49670281,1,1,,0
80.3235072,2,0,3,39.77212343,3,16.43990059,2,98.00114541,0,1,6.603248403,0
133.8962936,3,0,0,18,0,,1,,0,0,5.640055158,0
94.70258228,3,0,2,30.32163577,0,78.41617999,1,86.4418539,,0,4.006726352,0
51.8674494,,,4,27.07568751,4,,2,100,0,0,4.215950974,0
63.13100483,,0,2,,1,42.20561585,0,59.22300653,0,1,9.601616448,0
69.67483059,3,0,4,45.78977424,8,51.97632042,0,83.36097659,0,0,,1
140.3561298,3,,8,,10,12.78390118,1,89.49275764,0,0,,0
153.3337345,1,0,2,46.43323915,11,94.42939132,0,20.83651928,0,1,,0
32.99639644,2,0,3,54.93952239,4,2.966672402,0,55.6725487,,1,9.486227367,0
152.6992886,2,1,5,54.52861071,2,20.79912335,2,60.37161719,0,0,7.767539099,0
151.7721708,3,0,1,29.94505605,0,75.23702759,0,58.89727446,0,1,,0
132.3844269,2,0,2,30.54177685,3,11.74357906,2,85.62058811,,1,5.683239985,0
130.1593716,2,0,3,59.48554501,7,,0,,0,0,2.083942767,0
73.45015225,3,1,1,43.7764534,3,44.68544091,1,79.45778189,0,1,1.309812214,0
117.1168917,3,0,4,32.47991922,0,11.3565458,0,79.2287404,0,1,5.653717464,1
61.83569479,,0,3,46.93611513,1,80.44741351,1,51.54391606,,1,6.519236269,0
9.947113292,3,0,4,20.5028716,3,50.17694157,2,66.47524723,0,0,5.094478866,0
130.9577131,2,,2,46.12124526,10,87.55800999,1,45.39996684,0,0,5.131735702,0
125.0422237,2,0,5,52.57059414,3,12.72955461,2,100,0,0,4.759664187,0
67.04803626,2,0,,23.69273518,0,33.96854314,2,,0,0,,0
171.5576059,2,0,2,18,6,32.44113756,1,77.95175039,0,0,7.550647613,0
83.24311094,3,1,1,29.404475,11,112.101736,0,27.67919659,0,0,7.110563674,1
100.9216967,2,0,3,41.70167276,2,15.76320534,1,54.28540879,0,0,1.345059358,0
130.5838144,3,0,2,53.42116884,5,10.72228038,0,69.30637346,0,0,9.452309511,0
84.04730322,3,0,3,30.21565196,3,33.40877077,1,92.78683515,0,1,3.471552351,0
141.4114845,3,0,4,25.74329014,4,8.166933165,0,63.39177008,0,0,7.914428964,0
119.4807089,2,0,4,45.65767821,7,18.75545201,0,73.084977,0,0,1.620801814,0
109.1917258,,0,2,52.92655137,3,30.01325786,0,100,0,0,3.955751121,0
48.93835914,2,0,1,35.42562593,2,10.16828278,1,41.7356067,1,0,5.616315144,0
18.8308735,2,0,2,50.03422703,1,1.648370921,0,100,1,0,4.786301674,0
77.72487393,2,,4,,1,12.63577155,0,62.94308031,0,0,8.265809207,0
94.63676171,2,0,1,23.38691092,9,21.08763906,0,44.00841707,0,0,1.80980132,1
128.4880179,3,0,1,,0,33.77256793,0,76.92688875,0,0,5.564276655,0
62.32910648,3,0,2,21.38486644,7,51.01752703,0,83.67874559,0,0,0.953112281,0
147.919291,2,0,1,42.87655879,4,11.71073089,0,43.97332378,0,1,,0
134.0945745,2,0,7,40.08113988,0,6.954761138,1,66.08857799,1,1,6.04082221,0
98.1834696,2,0,6,,7,25.83265219,0,100,0,1,4.522145845,0
45.45167849,3,0,2,23.02427955,12,0.528416162,0,88.78513654,0,0,4.089401486,1
77.68397424,2,0,3,44.18259524,4,9.192472004,0,75.94023277,0,0,,0
76.82911536,2,0,5,46.03170987,20,13.06252157,1,85.91532881,0,0,4.341355897,0
92.64872883,3,0,3,18,0,2.611401161,1,100,0,1,4.986262914,0
57.47397729,2,,3,18.35058923,2,44.09206654,0,94.98300196,0,,7.922019412,0
,3,,5,20.03611082,1,5.37986601,2,,0,0,2.930859328,0
82.83970366,2,1,2,,1,1.935534862,1,75.54556498,0,0,7.007197145,0
1,1,0,4,,4,52.60086608,1,91.48955119,0,0,9.700583306,0
40.53837675,3,0,2,63.32614085,2,5.901191534,0,62.09408691,0,1,5.70586853,0
83.56907621,2,0,3,46.51164174,22,36.49327585,1,37.93120932,1,1,3.304139223,0
80.60175155,,0,2,51.6966764,11,,1,100,0,0,,0
,1,0,1,,3,4.661020466,,37.86831583,0,0,3.678564268,0
,2,0,6,35.35977598,0,24.93494964,1,85.36791275,0,0,3.309934907,0
,2,0,5,32.67479164,2,73.29562285,0,70.33015496,0,0,2.074550726,0
142.835124,2,1,2,,,9.580375686,2,63.04475666,1,0,4.461913107,0
109.8646133,1,0,3,18,7,91.8912529,0,73.20801595,0,0,6.495689888,0
22.16854132,2,0,3,52.09934444,4,60.74409606,0,,0,1,6.147946406,0
1,3,0,,36.13920704,2,48.71162436,1,87.50768908,0,1,3.751808928,0
107.2918235,2,0,0,24.39585926,12,16.50206752,2,,1,0,1.910439266,0
139.0911436,2,0,1,29.89624429,5,49.52867273,0,100,0,0,3.448576429,0
125.273508,2,0,4,,0,,0,90.42485988,0,0,6.485509602,0
110.4161254,2,1,4,64.44678517,1,4.109924465,0,47.420628,0,0,,0
221.9876203,2,0,3,43.9264581,1,34.05783969,2,94.51252195,0,0,,0
159.0320456,3,1,4,25.02280091,0,23.13370667,0,70.27842145,0,0,-0.276025347,0
141.2549132,2,0,3,23.43310355,2,9.778703327,2,100,0,1,7.35033568,1
116.1041155,2,0,6,42.25442762,11,44.34431096,0,,0,0,9.71758004,0
120.4881398,3,0,2,53.03608035,3,47.40995882,0,100,0,0,4.719224735,0
98.3037387,2,0,3,29.86823998,2,,1,59.20533369,0,0,2.513628014,0
134.793192,3,0,2,47.45553056,3,28.31221599,,55.35300677,0,0,4.884450622,0
82.79680216,2,0,2,27.04412613,1,6.626887677,2,59.72889686,1,0,6.770860511,0
71.48429661,3,1,4,35.1932319,6,42.43486782,0,97.71248795,0,0,,0
58.76938748,2,0,2,36.72887383,13,21.09608107,1,87.0274117,0,0,3.120814597,0
23.44462487,2,0,2,,,45.48222565,,75.89288697,0,0,2.43826256,1
126.9377996,2,0,2,45.06606545,5,37.40652691,0,40.84908859,0,,5.174667863,0
184.752552,1,0,4,48.85202688,,2.257604656,0,63.7071736,,1,5.372864809,0
56.16131094,1,0,6,61.32078859,0,2.268833575,0,74.8163419,0,1,7.143506934,0
28.20689244,3,0,3,43.326804,0,14.23476053,1,100,0,0,5.947048657,0
94.26795822,2,0,4,45.35833406,0,14.21813348,,80.19423745,1,0,6.264757186,0
97.07849405,2,0,4,44.48373323,2,5.106623131,0,68.63662995,0,1,6.914407956,0
39.98517965,2,1,2,34.69940326,11,147.7924339,1,63.53040906,1,1,,0
,3,0,1,47.48347458,15,5.944803777,1,87.64758418,0,0,2.971451817,0
140.4459635,2,0,1,30.63216198,3,83.88051313,2,58.89585413,0,1,6.059740775,0
123.8178885,3,0,2,43.39598059,4,30.99342144,0,,0,0,0.557548857,0
61.69773988,3,0,4,38.77745357,10,58.23059802,1,71.40982293,0,1,3.2259789,0
100.6521687,2,0,3,18,0,32.7323012,2,60.19202796,0,0,,0
109.8277388,2,1,1,27.38710353,1,19.48154661,1,47.38140919,0,0,3.913817779,0
50.30686626,1,1,3,29.23587981,1,22.31580444,1,60.96868765,0,1,7.000834972,0
154.1572606,3,0,9,35.73649716,5,4.888096383,0,79.57482619,0,0,5.296246194,0
75.06830521,3,0,1,18.00103956,23,9.981328347,1,77.61512332,0,0,9.04917533,0
9.843016187,3,0,1,47.82622174,10,12.97269877,0,57.47583329,0,0,2.024051046,0
,3,0,2,18,3,13.26713677,1,81.98359362,0,0,2.907900721,0
97.63146487,2,0,5,36.6531107,5,12.8584753,0,71.82523231,0,1,,0
137.1341209,1,0,2,18,15,,2,83.52956204,0,0,2.579607739,0
60.15523723,3,0,9,59.71733619,1,4.085661472,1,77.69977288,1,0,5.463517841,0
243.4201528,2,0,1,,4,101.7227917,0,87.04498732,1,0,7.715634381,0
183.2737222,1,0,2,46.0274061,3,,0,83.72136894,0,0,5.220960419,0
89.11593984,3,1,0,70.704892,7,7.359305036,0,49.3328678,0,0,,0
1,1,0,3,,3,16.87131699,0,66.39358884,0,0,2.041373282,0
121.0960377,2,0,0,18,12,,1,82.94959495,,0,4.560238329,0
150.5419868,2,0,3,35.87526069,10,3.84492727,0,86.16207061,0,1,6.432311822,0
61.13142576,3,,3,49.87634778,8,55.6899695,2,,0,1,7.653892829,0
90.17667083,3,0,7,27.18019478,6,,0,69.77813877,0,1,6.292342575,0
153.6815875,3,0,1,22.72799021,2,0.099015084,1,78.21720488,0,1,3.078685456,0
54.09365083,3,0,3,,4,46.42884909,1,72.42813687,1,0,8.028195718,0
109.3208085,2,0,,40.9428719,13,59.88063911,1,55.00984558,0,0,4.540187715,0
33.59069756,2,0,1,42.97025413,1,41.44664676,1,74.28082639,0,1,8.368355928,0
133.1025917,2,0,3,55.78817151,7,5.034381681,1,41.70327164,1,0,4.977323381,0
96.59382874,2,0,6,39.61456563,19,,1,66.15457322,0,0,,0
,2,1,2,34.6827054,7,5.46474968,0,100,1,,5.52267241,0
178.6867108,2,0,2,31.74671996,3,,0,88.44659013,0,0,6.449352315,1
66.41396054,1,0,3,43.59072483,2,27.72294848,2,100,0,1,5.361138514,0
74.64956704,2,0,0,26.24751257,1,26.24269938,2,66.43345849,0,0,4.679714946,0
38.37383426,2,0,3,56.51371286,0,7.392664137,0,72.76978096,0,1,3.638475893,0
134.760145,3,0,3,43.12278825,8,42.07397247,2,58.24409912,0,1,5.017883348,0
,2,0,3,18,17,5.022880065,,48.68767391,0,,6.873533311,0
78.38524104,3,0,1,41.47367748,2,0.453252638,0,99.09140894,0,1,5.754620115,0
222.287599,2,0,7,30.10843281,2,17.18685886,0,100,0,0,3.216216459,0
120.4532469,1,1,2,54.93458137,2,17.72933205,0,,0,0,5.950864643,0
183.4952252,3,0,3,40.36364943,11,23.26338437,2,61.1932515,0,0,1.818340922,1
,2,0,2,42.84174715,,4.875103536,0,97.35918525,0,0,5.854648471,0
,3,,4,,5,11.77407456,0,100,0,0,,0
,3,0,5,31.99383526,40,,2,93.18384325,1,1,3.677581287,0
33.67639358,3,,2,28.7974031,5,1.400492496,1,50.58596568,0,0,5.404976366,0
216.2336653,2,0,2,40.18607592,17,44.99778244,0,89.28351918,0,1,,0
8.074068836,2,1,4,44.20015935,,12.91021552,2,,0,1,4.054052213,0
135.829467,1,0,2,64.37945179,0,,0,81.36298621,1,0,,0
57.71634478,2,0,5,41.90620075,1,41.12456982,0,56.04187373,0,0,5.948002148,0
178.9786073,3,0,2,25.06169605,3,,2,49.73469655,0,0,4.075347568,0
,3,1,4,35.42989186,11,19.5321401,0,76.33045003,0,1,4.187493869,0
143.4577296,3,0,0,37.65905585,9,13.5218026,2,,0,0,4.497524033,0
69.45711801,2,0,1,22.7009917,0,91.46053796,0,54.26095039,1,0,2.129351572,0
102.7862456,3,0,3,18,3,37.62891058,0,75.41146626,0,0,,0
10.94207928,3,0,4,,,,1,76.03703783,0,0,3.618993298,0
44.64215916,3,0,4,,3,0.280212233,2,55.86851533,0,0,5.327440758,0
,3,0,2,19.0854351,0,86.09499785,1,72.98059569,0,0,4.927991979,0
101.365669,3,0,4,,3,6.409242974,1,60.59830902,0,0,1.850932327,0
199.6018318,1,0,4,62.13281323,0,63.08838292,0,100,0,0,3.506026118,0
15.5408481,1,0,3,49.32088874,3,8.606805404,1,87.11709056,0,0,2.513311447,0
20.27861706,3,0,5,30.37483951,5,45.47963199,1,88.7890109,0,0,4.409387993,0
63.0485671,3,0,3,18,10,23.83222234,0,71.94846244,0,,4.899591068,0
102.511385,1,0,2,40.26400414,2,7.807847849,1,74.49735952,0,0,6.316998959,0
91.1943783,2,1,1,39.96172896,0,4.637668805,,51.69165091,0,1,3.333398602,0
51.01393876,2,0,1,32.54662528,4,1.289502787,,74.02312043,0,0,7.729769991,0
76.96806145,2,0,3,48.23385893,2,16.10015662,0,37.38625564,0,0,1.164862827,0
153.62709,2,0,2,42.47076627,3,9.084726184,1,15.85671748,0,1,5.14935169,0
,3,1,2,22.69429574,1,,0,51.45869835,0,0,,0
50.50211037,,0,2,32.93779306,3,14.75263543,0,47.81752311,0,0,2.826735687,0
124.8436795,3,0,5,36.68662489,8,6.177245523,0,62.06114293,0,0,3.63824765,0
81.71614587,3,0,3,,0,11.14854224,,47.21547515,0,0,5.251764568,0
48.7065947,2,0,4,52.80272737,9,73.57584069,1,,0,1,4.045317917,0
127.0143972,3,0,1,18,2,24.4415744,2,64.73414436,0,0,6.865914291,0
95.57278927,3,0,7,,13,55.81418244,0,,0,0,0.4266599,0
158.4794996,3,0,3,19.47035345,4,4.727216872,1,81.16363025,0,1,3.181136661,0
1,,1,4,35.74199612,1,0.584648422,1,100,0,0,3.897778039,0
183.3628421,3,0,5,51.02512023,7,19.76725117,0,43.6262136,0,,4.989751793,1
46.02335739,1,1,,23.32668848,7,53.14893136,0,52.01813973,0,0,3.244663419,0
52.45446352,3,0,5,45.64164025,4,42.75513162,0,64.88382109,0,0,7.670656654,0
120.6465727,3,0,7,,0,60.42198658,1,71.80741359,0,0,,0
,3,0,3,29.226625,4,48.62896104,2,77.39233535,0,1,,0
115.6189105,2,0,5,18,31,17.33608572,0,,1,1,2.873699695,0
100.152301,2,0,3,54.2966342,2,13.13208228,2,85.78110261,0,0,6.813272679,0
140.4632349,3,0,4,24.67775842,7,7.491080784,2,100,0,1,,0
80.34736215,2,0,2,57.61000129,1,1.110265559,0,100,1,0,4.438621127,0
75.15339874,1,0,4,31.63257251,0,26.81508549,1,100,0,0,5.717718746,0
131.4172755,2,0,1,18,0,9.74613934,0,100,0,0,4.503822391,0
126.6603659,2,0,,64.48789839,1,24.09803119,,80.96789656,0,1,5.166133259,0
127.8276562,3,0,3,39.32752469,7,11.38223208,0,81.81249588,0,1,5.259926335,0
72.51053202,2,0,2,18,2,75.17007305,0,89.75481861,0,0,4.159567401,0
112.5736804,3,0,2,37.00111758,1,4.4847115,2,91.08396799,0,0,6.899292678,0
206.7793365,2,1,3,18,2,6.133631908,2,79.58402936,0,0,2.95332934,0
122.8886433,2,0,4,25.4821871,2,0.939895631,2,88.15192494,0,0,4.339374829,0
,2,0,7,,1,3.946993681,2,35.27209514,0,0,,0
98.20872106,2,0,2,21.5740766,3,13.5628841,0,84.77945014,0,1,5.676376019,0
164.4876377,1,0,,18,0,11.53865013,,46.78948162,1,1,1.6078605,0
59.20948575,,0,4,48.84749257,2,19.02443653,,88.5674376,1,0,5.48066234,0
51.51281402,1,0,2,41.76056593,10,8.098695366,1,48.60627178,0,0,3.900078431,0
84.95098438,2,0,3,57.35539972,0,0.223725442,0,53.87068235,0,0,3.040451947,0
145.2008777,3,0,1,61.53873722,2,,1,64.03488732,0,0,1.827342155,0
193.440892,3,0,3,37.2308525,7,29.20135803,0,80.46008545,0,0,2.431771523,0
90.79270922,3,0,4,24.32249182,4,8.828512351,2,100,0,0,5.116373715,0
114.939889,2,0,4,59.17136829,3,35.45484561,0,75.94772631,0,1,3.949135679,0
132.294521,2,0,3,22.63301018,1,40.1451359,1,87.60210471,0,1,,0
112.1900357,2,0,3,50.17560962,5,9.771904432,1,,0,1,4.581319173,0
76.04128811,2,0,4,29.0542419,4,2.591063271,2,90.9758551,0,0,6.66081945,0
81.04361295,1,1,1,34.56164007,2,43.13020723,0,77.0685372,0,1,1.693309111,0
123.9753774,2,0,2,21.1285612,1,37.42756127,2,,0,0,4.31587957,0
69.09197757,2,0,3,42.69524687,24,11.38601143,1,100,0,1,3.099723407,0
220.6307711,3,0,5,,0,18.16251045,1,,0,0,,0
81.3896612,2,0,3,32.32319262,1,,1,76.67647005,0,1,3.860488645,0
111.6126849,2,0,6,24.39771822,1,2.913729076,1,60.90139987,0,0,6.596656668,0
52.22297797,2,0,2,49.65529003,1,36.13365946,1,84.96362565,0,0,5.838626864,0
159.4298412,1,1,1,18.15447915,3,5.906759373,0,71.62239359,0,0,4.734544783,0
192.7751657,1,0,5,28.68889708,1,18.86169548,2,75.40687543,0,1,7.411534645,0
103.7716819,2,,2,63.53308957,1,57.68386073,1,78.61507156,0,0,5.561362453,0
53.83833769,2,0,2,27.46136415,1,,2,30.11591917,0,0,6.068011698,0
27.12242503,2,0,1,48.78908871,8,12.60226702,2,91.75932832,0,0,1.781842154,0
108.8075226,1,0,3,,0,6.455494532,0,88.98504805,0,1,3.475448579,0
32.37456553,2,0,3,48.984266,13,25.06275328,0,56.57798366,0,0,5.447276184,0
107.4438402,3,0,5,,3,13.6644963,0,38.17745133,1,1,,0
176.6183862,3,0,2,25.4398794,,16.4516253,0,60.26027797,0,1,7.221155948,1
93.45370974,,0,3,27.88575719,6,11.92430841,2,65.79710254,0,1,,0
1,3,0,6,,3,6.513050353,0,65.50732106,0,0,2.583183965,0
174.5363068,3,0,5,29.41246469,1,3.575538992,2,84.59810485,0,0,8.828089329,0
83.60967701,2,0,1,37.6360494,3,1.15811641,2,66.52678248,0,0,6.042700961,0
160.8979576,2,0,0,49.24424935,0,43.70130153,0,,0,0,8.430493574,0
123.6618812,2,0,1,35.2022003,0,0.48561985,1,64.48942392,0,0,3.052338788,0
159.4735244,1,0,3,20.74773894,1,15.23689595,1,59.99299596,0,0,4.348460125,0
113.1280665,,0,6,,1,19.47579206,2,87.79885183,0,0,,0
70.0089303,1,0,1,28.5275393,3,9.882785715,2,83.79244557,0,0,1.814693116,1
162.1702899,2,0,0,38.48364283,12,15.31958893,0,53.92153098,0,1,6.871119546,0
126.0970783,3,0,1,61.99380526,2,2.62161211,0,68.27209346,0,1,1.344458986,0
115.3838327,2,0,5,48.27936683,26,33.60386833,2,100,0,0,6.901488477,1
131.7983875,2,0,2,30.0688696,5,2.369706295,1,46.82725872,0,,3.949807151,0
100.3681341,2,0,0,52.19789457,0,14.38391718,2,57.687332,0,0,,0
32.22762484,2,0,,34.22946057,1,,1,74.23230041,0,0,1.3903019,0
,3,0,1,18,5,45.6296783,2,88.13804946,0,,-0.225214892,0
58.07071008,3,0,2,18,1,32.10713092,0,49.18470764,1,0,7.057971839,0
8.442756083,1,0,1,29.41993201,1,102.9824356,1,80.48303769,0,1,4.729795302,0
165.0870645,2,0,5,24.3069126,1,,2,,0,0,2.256352346,0
109.3900169,3,0,2,35.25800889,11,3.674861539,1,82.37549883,0,1,3.602745007,0
37.50898302,2,0,3,33.45439127,2,0.022766935,2,84.29911429,0,0,5.309927263,0
68.36224851,2,0,2,48.66156055,3,10.34578895,2,67.81537023,0,1,5.167725017,0
82.59213016,3,1,5,55.43487424,,1.54257894,0,70.05926511,1,0,4.765914288,0
2.531412234,1,1,2,27.66754319,3,25.99784905,1,82.03317479,0,0,3.261316098,0
74.50966534,1,0,1,24.76956745,0,37.61044342,1,100,0,0,4.678011639,0
113.5028679,3,0,2,48.86578547,9,17.09288178,1,70.96494266,0,1,0.717271727,0
177.4319648,1,0,1,39.46047752,0,2.89332252,2,88.53462454,1,0,6.25266253,1
93.36831268,3,0,7,57.31584578,1,,0,77.1911008,0,0,4.278168789,0
176.0503114,3,0,3,18,21,34.54314382,1,59.78054304,0,0,3.228674212,0
73.48711908,3,0,5,29.37921521,21,8.62324698,0,76.37871383,0,0,4.124555328,0
174.8022156,3,0,3,35.73496952,13,20.98673005,2,61.28620329,0,0,3.922305986,0
85.41206839,1,,5,21.69373698,3,,1,87.87523307,0,1,4.85655582,0
104.2252573,2,0,2,52.26388013,3,27.99211194,0,100,0,0,5.628064084,0
51.66490546,2,0,1,19.166056,7,,1,72.44433475,0,1,1.865695337,0
69.11740523,3,0,5,40.26539772,,71.60239816,2,100,0,0,5.278692494,0
,,0,3,44.96352809,8,49.85453672,1,100,0,0,1.965190761,0
162.7572894,2,1,1,,1,9.662966529,0,57.7205505,0,0,3.665486651,0
,2,0,3,46.76608146,2,8.833204903,1,85.13773841,0,0,6.14593916,1
65.02523899,2,0,2,39.4698504,2,57.71377489,1,84.12076017,0,0,4.973197435,0
67.41624389,3,0,1,57.20890515,6,9.430759965,1,73.45527206,0,1,2.612150587,0
61.09526071,3,0,5,27.63347722,6,57.76052903,2,85.85263406,0,1,4.482385561,0
136.923329,2,0,6,48.85283899,1,,2,87.79283373,0,0,3.912013044,0
181.8369981,3,0,4,35.83813767,1,110.0138228,1,80.28665789,1,0,1.853450971,0
172.6233767,2,0,4,21.56068682,10,0.13121135,0,38.7350879,1,1,6.373005681,0
86.86702398,2,0,3,56.30539189,1,4.619147333,0,46.71860536,0,0,,0
204.4769361,2,1,2,31.65132605,4,3.435463822,2,88.98432362,,0,4.627411694,0
1,2,0,1,,1,,2,74.93009586,0,0,3.115346457,0
86.16641141,3,0,2,43.5201869,0,37.58656516,1,57.13682577,0,0,0.209554992,0
81.63980329,1,0,2,28.85560216,1,10.84075872,0,,0,0,6.254364076,1
144.512375,3,0,3,46.85753597,13,18.94535568,1,69.60063335,0,0,,1
148.9211056,2,0,3,36.58568779,0,4.874411568,0,75.80339747,0,0,6.54861776,1
130.7885575,2,0,7,,2,24.60021389,1,79.19449937,1,0,7.37501487,0
98.3652626,2,1,3,38.27045187,18,3.144518064,2,67.11185007,0,0,2.007473801,0
56.64348921,3,0,2,58.65178304,1,30.12872317,2,51.70601485,0,1,6.938413081,0
37.07475447,2,0,5,18,3,1.217909404,2,60.63212504,0,1,,0
149.6021175,3,0,2,30.98442884,1,45.77048684,0,70.3850597,0,0,7.143530107,0
123.3272656,2,0,5,,2,29.0606559,0,92.81589126,0,1,4.410527046,0
126.8254922,2,0,6,18,2,60.16195663,,56.78602459,0,0,5.794928584,0
1,2,0,4,28.60045635,4,10.96674559,0,100,0,1,5.26615825,0
44.84078094,2,0,1,,0,11.71061886,,77.26881687,0,1,,0
75.40487762,3,0,1,18,7,47.17128364,1,39.14419952,0,0,6.681481314,0
157.3013788,2,0,3,27.0673412,,19.13807272,0,65.13161484,0,0,1.643297672,0
97.48976915,3,0,3,61.06555735,0,16.31932838,0,,1,0,4.835151382,0
56.91484649,3,0,3,23.91533736,5,2.371376575,0,100,0,0,6.075125965,0
40.16056768,2,0,6,18,1,61.2318463,0,67.56776412,0,1,,0
128.5253604,3,0,4,18,0,52.13963149,0,14.44145623,,0,7.408692354,1
74.17851781,2,0,3,27.52548388,0,95.35685507,0,97.87628825,0,0,3.605614133,0
40.68317864,3,0,3,33.72066308,1,17.66574286,0,87.28903072,1,0,,0
158.9256345,2,0,4,26.06135347,6,11.65508154,2,37.13727371,0,1,9.298593859,0
54.96896327,2,0,1,33.6058759,3,,1,84.73674965,0,1,2.764227213,0
86.8275892,2,0,2,26.37034711,4,19.41614937,1,51.56938697,0,1,1.223253234,0
59.78421202,2,0,0,66.13156717,8,13.51219723,2,100,0,0,,0
27.81978689,2,0,,,33,4.746482174,0,67.18159919,0,1,0.466264778,0
115.5745429,1,0,2,43.13275457,8,11.69980895,1,100,1,0,6.057781679,0
178.0755598,2,0,3,30.37389914,3,,1,64.565491,0,0,8.592759986,0
173.5792541,1,1,1,29.93164301,13,19.0014966,0,70.08696275,0,0,3.619768731,0
130.9516473,3,0,3,40.40112899,6,23.70042536,0,,0,0,7.20110847,0
144.7116387,2,0,2,32.89318881,7,3.275467988,0,89.98538223,0,0,,0
78.8120159,2,0,0,,1,26.08229057,0,72.4730506,1,0,,0
,2,0,0,18,2,10.48044183,,65.40062722,0,1,,0
53.03792297,1,0,3,35.47389329,0,5.902413071,2,88.23082592,0,0,7.630768507,0
85.36572705,3,1,1,52.76380197,10,4.351401367,,84.33512926,0,1,5.196396155,0
118.3682753,3,0,2,,11,5.165105562,1,100,0,1,,0
80.60621091,3,0,3,18,1,19.16781249,0,,0,1,6.140091932,1
79.51567037,1,1,2,35.70406327,,29.63697821,0,67.17270507,0,0,5.879836942,0
142.6234322,3,0,2,35.46606259,23,40.83393945,0,88.98761812,0,0,,0
30.22757476,3,0,3,55.22691416,2,4.360682235,0,65.86584172,0,0,4.515948887,0
134.2645042,3,0,4,24.61922489,4,36.74554252,2,84.96164689,0,1,4.572270623,0
103.784747,2,0,1,23.82460658,3,0.306327717,1,66.42030035,1,0,7.014706751,0
162.961662,2,0,3,26.83059212,6,58.33720816,1,62.2728477,0,1,6.754035408,0
1.035009481,3,0,3,53.9609069,16,4.803435108,1,100,1,0,4.242992296,0
54.6218169,2,0,5,35.99509564,2,29.62787252,1,97.12515537,0,1,2.798647438,0
115.3490536,3,0,6,55.26851646,13,6.859680303,0,81.55430419,0,0,6.471634613,0
154.2947783,2,0,4,48.11900504,4,,0,64.49354678,0,0,2.2764603,0
95.23522338,3,0,3,38.576875,3,14.46266841,2,69.89845812,0,0,4.217698402,1
93.61726592,2,0,2,31.58945641,0,45.40156245,0,100,0,0,7.641643513,1
84.24566344,3,0,3,26.0264095,4,0.243434227,1,75.08755521,,0,6.803210394,0
70.50538411,3,0,2,26.39179867,6,11.22832029,1,56.78715114,0,0,4.397272587,1
38.12866809,2,0,1,50.46038449,9,40.87563462,2,,0,0,6.812386061,0
67.92565455,1,0,2,43.4091564,5,18.49431669,0,,0,1,3.939618912,0
131.0904981,3,0,3,52.50790799,3,0.991519691,1,100,1,1,,0
43.36075244,2,1,2,,2,17.41939251,2,37.8453987,0,1,,0
95.04120681,2,0,1,,5,71.3192182,1,71.58845572,0,0,3.588428264,0
214.9449062,2,0,6,45.11748711,3,,2,93.81717448,0,0,,0
36.28839405,1,0,2,,15,28.65775416,1,,0,0,4.719075105,0
51.67060545,2,0,1,18,1,25.62922088,1,75.12433582,0,1,5.440937749,0
148.1688065,2,0,5,38.38856368,2,31.10225082,1,100,0,1,7.117525039,0
92.30473865,2,0,3,23.02187268,3,19.99833268,0,,0,0,4.49880798,0
,3,0,5,32.30316338,13,87.17103308,1,80.75255574,0,0,5.385810462,0
43.82529834,3,0,4,39.85817871,18,22.15869243,2,61.50361254,0,0,,1
37.71413118,3,0,3,31.38950528,9,1.871453819,1,,0,0,5.771753091,0
112.0438379,2,0,5,26.6844246,14,7.659974755,0,,0,0,8.213594928,0
140.888315,2,0,2,40.65332307,15,49.19823111,0,91.32784314,0,1,6.441433376,1
74.70169005,3,0,2,23.38971721,2,59.72288946,1,68.64706419,0,1,-0.233825147,0
,2,0,5,18,1,40.44537508,2,62.16820585,0,0,5.76968553,1
184.2262417,2,0,6,50.13247931,1,12.8082544,0,81.0557723,0,0,,0
109.2154532,3,0,5,18,,25.54628962,0,70.41145449,0,0,3.947241083,0
64.8544281,2,0,3,,1,30.37350378,2,54.73393945,0,0,4.931348229,0
116.9276438,2,0,2,,0,75.48287878,1,91.44449186,0,1,3.270593871,0
40.90629373,1,0,3,39.86890166,3,18.83968461,,72.48035717,0,0,5.005784707,1
139.5831347,2,0,5,45.07988017,,19.90489662,,94.79776538,0,1,5.459870437,0
99.3081127,2,0,6,23.01552493,12,0.93814687,0,67.76238574,0,0,3.07100776,0
157.8416891,2,0,4,76.47354715,4,56.45386874,0,,0,0,0.232093827,0
127.0454259,2,0,0,45.23431023,6,38.11777971,1,69.38936328,0,0,5.645796343,0
49.79296166,3,0,3,46.47321275,27,91.20528424,0,78.99615368,0,1,2.504165675,0
87.5735691,2,0,,48.01945531,10,1.707542043,0,88.55642315,0,0,5.28886814,1
107.8346864,3,0,1,23.19062006,7,3.742965805,2,50.73743244,0,0,4.222421534,0
137.9412208,,0,3,42.39545071,2,2.376434622,2,72.86574674,0,0,3.807035767,0
,2,0,7,18.12801198,2,3.464775891,0,82.6755024,0,,,0
151.5499761,2,,5,18,8,24.8656387,0,69.72742541,0,0,3.221077725,0
50.41516683,2,0,1,32.772542,0,13.06822387,2,100,0,1,3.41398415,0
37.2432314,3,0,2,18,0,8.387999662,1,65.96293236,0,0,4.558696768,0
83.30902551,2,0,1,28.55971566,2,19.02331338,0,100,0,1,4.307708562,0
81.3583424,2,0,5,59.87488314,7,13.5113406,2,73.65583364,0,1,4.706731639,0
111.6434044,2,0,0,63.81382152,3,19.85877334,0,55.82288164,0,1,2.670610343,0
99.50775957,3,0,1,47.22405924,6,5.13648552,1,91.03511948,0,0,6.399937447,0
,2,0,0,73.08560478,15,66.25039831,0,64.13738819,0,0,3.201608227,0
32.89361258,2,0,4,20.15026842,1,26.94033278,1,46.69120227,0,0,4.987734831,0
77.57285817,2,1,2,68.65867621,8,31.29595367,0,100,0,0,7.113582142,0
,3,1,5,34.9567073,3,7.898469768,0,83.34630006,1,1,1.801407295,0
,2,0,6,28.45271155,9,9.817385202,1,56.63588921,0,0,4.924644652,0
112.3252389,2,0,3,22.17421015,6,36.36162429,0,100,1,0,8.689873134,0
45.15624603,2,0,4,,5,34.74351471,0,57.40705279,0,1,5.785676558,0
46.53727531,2,0,3,54.56106709,0,9.675278023,,74.19452794,1,0,4.375165747,0
104.0994407,2,0,3,,7,15.73616787,2,98.60438569,0,0,7.293319424,0
110.2194516,1,0,3,36.63688179,5,32.91612083,0,31.96482417,0,0,3.836931206,0
79.44875317,3,0,4,33.10033169,4,17.15111084,0,71.41860861,0,0,3.8196573,0
68.65164711,2,0,4,23.74430798,1,,1,,0,0,4.021341376,0
76.51177678,2,1,1,32.22084911,1,10.7144611,1,67.07148386,0,0,6.453308474,0
196.757702,2,0,2,39.4844092,8,13.93300661,0,95.04636897,,0,4.162196222,0
2.395610024,1,0,2,18.01584811,3,,2,73.65097468,,1,6.360081931,0
228.025148,1,0,4,,2,53.21805288,1,56.37369675,0,0,4.162121899,0
159.0064087,3,0,2,58.16940095,3,53.71886819,1,60.49092275,0,0,6.840576961,0
168.5050927,1,0,2,50.26860188,0,39.34449277,,69.56806803,0,0,3.610220044,1
24.10631267,3,0,4,,1,27.68733965,0,90.82175081,1,1,3.461801068,0
144.2615741,2,0,6,38.82325812,2,11.45183468,,63.1684105,0,1,3.83580653,0
77.49053676,3,0,4,53.68201887,6,56.55765838,2,72.89492659,0,1,7.125771914,0
106.9530199,2,0,1,,1,2.432651736,2,57.82998194,0,0,5.283128265,0
32.59072889,3,0,4,25.07487851,1,15.79956006,0,100,0,0,1.227605868,1
117.6027698,2,0,1,56.4954893,,38.9530095,0,100,0,1,1.981643014,0
136.9118615,3,0,4,20.15592749,2,17.52130502,1,76.11873004,0,0,6.62732225,0
161.7891096,3,0,0,,2,19.789169,0,62.86179006,0,0,4.95289959,1
101.3442919,3,0,4,25.23432401,9,,1,83.76457544,1,1,3.676884164,0
183.3612056,3,0,3,49.39595619,4,34.51559184,1,,,0,5.950359423,0
165.7457227,2,0,1,61.43801821,1,26.66437923,1,,0,0,7.405068692,0
11.54748481,3,0,3,41.23939063,5,9.985192324,,100,0,1,0.980407024,0
162.7701805,2,0,6,26.29665802,8,3.831849032,1,78.81741651,0,0,5.084321779,0
154.9491679,2,0,13,50.98122538,1,13.10685852,1,64.21034957,0,0,3.582559756,0
53.2280649,1,1,5,67.24765098,6,18.44085059,2,55.58946597,0,0,5.063691765,0
89.96803506,2,0,4,31.19008206,2,31.98505575,0,46.26756352,1,1,6.201907311,0
112.1843606,2,0,4,43.70110295,0,0.836361815,2,80.51923842,0,0,4.452950889,0
172.6308373,1,0,2,54.05732702,5,,0,83.34473997,0,0,8.20330614,0
134.9344407,1,0,1,,0,35.44184105,1,100,0,0,3.791180058,1
135.5479984,1,0,4,18,2,3.407890508,2,66.93506796,0,1,2.334003749,0
126.1125318,3,0,3,29.41838613,6,16.77653964,0,,0,0,7.628675988,0
138.5375105,3,0,2,39.40257529,10,,1,74.70913239,0,0,6.031024358,0
187.4068535,2,0,4,34.56486121,2,1.842172885,0,76.81732214,0,0,3.898636848,0
66.1803849,3,0,5,49.33808637,10,8.950839303,0,79.95603365,0,0,5.709337392,0
145.6310161,2,0,7,37.51453559,3,,1,62.54354999,0,0,5.346368562,0
77.75965809,2,0,2,,6,52.26415193,0,100,0,0,7.150125091,1
35.33635211,3,1,3,52.67475316,1,8.910268061,1,88.30955387,0,1,6.190265742,0
30.03469126,2,0,6,,4,18.42506521,0,59.02956975,0,0,4.804985085,1
164.0469788,2,0,1,33.25117794,1,15.24066388,1,63.73302205,0,1,7.517228327,0
61.6567981,2,0,3,18,3,14.32115158,2,76.0447345,0,0,3.390020937,0
104.6188396,,0,5,18,15,17.88728706,0,85.27987195,0,0,,0
100.8062394,3,0,5,36.52535036,2,2.436681902,0,87.45335854,0,0,,0
67.94593667,3,1,1,18,0,10.25221828,0,44.42037932,0,0,4.137488242,0
,,0,0,38.01255496,0,48.27742251,0,65.31066515,0,1,4.765288773,0
20.20530157,1,0,4,42.8988521,0,,2,100,0,0,3.79648596,0
113.9399906,3,0,1,36.28615818,0,17.63298462,0,60.31974898,0,0,4.026575738,0
,2,0,1,33.62990828,3,9.579373889,2,81.14221204,0,0,6.062852618,0
69.61768273,3,0,3,40.12956733,6,26.47951006,0,74.27639286,0,0,4.28262386,0
136.0951743,2,0,3,24.30486629,1,2.71581933,1,45.73254002,0,0,3.562166071,0
68.59281304,2,0,1,46.76581189,19,85.07714616,2,100,0,0,3.750047479,0
134.8161431,2,0,2,47.40972727,8,11.07167746,1,52.96948727,0,1,5.48168426,0
152.0477087,2,0,5,32.74455609,0,28.10716811,1,48.42651717,1,0,3.140442798,1
95.94770176,3,0,2,26.15230403,0,27.40292041,2,50.68387123,0,0,,0
118.6766842,1,0,6,34.00121389,1,66.48775787,0,86.0604117,0,0,,1
135.7867121,3,0,3,18,5,3.649184265,2,87.34476707,0,0,,0
58.80322565,1,0,5,32.42270246,5,8.099776634,0,71.95717514,1,0,4.027442505,1
74.24145505,2,0,2,45.32608271,5,30.94459326,1,51.89602674,0,0,7.032526231,0
71.07701356,,0,1,31.78030369,,7.842912192,0,76.01424245,0,0,3.913204538,0
131.3217336,3,0,1,18,11,20.97574733,0,58.99763729,0,0,6.820109009,0
107.5196893,1,0,1,24.91496036,7,26.42589176,2,48.14394345,0,0,5.355256752,1
111.5305424,3,0,3,18,6,2.765813362,0,62.6554238,0,0,8.959200935,0
121.9726345,2,0,2,,3,45.72563038,,,0,0,7.020597152,0
56.97933174,3,0,1,29.53231045,3,,1,,0,0,4.330469175,0
140.3523208,2,0,1,30.54674621,0,33.28964007,1,100,0,,2.734660946,0
136.5500313,1,0,1,45.00324887,5,,1,83.63419305,0,0,7.111718164,0
139.892189,2,0,2,23.41729632,24,16.36828519,0,88.82127298,0,0,8.16581951,0
96.94980141,2,0,7,56.38075723,1,15.91084181,,62.68145138,0,0,2.231964051,0
128.0392263,3,1,2,,2,1.641808717,0,72.11936842,0,0,6.702943728,0
89.32785645,3,0,1,31.21555197,2,49.89860213,,55.74731563,0,1,4.688146753,0
,2,0,1,37.58967053,2,0.485631145,0,82.97954141,0,1,2.317942781,0
82.42928821,3,0,4,,8,4.153120434,1,53.60147384,0,1,4.441049517,0
162.716918,2,0,3,18,,15.8781395,0,67.32050375,1,0,4.452324047,0
71.72118161,2,0,4,34.56307421,1,35.64041052,2,95.64954962,0,0,2.065356241,0
28.81586816,2,0,2,21.63628866,16,7.691711849,0,67.47761148,0,0,3.48208709,0
150.0291159,2,0,3,30.58935824,4,13.81710141,0,,0,0,2.860405942,1
71.51505185,3,1,2,28.29595894,7,50.76119338,1,74.02583878,0,1,4.105203435,0
1,2,0,2,52.8539536,8,69.20600776,0,43.75228277,0,1,8.067969672,0
1,2,0,10,,3,54.59991892,2,65.54435634,0,0,8.071987084,0
102.0295846,2,0,3,58.78043608,4,1.892503735,1,75.20505314,0,0,7.491772316,0
121.4153549,2,0,1,18,3,38.42105943,0,72.75795865,0,0,6.356342397,0
110.3901254,3,0,5,18,1,44.07997374,0,69.84428813,,0,6.804309833,0
,,0,5,65.42643984,0,2.602572949,1,75.28161642,0,1,4.560302597,0
58.29075756,3,1,3,39.44454871,1,57.44420189,1,60.68035688,1,0,4.616948275,0
124.1938326,2,0,5,18,10,4.80523678,1,51.87024842,0,1,4.243809974,0
91.99336022,2,0,2,,1,,0,76.24433574,1,0,,0
155.9316167,3,0,5,34.63166494,6,,1,69.77535203,0,0,,0
110.6046677,3,0,3,,1,19.48883415,1,82.02532084,0,0,8.647190321,1
120.0240693,3,0,1,65.71570349,1,80.81633614,2,67.0821127,0,0,1.124147183,0
108.8875053,2,1,3,51.53265623,1,24.74608028,1,,0,0,5.419655508,0
38.04736487,2,0,2,24.63000841,,49.20211286,2,87.84239878,1,0,3.821822397,0
101.740377,,0,4,26.77489832,22,3.065091732,1,42.60505019,0,1,4.028062504,0
104.0541271,2,0,3,35.10848328,0,41.2455313,0,60.08718773,1,1,4.840070954,0
,3,0,6,37.04404452,6,3.741215295,0,,0,0,5.911200687,0
167.7818929,2,0,2,24.57074467,0,146.7359747,2,99.19158238,0,0,3.710766619,0
72.22266103,3,1,1,27.39608638,1,38.24407104,1,72.49057689,0,0,6.438937632,0
83.34811905,3,0,2,71.88846808,5,108.2197253,2,54.47857107,0,1,6.910324664,0
50.47318374,2,0,5,53.82393245,6,18.52777542,0,57.70774066,0,0,,0
147.5007914,3,0,2,56.53262673,1,0.1253557,2,100,1,0,4.816139439,0
173.6335338,1,0,6,,7,12.98802485,0,88.39840694,0,0,5.062103312,0
72.94965671,3,0,3,29.32949494,8,68.06568202,0,58.97678685,1,0,,0
,2,0,2,40.08728448,0,3.002841866,1,81.26996969,0,1,7.894093444,0
,3,0,5,18,8,,0,65.77624922,0,1,1.215183838,0
161.5437257,1,1,3,18.12242398,0,29.7377835,0,72.42166068,0,0,4.917514335,1
73.85699864,2,0,3,28.89500026,2,33.62650263,,69.90860401,0,0,,0
46.62335429,1,,2,41.22686246,3,15.32963405,1,83.58528333,0,0,3.448443641,0
99.81987305,3,0,,67.90413159,5,37.05632386,,90.17888924,0,0,5.902724731,0
101.501574,3,0,1,41.18644768,3,,2,59.29503986,0,1,7.594613397,0
190.3044559,3,0,0,44.20670403,6,13.58532044,0,,0,0,3.447721584,0
78.53777899,2,0,2,32.41007929,,7.906352915,1,100,0,1,4.798069829,0
93.58682598,3,1,1,51.96072672,2,23.1003178,1,60.20737269,0,1,4.321746744,1
134.4853903,2,0,1,42.4506977,0,,1,49.00767248,1,0,-1.299665751,0
94.56199258,2,0,2,44.8413489,0,3.217991244,2,59.41253349,0,0,5.037028345,0
80.399368,2,0,2,29.87264652,3,9.992553205,2,47.20964628,0,1,5.647463781,0
111.6024969,3,0,1,50.68238334,0,28.50823168,0,70.82438944,1,0,4.246925795,0
,2,0,2,42.41539221,2,0.973266642,1,87.74071076,0,0,2.286369792,0
,3,0,2,57.57896017,0,52.91624829,0,67.95646939,0,1,6.590510269,0
,3,0,3,27.06494479,1,50.38399381,0,63.54380925,0,0,0.635610728,0
155.1608786,3,0,2,63.12494669,,16.35684157,1,94.01182444,0,0,3.762991482,0
,3,0,3,65.77647647,5,17.84840236,0,72.29778177,1,0,4.138757554,0
123.7583873,2,0,3,64.37135345,3,22.87725715,2,62.62181185,0,0,8.268015319,1
85.28787472,3,0,,18,0,28.27256586,0,86.43505891,0,0,2.125258696,0
169.4882067,3,0,3,50.64841533,0,12.89102991,1,88.75125097,0,1,8.09447213,1
88.57000423,,0,5,37.02602098,,5.196721176,1,73.35561421,1,0,4.858859837,0
,2,0,1,37.7213258,2,11.18890546,0,91.93899556,0,0,3.661621687,0
36.16257121,2,0,0,52.17179814,4,65.66073325,2,74.74457004,0,0,4.023836916,0
101.0546374,1,0,3,58.56791661,18,7.434876063,1,59.40571836,1,0,,0
49.5722658,,0,1,27.65151945,0,70.36323351,1,77.45388436,0,1,,0
80.39459234,3,0,1,29.0232727,,125.883138,0,39.19353416,0,0,3.672840429,0
125.995107,2,0,1,44.19029627,0,18.72604722,1,58.62167324,0,0,,0
105.1719065,2,0,4,30.56832238,1,1.195338996,2,60.15876371,0,0,2.851152374,0
1,3,0,1,35.30030386,,0.393747063,1,83.31092165,1,0,,0
,3,0,,45.20449242,0,23.12542248,1,82.16469062,1,0,0.510899802,0
55.06000949,2,0,2,,2,18.80254637,2,100,0,0,6.032734525,0
28.45843992,2,0,2,18,8,16.02870098,1,96.53462169,0,0,,0
138.9674502,2,0,3,18,4,22.32409354,,100,0,0,,0
88.91092981,3,0,4,27.24821104,,,1,47.46902269,0,0,4.039202266,0
111.0270714,1,0,3,44.259849,5,29.24748211,1,92.53933446,0,0,6.885546883,1
106.4684003,3,0,7,18,0,35.37118942,0,,0,1,7.092087402,0
63.45218621,3,1,2,41.76184144,12,6.718191323,0,74.86397509,0,1,4.337895894,0
16.8754006,3,0,2,27.95480776,0,20.96916656,0,84.83004671,0,1,4.895726537,0
90.21073645,3,1,2,58.24093847,0,2.936591294,1,59.56466571,0,1,,0
172.0972503,2,0,1,18,14,,0,60.42394536,0,0,7.463769876,0
87.49767427,2,0,1,,0,11.83573698,1,88.11667712,0,1,5.19463523,0
60.76190459,3,0,5,45.43778239,1,11.99309014,0,69.64867609,0,0,5.420058168,1
21.78791941,3,0,3,44.54031609,0,7.908067986,0,,0,0,2.675213061,0
96.60643092,1,0,3,,2,,1,90.87550874,0,1,7.204691507,0
125.0332861,3,0,2,38.55541478,4,97.81217737,1,53.21555306,0,0,,0
87.93819711,1,0,1,19.29025059,6,2.019271665,0,83.13118069,0,1,,0
,,0,,45.10124341,15,9.083021234,0,68.29506003,0,1,4.171419797,0
155.2762966,2,0,2,29.94497818,1,71.99614148,0,61.65781482,0,0,11.06208682,0
110.5641846,2,0,1,35.88597673,5,22.78499797,2,21.47895742,0,1,,0
52.17818116,3,0,3,32.7695445,8,20.67111629,1,75.0064225,0,0,3.608452413,0
103.3759241,2,0,4,,1,6.624040626,2,100,0,1,,0
106.6484837,2,0,4,27.80792777,11,135.8439865,0,73.71999946,0,0,2.783210045,0
161.3834496,3,0,0,,8,0.861852872,0,81.54165178,0,0,4.216039662,1
115.5625077,2,0,2,48.09102801,4,18.18541036,0,,0,0,6.113393967,0
237.9830019,3,0,1,28.93988861,2,43.72293254,,97.05452719,0,0,7.346258717,0
85.94179788,3,0,3,,5,37.60772788,0,,0,1,2.856769932,0
12.63891665,3,0,3,54.89538094,9,5.13516764,1,88.22867011,0,0,3.476770471,0
101.0208584,2,0,3,35.37548109,,16.83457881,0,34.45313553,0,0,,0
134.5809288,3,0,2,28.8068601,8,8.150762258,0,,0,0,7.54543926,0
106.1148752,2,0,5,27.62519598,12,19.92400827,1,72.29369318,0,0,2.192138951,0
170.1684985,3,0,3,19.15120138,6,15.91615586,,58.69326063,0,0,4.583972347,0
84.05768223,3,0,0,71.04991503,3,0.723818095,0,68.68091392,0,0,1.342633174,0
65.97529761,3,0,2,36.0921353,6,1.637233616,,98.92006518,0,0,6.679608815,0
129.6778361,1,0,3,31.11091877,7,18.40751433,,91.2684574,1,0,,0
41.9108078,2,0,1,22.55343544,1,1.897227832,1,89.20565071,0,0,2.90108971,0
74.11537136,3,0,4,32.57031224,4,28.02954854,0,80.73740708,0,0,6.036641687,0
183.0735083,3,0,0,32.51901309,1,11.05139382,1,77.31100497,0,0,7.216565049,0
113.2387655,3,0,5,55.15364964,7,6.486579668,1,68.68994885,0,0,6.489050312,0
153.1328645,3,0,1,40.33369533,13,13.59159776,2,57.58399498,0,,,0
55.90626744,1,0,3,32.32689937,0,5.55214987,2,92.84374768,0,0,6.798950504,0
1,2,0,3,22.18433243,2,11.58744414,0,51.57695454,0,0,5.58388658,0
192.319796,3,0,3,18,5,16.86387659,0,,0,0,5.95679833,0
186.7468288,,0,4,57.08609021,1,19.93227453,0,52.62579223,0,0,8.758169241,0
111.6892956,3,0,2,31.4224785,17,36.46489361,0,49.52811051,0,1,5.502563838,0
201.2154812,3,0,5,37.22675911,3,,1,69.26636105,0,0,,0
124.9932062,2,0,,70.07256014,2,27.87957378,0,67.62768444,0,0,4.293509832,0
87.64113087,3,1,3,59.16160238,,13.31884176,0,50.07183185,0,0,,0
20.09378241,3,0,3,18,0,6.087161248,1,75.0007295,0,1,3.734604487,0
132.6153076,2,0,6,,1,8.089414914,0,59.01087495,0,0,4.116099684,0
151.6940527,2,0,2,46.40480659,0,2.776399134,0,77.39159623,0,0,6.773609907,0
59.34928139,3,0,0,18,1,51.00171333,2,100,0,0,,0
150.3566668,2,1,1,29.24269173,1,1.415189497,1,55.7907224,0,0,6.221441225,0
,1,0,4,28.18770298,2,2.232586526,1,87.53008851,,1,4.181587652,0
69.52438989,1,0,4,23.85876858,1,0.029991093,0,43.32770543,0,0,6.034846949,0
12.57340134,3,0,2,35.51206117,25,21.82528053,0,85.78117887,0,1,7.085650798,0
73.69825787,3,0,3,18,3,62.84579117,0,79.76549371,0,0,2.84636086,0
65.47294738,3,0,4,28.79441546,6,21.82461718,2,95.18975415,0,0,4.7090954,0
105.0928148,2,0,3,18,5,2.756660297,2,36.67161939,0,0,6.228935264,0
44.01650527,2,1,5,20.34163827,2,4.832545507,0,86.89612764,0,1,4.994152903,0
148.0152584,2,0,3,18.95408142,1,34.74180304,0,89.10554113,0,1,3.391636394,0
120.9852804,1,1,5,52.71678272,2,38.49024152,1,100,0,1,3.959712334,0
139.4528344,2,0,5,23.40912042,,24.42141888,2,48.09549999,0,1,6.683071985,0
85.04963248,2,0,3,54.1813419,3,12.54947099,0,86.10770497,0,0,5.246762745,0
85.62762403,3,0,4,29.91107243,8,2.432810987,1,77.73860341,0,1,2.618677432,0
92.0847261,2,0,3,,2,34.86757257,0,53.21356914,0,0,6.179592378,0
100.517631,1,0,3,22.61899323,1,17.85213772,2,60.14163395,0,0,,0
55.23228132,3,0,4,30.51282498,13,12.00107907,1,54.65756331,0,0,,0
31.0340386,2,0,4,47.11183133,7,14.69403755,2,100,0,1,6.780085862,0
73.76687965,3,0,6,18,1,23.90044114,1,79.10120478,0,0,4.093937927,0
83.66633762,,,4,44.92285441,3,92.20424455,0,83.71218,,0,5.470156749,0
12.22810513,2,0,4,18,8,11.41145261,0,84.67485881,0,0,4.032154169,0
87.05727998,3,0,1,48.1383396,0,34.41880525,0,58.79987734,0,1,8.067934117,1
59.8587778,3,0,5,18,0,32.24839244,2,77.30530512,,0,5.033518713,0
132.2297716,2,0,2,29.6534293,1,14.27367879,0,62.43964294,0,0,5.412463886,0
49.30520239,3,0,6,38.88642805,1,13.42074014,0,68.32208192,,0,5.991330662,0
101.6071573,2,0,0,18,,3.244488921,0,100,,0,,0
153.5771576,3,0,1,58.41201735,0,17.00701107,0,69.75841566,0,0,7.62909992,0
79.37604941,2,0,2,26.66537505,5,7.973625146,1,53.50504225,0,1,5.715334381,0
174.8715842,3,0,4,18,4,10.68762413,0,82.13933307,0,0,2.812066535,1
61.63262186,2,0,4,48.37616439,0,1.03058194,0,98.56637957,0,1,4.071901746,0
40.30374968,1,0,0,34.38281087,0,6.630761241,1,78.51729304,1,1,5.989266398,0
75.85862046,2,0,2,32.55090178,10,9.667393314,0,72.46075096,0,0,3.177021257,1
128.4136689,3,0,,45.22572342,0,,0,74.68568576,0,0,4.27479743,0
56.35055166,2,1,4,,0,21.16079022,2,76.54618212,0,0,4.334199153,0
87.00999296,2,0,3,45.94901134,2,16.56127558,2,75.71207457,0,0,4.24681321,0
,2,0,1,,1,6.764553041,0,92.1066823,1,1,5.79630842,0
,3,0,2,26.42312603,7,,0,81.00600795,0,0,4.580543777,0
92.48785056,,1,2,36.86530474,7,16.25044173,0,89.48245819,0,0,3.833704089,0
83.64913412,2,0,5,29.58933061,2,45.60806694,2,71.9401569,0,0,9.803583078,0
183.6434101,3,1,4,23.33056144,8,,0,94.78424616,0,1,,0
156.7810074,3,0,0,34.44411466,2,74.5008959,1,68.81452805,0,1,6.022793695,0
117.5724104,3,0,3,24.21275717,,1.81805308,0,,1,1,,0
78.51825107,2,0,1,34.86598768,6,136.6875612,0,71.56627978,0,0,6.227433689,0
33.17157498,2,1,2,18,11,50.41046782,2,100,0,0,11.26313752,0
82.01156771,,0,11,24.18762931,11,13.19171341,,75.39520948,0,0,,0
125.2135374,2,0,1,28.95205303,0,10.93009498,0,81.07980165,0,1,5.199709348,0
121.8469085,3,0,0,38.15793895,,49.3531368,2,,0,0,4.783529121,0
104.8497982,1,0,1,21.89904996,1,,0,85.00268276,0,0,5.386116915,0
157.4222855,,0,3,25.65094826,0,18.45057938,1,71.75962472,1,1,8.052815525,0
1,3,0,0,28.58490372,4,4.788177946,2,70.77770799,0,0,5.004259402,0
116.5056895,2,0,3,36.70483304,12,114.2482394,0,92.10618706,0,0,6.500271871,0
142.5448981,3,0,3,18,16,21.62500079,0,88.38564369,0,1,4.233845083,0
87.64871496,2,0,2,44.4838879,1,52.93678535,1,84.58598039,0,0,5.39028921,0
53.87949078,2,0,5,53.12263105,6,,0,,0,0,4.515501563,0
53.65347642,2,0,4,52.34214689,2,,1,90.82759187,0,1,3.520297779,0
87.92847176,1,0,4,52.38291893,1,7.73151277,1,60.24271008,0,0,2.30447652,0
11.54620476,3,0,6,19.88630511,1,4.977988924,,100,0,0,5.50550525,0
84.71946929,2,0,1,,4,9.151995921,2,40.44915186,0,1,,0
80.33305938,2,0,2,38.64725371,1,45.29842552,0,81.60111256,0,0,6.412332906,0
50.24257591,2,0,3,,15,2.658700005,1,,0,0,5.37177954,0
190.0255591,3,0,6,62.87897679,13,26.93700044,2,62.72611685,0,0,1.5416643,0
21.84828467,3,0,3,24.47525849,5,,0,89.25433164,0,0,5.377437985,0
68.95762009,3,0,4,36.64179002,2,46.13701542,1,50.94161319,0,0,7.51199657,0
95.07059339,2,0,1,18,2,26.99881954,1,100,0,0,8.39250793,0
32.17090977,2,0,0,29.02340607,0,9.934566605,2,83.26804852,0,1,3.854293561,0
130.4452678,2,0,2,,3,24.56902967,0,71.5676046,0,0,,0
,2,0,1,25.50123693,7,7.70020911,1,37.07360053,0,0,6.341016231,0
,2,0,2,25.83265968,23,64.48923851,0,,0,0,3.510242838,1
135.1720067,3,1,2,18,0,,,74.02025656,0,1,7.348024131,0
57.15740674,2,0,2,,,5.5511704,1,100,0,0,2.630851946,0
63.35155504,2,0,0,28.68764013,10,17.82532076,1,83.78486361,0,0,6.221160573,0
76.40340671,3,0,4,18.07615489,0,39.08735109,0,,1,0,5.963694138,0
137.1632047,3,0,4,,8,9.847821987,1,65.85061112,0,1,6.979263462,0
95.40157669,1,0,3,27.86749649,6,29.71570594,0,82.17981577,0,1,6.01862273,0
168.7853407,2,0,1,36.52724533,2,42.95573682,0,57.70734567,0,1,6.29195328,1
94.49972506,1,0,5,18,9,63.40644703,1,94.94637819,0,0,4.249427982,1
105.3603981,2,1,3,65.49601476,10,,2,,0,1,4.565758473,0
96.82132304,2,0,6,63.23178345,16,,0,100,0,0,,0
61.98181794,2,0,0,20.92688884,12,33.89130938,0,68.61825815,0,0,5.089165671,0
144.7677715,3,0,3,28.99799935,7,,0,100,0,1,4.676673751,0
114.4584322,1,0,5,36.22130491,3,,0,81.67426867,1,1,5.447463011,0
130.2803116,2,1,1,42.9340112,3,43.12575538,2,74.59497095,0,1,,1
47.72352572,2,0,2,38.59823364,3,13.47710973,1,100,0,0,6.82922043,0
91.48071173,3,0,1,20.85813908,6,17.1586416,0,73.84922124,1,1,5.069360883,0
6.003780743,3,0,4,19.36596371,15,11.62114086,1,70.44418282,0,0,,0
39.25969321,2,0,4,,0,11.32384171,0,90.68191481,0,0,5.610958,0
178.9059029,2,0,4,21.82104191,4,28.12000947,,50.11470842,0,0,4.371029426,0
41.56609812,2,0,0,40.33961582,0,9.739761043,1,,0,0,,0
86.36382151,,0,5,43.42597778,0,4.231697586,1,50.90335957,0,0,,0
176.1514928,2,0,6,,2,0.356252408,0,58.99893846,1,0,7.547553385,0
22.85983909,2,1,4,41.54425757,2,61.32104268,0,75.00316128,0,0,3.765354438,0
76.48983306,2,,0,66.1157452,33,31.96120099,1,91.94545689,0,0,5.129947386,0
137.8753855,3,0,2,,1,2.706390426,,,0,0,,0
88.29315215,3,0,4,24.61878153,8,,0,91.06779738,0,0,5.203813625,0
14.9048885,3,0,6,40.76314701,7,0.523640506,1,73.72897,0,1,5.469164872,0
109.7044996,,0,5,48.7472365,0,0.849604002,0,79.35507722,0,0,6.008294599,0
1,2,0,1,40.54169671,2,24.58638521,0,93.21746812,0,0,7.537317519,0
61.87403804,3,0,2,36.71374879,4,48.61077868,2,84.87121453,0,0,3.858560929,0
13.01431106,3,0,3,25.72396984,2,18.18310841,0,76.61228327,0,0,3.644630121,0
161.8719067,2,0,3,38.43640904,12,133.2033356,1,60.65969546,1,0,,1
125.2493639,3,0,5,55.47226573,8,,1,64.8664901,0,0,7.23916136,0
84.48045043,2,0,0,60.00673962,,26.62388229,0,90.35001113,1,0,4.266988354,0
1,2,0,4,60.83143532,2,36.30854767,0,20.54662839,0,0,5.970974737,0
68.13461265,2,0,2,18,12,17.17313035,1,79.0648392,0,1,,0
,3,0,2,50.95980843,,11.68830051,2,42.2348592,0,1,5.375106656,0
54.85955365,,0,2,44.79005403,23,31.53369516,1,62.43528025,,0,6.678689018,0
49.8021314,2,0,7,,3,48.74034024,1,96.56242473,1,0,5.313794842,0
121.2196969,3,0,,38.70009065,2,15.33683393,0,77.10891257,0,0,5.433734544,0
96.13894774,2,1,5,27.48081112,0,45.82765804,0,98.00129078,0,0,3.326316019,0
112.7691878,2,0,4,23.1268368,7,24.47438132,0,80.98908644,0,0,4.373764705,1
53.00160854,,0,2,18.89999245,7,23.87322,1,,0,0,7.278253351,0
52.33356959,1,1,4,26.0086802,0,20.79711875,0,,0,0,5.781718224,0
52.2690949,2,0,4,27.59497518,9,17.51329179,0,,0,0,3.679888428,1
99.72019906,2,0,2,65.39201781,,21.2630769,0,62.30751346,0,0,4.625107489,0
178.1706679,3,0,3,47.62763465,5,44.1467903,1,78.59208864,0,0,7.387803974,0
97.70355856,3,0,1,53.83900448,6,29.43772216,,,0,1,3.756195946,0
169.5103775,3,0,2,39.24505589,7,,1,60.18420733,0,0,6.217928446,0
80.61500418,2,0,3,41.16455661,4,35.59971636,0,100,0,0,8.062702555,0
57.17508813,2,0,0,,10,19.36409622,0,,0,0,6.945114422,0
121.9289645,2,0,5,18,5,6.491081628,0,84.75292139,0,1,7.378402577,0
23.88204069,1,0,1,20.52623848,8,6.29869824,0,87.073473,0,1,3.871878012,0
80.57407735,2,0,6,32.86727662,0,18.53265944,0,64.11237965,0,0,3.653610979,0
121.7385032,3,0,1,28.85274957,8,7.252362906,0,46.97112535,0,0,2.976564165,1
137.1063746,3,0,1,18,,62.39738418,1,96.98788538,0,1,2.193112497,0
80.13383737,3,0,1,,4,62.32766532,1,74.01264547,0,0,3.819655026,0
142.6987988,3,0,4,,9,45.47612668,1,48.25763116,0,1,5.476064031,0
49.60441523,3,0,5,34.69885702,3,26.40571974,2,92.61248496,0,1,,0
144.1143246,2,0,7,27.77680803,2,17.12500047,0,77.19452818,0,0,7.537309698,1
60.70069837,2,1,3,53.02977414,0,22.34545408,0,56.04963697,0,0,6.211200739,0
68.50577238,2,0,0,28.49717125,0,22.93151729,1,63.56393397,0,0,3.045950697,0
136.1413447,2,1,4,43.38289367,6,36.42908898,1,75.37473256,0,0,3.939050772,0
109.2275652,,0,6,32.5721954,5,18.40090568,2,,0,0,2.48469414,0
124.7031959,2,1,3,40.22872351,7,15.30329057,1,77.35761186,0,0,4.949367334,0
164.0821898,3,0,3,37.96484439,,19.01508069,0,100,0,0,2.426548475,0
142.6707779,2,0,3,18,2,7.809666002,0,70.71084594,0,0,6.203726842,1
155.0665082,1,0,5,33.20682581,1,3.81464029,0,,0,1,,0
102.278592,2,0,1,37.69116263,2,17.79491523,0,75.75565167,0,0,4.207707056,0
96.39949392,2,0,4,55.5275162,2,9.836317484,1,,0,1,3.402467136,0
,2,0,4,32.46217357,7,2.525254264,0,,0,0,5.897372537,0
143.8227823,2,0,0,31.78786117,11,1.625495239,0,55.08847134,0,1,5.29581594,0
51.3310581,3,1,2,,2,52.37427412,1,99.38004977,0,0,3.848079025,0
119.3191327,3,1,6,37.44568472,,49.05562305,0,66.59024258,0,0,0.095671509,0
209.5227813,,1,2,,3,4.971900457,1,79.10346246,0,0,4.787245356,0
130.6885428,3,0,2,38.31272427,9,,0,65.99641199,0,0,3.669436353,0
145.9538241,2,0,0,,1,6.397281408,2,,0,,4.168772499,0
156.205636,1,0,4,18,5,84.05216922,0,96.01260903,1,0,3.240663273,0
135.817004,1,0,,18,5,65.13796543,0,47.52064755,0,0,5.876639385,0
148.4384948,2,0,1,,2,32.07093779,1,78.15239371,0,0,6.008652072,0
84.1963572,2,0,4,49.00008785,3,4.102749887,1,65.22307989,0,0,6.453380559,0
110.4735042,2,0,3,,2,112.6864875,1,13.47232563,0,0,2.171075993,0
,3,0,1,37.68419082,2,21.6044749,1,86.799966,0,0,,0
121.0858467,1,1,7,36.22856248,6,,1,100,0,0,5.5369194,0
97.17057556,1,0,1,18,0,164.3127461,2,83.81442108,1,0,3.993102765,0
58.21554975,2,0,3,47.30301113,2,6.540227705,2,84.68078667,0,1,4.654010107,0
181.4234277,3,1,1,33.49216833,,54.7601045,1,82.39866146,0,0,5.911391779,0
124.8894155,3,1,4,34.19798846,3,10.31181414,0,58.42185949,0,1,2.928576703,0
68.22294506,3,0,2,25.6848642,3,3.617005428,0,100,1,0,6.364493969,0
,2,0,7,46.67333475,8,20.45872269,1,75.17545122,1,1,4.448904339,0
77.67831927,2,1,4,32.0924124,4,2.260388718,1,85.20276878,0,0,4.26599891,0
90.64278675,1,0,4,67.3832957,3,71.36229082,2,67.2074971,1,0,2.189783317,0
87.11897572,,0,4,47.84229783,3,39.5878115,0,,0,0,7.2108911,0
86.31353739,3,0,3,72.54353503,0,3.944672495,0,,0,,7.769166417,0
119.4802262,2,0,4,18,13,71.45751367,1,45.58673497,0,1,7.272804306,0
69.13938767,3,0,4,36.21330679,7,0.877023065,1,96.01065837,0,0,1.474048505,0
186.3113273,2,0,2,42.56821011,0,94.47006969,1,53.47898545,0,0,2.653086681,1
134.5071996,3,0,4,37.85904054,5,5.373090823,2,74.08165153,0,0,6.713847637,0
89.4166509,3,0,2,18,1,24.80697735,1,34.19980358,0,0,4.484686735,1
127.3559558,3,0,3,28.13274114,9,4.084017971,1,90.7481329,0,0,11.05253235,0
,2,1,5,42.16369507,2,42.70080049,1,32.61283098,0,0,8.047799444,0
100.7074632,3,0,3,55.07621299,4,12.39326353,0,100,0,0,2.516998184,1
9.755894967,2,0,2,40.26081928,6,15.58905805,0,73.88384144,0,,,0
90.80730534,2,0,2,18,1,1.08960127,0,63.57298987,0,0,4.929274489,1
,2,0,1,42.97115004,6,28.96358246,0,,0,0,4.021415374,0
35.50195501,2,0,4,39.11872774,,9.486588648,0,73.77168264,0,0,5.228112583,0
137.3646803,3,0,3,22.67243851,1,26.81836108,1,47.74106598,0,0,2.976647867,1
,3,0,1,41.03304596,,54.18259573,2,79.71946962,0,,5.653175951,0
172.0971201,2,0,7,37.67164437,8,21.72419912,1,29.48097915,0,0,6.543485137,0
215.966477,2,0,3,40.47536044,,48.84939846,1,68.91350675,0,1,4.741875655,0
129.0890885,2,0,3,55.47172209,,107.8812283,2,73.61704104,0,1,,0
150.35786,2,0,,38.7949282,2,16.49414235,2,100,0,0,2.060652839,0
59.03710701,3,0,5,27.02243369,1,0.720045039,0,53.54594969,0,0,,0
,2,,2,37.07168165,1,11.41902938,1,83.27000145,0,1,2.514538878,0
106.1739905,1,0,1,28.82737934,1,6.333715566,0,76.45757671,1,0,2.019643451,0
111.3342124,2,0,4,18,7,19.84064609,0,100,0,1,2.315355427,0
,2,0,3,46.66893878,12,46.01696035,2,66.80786034,0,1,1.682785812,0
115.5826428,2,0,3,27.89915525,1,7.274289957,1,82.79453218,1,0,7.376146992,0
114.6096364,2,0,5,63.69196378,2,30.27687815,0,86.25731069,0,0,5.930109473,0
50.72301996,2,0,5,36.93093333,2,16.91971812,1,69.52260119,0,0,3.365567619,0
190.071505,2,0,3,,5,10.23941869,0,100,0,1,0.75330041,0
139.1695255,3,0,2,34.01252536,6,10.97490505,0,96.53305424,1,0,4.378224497,0
120.2147377,2,0,4,,1,,1,61.18409168,0,0,5.603344674,0
94.90026417,3,0,2,21.22546654,3,3.792715842,1,100,0,0,,0
120.919911,2,0,1,40.99991194,12,50.72021568,0,50.14792029,0,,6.00177905,0
105.1458695,2,0,2,64.35488899,9,58.53338594,0,57.12306586,1,1,,0
8.468355157,3,0,0,35.33474835,1,50.12198833,0,55.82896755,0,1,,0
83.15524366,2,0,0,55.1371464,3,30.80406194,0,49.4416454,0,0,1.228214942,0
90.25458598,1,0,1,59.26938042,19,16.15456123,0,41.81760087,1,0,1.407232279,0
122.6378176,2,0,4,54.88639945,5,17.31467349,1,69.85701275,0,0,7.332860033,0
62.21042499,2,0,1,28.9371408,0,6.07779061,2,41.47939168,0,0,3.068063935,0
,2,1,3,,3,7.55094396,1,93.48129835,0,1,2.218272309,0
,2,0,1,30.01939131,3,40.54043902,0,97.26806065,0,0,6.312330013,0
57.18257409,3,0,3,27.11979197,3,22.1986358,1,62.97114672,0,0,5.751520267,0
72.19406266,2,0,1,,5,6.547708321,0,,0,0,7.109324429,0
184.6173286,3,0,2,40.7465226,1,7.802239597,0,68.70337636,0,0,5.070759556,0
,3,,4,46.43916321,6,48.23798945,0,,0,0,5.475461681,0
63.80176348,2,0,3,,1,27.46508549,2,,0,0,7.469525753,0
91.90225915,1,0,2,66.45919851,7,15.57730894,1,65.00191734,0,,4.298968321,0
124.5603833,1,0,4,28.48932249,2,23.88953339,2,70.37293928,0,1,,0
,3,0,1,51.10917489,0,3.422457709,1,67.75804108,0,0,2.843219507,0
156.6885048,2,0,4,,1,36.85658522,1,100,1,0,5.650995746,0
1,2,1,2,30.83922941,,17.47118776,2,56.72482271,0,0,3.280966173,0
79.16873472,2,0,1,27.96527487,0,54.28661659,0,68.01545975,0,0,0.291619589,0
,3,0,1,,5,9.809014306,1,52.84746376,,0,7.191256845,0
151.2816057,1,0,4,29.91750704,4,63.93951693,2,64.97753504,0,0,2.898996736,1
121.2030522,2,,6,39.35687404,1,46.5623523,1,47.94437983,0,0,5.921046122,0
56.08384614,2,0,4,55.87523938,,20.91829177,2,41.74009384,1,0,5.680457591,0
105.6758673,2,1,2,18,0,5.305411981,0,34.00985861,0,0,8.669184812,0
78.22568147,2,0,3,52.67412021,3,33.33144164,,79.34093951,0,0,3.441420126,0
1,2,1,3,50.15010206,2,23.91824128,1,67.78498735,0,0,,0
114.4364002,2,0,2,48.15449154,3,8.084043821,2,48.37818504,0,0,5.305365357,0
59.15321645,2,0,5,,4,18.0944192,2,89.5040951,0,0,0.91526222,0
78.75843262,2,0,5,59.65110707,0,3.953374203,0,97.95247426,0,0,5.615161236,0
160.0965835,3,0,5,18,1,70.74382996,1,100,0,0,,0
,2,0,2,28.94957226,1,3.834429245,0,79.864802,1,0,8.978692428,0
21.4561924,,1,6,47.37175838,8,,0,81.09783338,0,0,8.62356547,0
19.20566063,2,0,3,44.76842828,2,1.624413256,0,59.52626099,0,0,4.413280828,0
109.1250515,3,0,8,38.71979483,1,0.759645261,2,100,0,0,1.463598002,0
144.5651843,2,0,,62.06050399,8,12.33308846,1,64.14858494,0,,5.49580308,0
80.11601532,3,0,4,,5,5.588239255,2,95.48453113,0,0,5.431414081,0
,2,0,5,61.20670563,3,64.02515535,0,37.56300147,,0,,0
50.08938707,1,0,4,18,18,4.500778556,2,62.45821128,0,0,7.299781523,0
102.9011367,2,0,6,41.48766929,1,23.41506028,0,62.52031034,0,0,2.332729622,0
78.36130582,3,1,,18,8,32.05056593,2,81.58956157,0,0,4.930105156,1
67.08757938,3,0,5,32.02343668,5,23.60732403,1,92.9149937,0,0,4.534454468,0
100.0377754,1,1,2,50.91254088,9,11.74501276,0,73.13473133,0,1,3.496208988,1
46.68825341,2,0,5,36.10121299,2,110.0850346,0,81.67508114,0,1,3.90724523,1
178.1444384,2,0,3,43.86556482,6,34.33401748,1,56.26999748,0,1,2.620735805,0
29.65282997,3,0,4,18.91160253,0,43.36262332,,100,0,0,4.381114741,1
102.6129245,3,1,,23.71617888,11,10.59447315,0,79.70669198,0,1,3.783240631,0
83.89692419,,0,,,1,,2,87.01428326,0,0,8.609862066,0
71.52751128,3,0,4,,8,8.333218108,0,82.21717192,0,1,5.796083839,0
90.49804825,2,0,2,68.55926577,6,24.10534402,0,100,0,0,5.209069521,0
135.7690658,3,0,3,,12,124.414043,2,55.56661193,0,1,3.863718927,0
74.92989266,2,0,6,18,2,44.34059415,2,80.50001777,0,0,7.47398047,0
159.0783858,3,0,3,42.22670054,0,26.67231869,0,58.64008816,0,1,1.181796495,0
38.9839655,2,0,5,18,0,23.88480088,1,48.7556687,0,0,5.130116662,0
125.9679373,3,0,0,25.80643682,0,27.18338092,0,,0,1,5.248149511,0
42.83305045,3,0,3,22.15708702,2,12.91715332,1,69.5835498,0,0,4.436746571,0
85.66028821,1,0,4,50.10494684,9,10.66384535,0,100,0,,3.48547733,0
67.30508058,3,0,3,34.20352782,7,,0,,0,1,3.585615446,0
160.9380926,2,0,3,,0,27.30251855,1,71.86135218,0,0,2.073629597,0
1,3,0,0,50.47193771,2,21.91049069,2,86.15740084,0,0,,0
8.945696535,2,0,1,18,0,42.73406829,,69.80656531,0,0,,0
199.6257677,3,0,4,34.16217494,6,15.7765125,,42.8679362,0,0,2.574714517,0
26.05442156,1,0,2,54.80236389,,13.15349928,0,74.85632742,0,0,,0
129.9964365,2,0,3,48.93838868,3,,1,,0,1,5.810339575,0
122.4913607,2,1,2,20.5167847,7,5.251522659,1,,0,0,2.183543045,1
91.20727978,2,0,,38.12317955,17,20.07673876,1,,0,0,1.960696747,0
108.400767,3,1,2,,8,72.14584193,0,100,0,1,3.273316426,0
99.03698101,3,0,5,33.82367932,1,1.396484158,0,82.45864605,0,0,6.200097937,0
47.24461623,2,0,3,44.45250334,10,28.09011894,0,62.90528225,0,1,2.362127459,0
182.0307282,2,0,,,13,6.945985272,0,65.49555248,0,1,,0
1,3,0,8,39.18513331,10,,1,100,,0,6.497835676,1
,1,0,5,,1,5.836993318,2,72.12699661,0,1,8.329639692,0
,2,0,5,42.91505708,5,102.4865534,0,85.12974952,0,0,8.162374026,0
191.6278522,2,1,5,40.33904729,4,71.50722425,0,74.67978881,0,0,4.294928319,0
105.5899579,1,0,4,51.09066958,6,38.15478905,0,94.49552968,0,0,,0
148.47286,2,0,2,57.0004225,2,2.465827526,0,73.21850334,0,1,4.531467801,0
,2,0,5,18,4,12.89177335,2,80.82788936,0,0,5.520587204,0
108.5231885,2,1,5,61.3435937,1,29.44602702,0,64.57672171,0,,6.362729428,0
147.5211919,3,0,2,20.62145765,0,,,99.3458642,0,1,8.323032626,0
131.6959511,3,0,4,41.14281143,6,19.15330065,2,90.25734158,0,0,6.632182865,1
78.59424195,3,0,3,49.96629126,17,1.705191337,2,44.87485503,1,1,,0
147.6562523,1,0,5,40.75213613,0,6.757400156,0,68.63139189,1,0,2.228699849,0
159.7740325,2,1,6,24.74608244,1,,1,94.6832289,1,0,3.434355266,0
102.4654166,3,0,,34.93818823,0,4.198803517,0,67.85760323,0,0,,0
135.3875968,2,0,2,18,2,68.14257878,0,100,,1,,0
49.24529041,3,0,2,,1,19.82959814,1,53.86494539,0,0,5.984919221,0
56.07630993,3,0,3,,0,6.264569533,2,38.65898171,0,0,6.071166221,0
81.4279567,3,0,6,25.8011416,1,1.68767327,1,,0,0,1.065461859,0
,2,1,2,37.38499215,2,15.05388031,2,77.40452957,0,0,,0
123.3214991,3,1,2,69.32599064,3,16.34493435,2,75.32879921,0,0,0.84155525,0
73.39157184,2,0,4,28.119351,3,8.349690897,2,85.02188943,0,0,5.299198166,0
130.0603374,2,0,1,35.51157127,10,22.62522953,0,76.67314472,0,1,3.848170465,0
67.49987096,2,0,3,,1,16.02497345,2,55.38163423,0,1,1.959963637,1
66.82819214,1,0,2,,6,13.36634788,0,100,0,,5.149676642,0
53.73038712,2,0,3,44.43887209,0,,0,86.61507824,0,0,,0
118.5105945,3,0,3,50.49539741,0,47.55733763,1,56.14495494,1,0,4.404102642,0
134.5036838,3,0,3,32.18785268,20,,1,,0,1,,0
105.7113824,3,0,2,50.9163703,5,21.95003621,0,79.57992769,0,1,9.806617069,1
68.42987222,2,0,1,26.3953616,0,7.916816051,0,78.7364382,0,0,,0
83.03444064,2,0,2,32.46321282,4,8.48492167,1,71.29085173,0,0,5.56613212,0
83.60526417,2,0,3,25.58166713,8,14.4968048,2,62.39443427,0,0,4.211429387,0
39.12981033,2,0,8,64.5222065,5,43.08907431,0,65.30847634,0,0,6.91162398,0
159.5542927,3,1,4,40.0691783,3,31.5628448,0,77.49953953,0,1,3.796309345,0
190.6703849,2,0,1,33.33485963,,12.70906702,2,57.87679073,0,0,5.315076662,0
79.02826237,2,1,1,38.67685145,2,5.142199019,0,98.00150164,0,0,2.241037233,0
198.1293595,3,0,1,18,1,25.9759337,0,58.86750451,0,0,6.394496497,0
94.69546823,1,,2,24.72618088,11,24.84290459,1,72.77641279,0,0,,0
93.0772008,2,0,4,42.5793047,4,3.045938169,1,51.37815749,0,1,3.218269824,0
80.30066594,2,0,8,36.81394464,5,17.23956233,0,55.16544113,0,0,7.642892146,0
142.0310013,1,0,2,33.67139012,1,10.09475291,2,81.45806717,0,0,4.190926617,0
109.7512492,2,0,1,27.7855488,7,16.30071258,0,73.55594024,0,0,5.327076817,0
66.24108625,2,0,2,46.24036131,2,24.1400504,2,69.02194274,0,0,8.507451482,0
85.04091138,2,0,2,18,0,7.424846469,0,52.50011689,0,0,1.673564521,0
,3,0,3,18,1,4.62989156,0,88.56879568,0,1,6.433626985,0
77.49672643,3,0,4,26.38050452,,,1,55.90818268,0,1,3.3382831,0
62.04336692,1,0,3,42.57282352,2,0.998532503,0,58.58808665,0,0,2.607281968,0
102.8370842,2,0,2,28.68863512,,5.267935599,1,73.76878668,1,0,4.512009493,0
101.0443244,1,0,2,,0,61.7305974,1,,0,0,4.273938951,1
151.4980409,1,1,4,,11,33.76304886,0,85.70174338,0,1,5.531910413,0
177.5622633,3,0,2,58.14190004,17,1.91320162,0,81.60173569,0,1,1.916313012,0
195.0134212,2,0,0,37.48148327,3,33.04281686,0,85.74950449,0,0,6.974158335,0
237.7608872,2,0,3,48.34354884,3,20.87812966,1,88.68560425,0,1,4.508774901,0
83.18065273,2,0,1,,0,22.40125899,0,74.24744383,1,0,3.490366383,0
74.37329447,1,0,8,28.10063539,0,1.693033073,1,75.86479498,0,1,5.527340876,0
67.50865573,3,0,0,40.53310234,13,66.26729677,0,80.29514747,0,0,1.716054533,0
80.71636845,2,0,4,19.408891,1,7.314910219,1,58.64601015,0,1,4.744316442,0
101.8770921,2,0,6,31.97334391,10,19.04798291,1,86.30908054,0,,7.183591089,0
9.647930253,2,0,4,18.52817988,0,8.876321615,2,63.88482716,0,1,,0
19.36420644,3,0,3,47.99993836,0,5.082389872,0,67.86953829,0,0,6.854571137,0
31.84129977,2,0,3,30.48026357,4,51.98354642,0,69.82374794,0,1,4.49632062,0
147.5774885,2,1,5,18,1,52.11736617,0,49.66125519,0,0,5.21591036,1
119.368574,2,1,2,48.22198192,,5.118536141,0,71.41420834,0,0,,1
108.4327336,1,0,5,45.0963139,2,44.9746272,1,100,0,0,4.116995584,0
125.4844616,2,,4,18,,23.0235798,0,,0,1,2.986099208,0
134.4582229,3,0,3,,5,91.07115888,1,67.90568185,0,1,3.9685688,0
49.57756337,3,0,2,45.22891607,1,5.806110286,,86.73642046,1,0,4.80496986,0
134.0750349,2,0,3,24.98768253,5,54.49960999,0,100,0,0,5.032328129,0
122.9193352,2,0,7,42.89064829,0,,1,70.24034514,0,0,3.94334318,0
127.1280022,3,0,1,26.88636494,1,30.96191205,1,40.35585633,0,0,,0
,3,0,2,34.90758241,14,31.98521245,2,27.18251339,0,1,4.275533281,1
98.33850047,3,0,1,32.86496242,4,71.21125248,0,61.98128834,0,0,0.584782887,0
,2,1,5,42.32584463,8,4.636906883,0,79.55686722,0,1,2.56495957,0
75.78829636,2,0,1,27.14025557,4,67.83476836,0,83.33313013,0,0,6.799524405,0
119.9024108,2,0,4,41.81497881,,38.83913531,0,99.2351168,0,0,7.247582163,1
20.26220209,3,0,1,54.89763888,4,15.013604,1,76.02376273,0,1,4.492178148,0
27.95091827,2,0,,27.96334103,0,4.19428024,0,94.20613782,0,0,6.505235961,0
157.4318675,2,0,5,46.66832564,4,52.33058581,0,64.90043057,0,0,4.590541151,0
146.6095782,2,1,5,33.64562647,9,10.87243919,0,93.9917755,0,1,6.859697537,0
159.7523314,2,0,7,49.65517284,0,,1,72.04297396,0,0,6.528628151,0
147.8768582,1,1,4,36.12988727,0,8.993508291,2,60.60763523,1,0,3.408177578,0
32.44628169,3,1,1,29.9905,7,18.38709055,1,95.90824881,0,0,,0
193.430161,,0,3,50.45613446,,3.674940038,0,91.53194987,0,0,3.489453738,1
213.8543249,3,0,2,52.26888507,1,,0,56.57635275,0,0,4.358462636,0
111.1640457,2,0,5,27.73756824,6,,2,73.08836893,1,0,,0
210.1006962,3,0,2,18.80318634,0,14.63928909,0,100,0,0,4.586777061,0
123.577119,1,0,4,37.54168883,0,47.70167546,0,87.76504006,0,0,5.579536921,1
104.6489623,2,0,0,42.23494955,3,32.98966072,1,78.35193047,1,0,3.666399654,0
97.20397757,2,0,3,35.22038359,0,34.89615255,1,95.18806066,0,1,4.044682622,0
67.21561403,2,0,4,18,6,6.991212492,0,,0,0,4.586871087,0
123.9720759,,0,2,25.54046281,0,,2,96.60677379,0,1,4.20981558,0
71.15540652,2,0,3,51.02441018,2,0.951607352,0,93.24757409,0,0,4.347920712,0
85.16962705,2,0,4,52.83504449,3,10.77650565,2,,0,0,4.071079744,1
47.99006445,1,1,2,35.35111374,11,43.08750027,2,44.70377388,0,0,10.79282793,0
98.78007164,3,0,3,48.2448691,2,4.217330733,0,100,0,1,7.77136683,0
112.4708844,3,0,3,40.81375105,,7.8915166,1,70.86623483,0,0,,0
100.7789524,1,0,1,18,10,19.57401495,1,58.30351961,1,0,6.600138868,0
99.28648235,,0,1,26.03089553,7,10.48481869,0,63.80533625,0,1,6.385169767,0
105.3722187,2,0,1,46.29914987,3,1.974070066,2,88.02600482,0,1,2.194909621,0
175.1996494,1,0,3,50.61129286,27,1.344714172,0,61.98904247,0,1,3.281243838,0
127.58704,3,0,5,30.75457588,7,,0,43.11225282,0,0,4.328471754,0
,2,0,3,24.23699966,3,11.83452941,2,100,0,0,2.449537822,0
32.94676433,2,1,5,50.69952024,3,9.279607255,0,54.46782722,0,0,3.707433711,0
53.77670059,2,0,2,28.67647881,0,8.533191317,0,,0,1,4.24868983,0
47.89777939,2,1,1,,2,16.56407275,0,75.09975285,0,0,4.136719761,0
137.957758,3,0,2,44.67317699,2,12.53659112,1,63.66059951,0,0,,0
142.1919755,2,0,1,40.22610827,0,25.7234186,0,91.34513104,0,0,6.385227208,0
86.24741514,2,0,,37.94997989,5,13.53814668,0,100,0,0,4.594225565,0
,1,0,3,,4,10.01824113,0,54.5464299,0,0,6.293024924,0
145.6885811,3,0,3,63.80134131,0,,0,83.22644262,0,0,6.289879864,0
118.5030558,3,0,5,35.66826807,0,3.546558367,0,,0,1,6.658630082,0
32.64368552,2,0,2,18,1,0.31327536,0,67.33507725,0,0,7.497108795,0
,2,0,6,33.39571324,3,16.59960863,2,27.9719395,0,0,5.107964337,1
45.90428156,2,0,3,33.67437326,0,6.407922346,2,58.85522762,0,0,4.198321081,0
113.6210698,3,0,1,35.14319476,11,7.359978428,1,82.3894398,0,0,2.89733284,0
,2,0,2,18,2,,0,76.6877425,0,0,,1
86.00948288,3,0,3,35.24543842,,,2,100,0,1,7.878730369,0
183.6286193,3,0,6,40.99049965,4,49.85271508,1,94.98488206,0,0,3.534729723,0
154.1499969,2,0,2,22.52127618,1,21.61216331,1,,0,0,2.865188358,0
185.6020142,1,0,4,25.07814344,1,81.74502874,1,100,0,0,5.513737818,1
104.1493709,2,0,6,31.82223188,1,33.58008068,0,63.49881409,0,1,5.273970183,0
101.4595252,1,0,4,29.31220093,2,,0,87.14539173,0,0,5.363551737,1
116.5440116,2,0,1,42.59971983,17,28.36716907,1,66.14552542,0,0,4.923311213,0
94.6902955,,0,4,49.84405981,4,7.9462871,1,100,1,0,,0
1,3,0,2,,4,1.472403291,2,71.75813951,0,0,4.472891992,0
154.3190356,2,0,4,70.29868458,4,16.93782019,2,95.02012464,1,0,3.175260097,0
50.76726076,1,0,2,32.59954114,2,12.72822795,2,74.64730648,0,0,7.215560425,1
21.92533888,,0,4,,2,6.023494329,0,91.32539185,0,0,4.740883506,0
,3,0,4,30.54169058,,33.20809843,1,61.76243913,0,0,6.674327863,0
124.5752824,3,0,0,39.63621686,1,45.52491102,1,100,0,1,7.590835631,0
33.20687979,3,0,4,,0,27.02233675,1,89.75678972,0,0,5.925306728,0
74.08736806,3,0,1,,3,21.78664691,1,57.57192213,0,1,2.064001958,0
40.31815841,3,1,4,36.95395857,0,15.29873902,0,99.76335629,0,1,,0
1,1,1,2,41.36466909,0,39.79850868,2,62.89834211,0,0,1.219284809,1
34.75915548,1,1,1,18,7,16.33750376,1,67.89358791,1,1,9.704749577,0
182.1336477,2,0,4,33.24163754,0,57.82894685,1,69.37537072,0,0,5.025452985,0
123.6796215,1,0,2,19.53946024,5,0.752239682,1,39.22753683,0,1,5.944593763,0
,1,1,4,18,1,4.597937388,0,,0,0,9.147638679,0
100.72545,1,0,0,46.93394549,,46.66363724,0,62.90979257,0,1,2.170574854,0
178.2762015,3,0,2,,4,41.99883783,0,73.76497046,0,0,7.610604171,0
81.85807198,2,0,5,50.50866791,10,29.80961258,0,76.76764152,0,0,6.155406003,1
136.7238373,2,0,1,22.06846268,,3.358251512,2,100,0,0,4.645942453,0
11.57803172,3,0,6,,1,37.6890672,2,67.53818278,0,1,3.374341005,0
85.25251609,2,0,1,47.83959045,1,12.3223256,1,86.85439955,0,0,2.535554774,0
67.46787154,2,0,3,52.57874574,3,14.5000315,0,78.25718156,0,0,5.153086195,0
110.1617977,2,0,3,18,0,118.2053201,0,69.44840981,0,0,4.47380058,0
98.67393704,3,0,2,18,6,7.993606591,0,66.71941315,0,0,7.596640952,0
110.1164398,3,0,1,18,8,3.816388603,0,38.92725596,0,1,8.858838921,0
152.8028405,2,0,3,45.96123064,4,3.713314086,0,96.06192176,1,1,0.045370554,0
137.1047686,2,0,2,35.57390096,0,7.566335259,1,49.50202033,0,0,,0
169.1079496,2,0,6,18,,1.733959557,1,53.72923707,0,0,3.802054884,0
,3,0,8,33.20047295,9,34.31744511,0,62.2670328,0,0,6.804456236,0
60.35635839,3,0,3,61.73454624,3,90.21422155,0,77.91453269,0,0,,0
134.8987015,3,0,2,32.63844187,3,73.95408451,2,49.21830857,0,1,8.224737606,0
54.47566482,2,1,4,57.12939274,1,,0,73.52571394,0,1,5.655271203,0
101.9723524,2,0,1,,,32.30201666,1,42.49279588,0,0,5.172881023,0
45.0795391,2,0,3,34.27157362,9,133.0277615,0,48.21189111,0,0,6.782704585,0
123.9680477,3,1,2,18,6,22.62481911,0,100,0,1,3.701999642,0
56.58695192,2,0,3,,1,12.74739944,0,65.62299753,1,0,3.587770202,0
43.937813,2,0,3,42.10728568,2,,1,100,0,0,,0
51.71675982,1,0,1,60.56126434,8,13.35995401,0,48.93636846,0,1,,0
94.45937199,2,0,2,18,4,46.03938852,0,100,0,0,5.944816603,0
202.4906048,3,0,2,33.20050251,7,5.957929819,0,73.99693915,0,0,3.943520266,0
87.09957319,2,0,2,18,0,2.295447414,1,85.4949029,0,0,,0
119.9568057,2,1,5,31.42441802,7,11.73664777,0,74.17515788,0,0,6.733019477,0
217.4537893,2,0,1,36.9438484,6,,0,82.38793259,0,1,3.601463487,0
76.49789261,2,0,3,42.43610769,1,,2,100,0,0,5.434895837,0
84.36657771,1,0,3,37.02914274,10,29.10294379,1,65.20624885,0,0,4.839180375,0
96.79059114,2,0,4,41.34743986,4,11.31070608,0,72.27535551,0,0,,0
75.84694742,1,0,0,55.35365041,8,40.15926014,0,71.22875376,0,0,6.788553823,0
176.5097599,2,0,1,25.30804668,7,16.25770066,0,100,0,0,3.375845819,0
1,,0,2,,0,58.32678849,0,45.48427688,0,0,4.190967588,0
170.546619,2,0,3,27.2225798,0,37.94005479,0,90.36591925,1,1,5.263137432,1
150.4908545,3,0,4,42.46219523,0,70.78458824,0,96.24246345,0,0,,0
103.2237207,,0,2,32.39711414,0,13.09787279,0,52.3758664,0,1,4.708488429,0
124.7352827,2,0,4,40.8460772,3,12.72199731,0,75.97483352,0,0,4.277216279,0
113.5228413,2,0,3,47.06023494,0,2.199039354,1,92.04311808,0,0,7.187785028,0
120.1865045,,0,3,25.17406161,,7.993223156,2,65.47838227,1,0,5.062608767,0
30.86001345,3,0,4,23.94060158,0,35.77411685,0,81.01643136,0,0,3.749271991,0
53.70550481,1,0,1,38.01387556,2,83.49135711,0,83.4850851,0,0,5.432053622,0
169.623265,2,0,3,20.8671277,1,12.3018288,0,52.54348826,0,0,5.955647738,1
101.6002075,3,0,,,1,3.493001397,2,79.38408558,1,0,5.9133553,0
1,2,0,9,,5,36.03706604,1,90.87294453,0,1,5.569436675,0
94.68314987,2,0,3,39.08679952,0,112.3642821,1,42.21686653,0,0,4.905314858,0
88.47996429,2,1,7,35.06407371,10,2.940085415,1,100,0,0,5.793427101,0
183.4961391,2,0,4,47.17341987,2,23.04205619,1,,0,1,6.556682834,0
150.3721987,2,0,3,30.56832671,9,105.3304394,0,33.20746213,,1,4.181221021,0
80.92552926,1,0,3,,1,,1,98.55146351,0,0,6.071573185,1
98.62425475,3,0,3,35.23823962,3,4.393397894,0,69.78832287,0,1,4.732430409,0
,1,0,0,21.45031599,7,7.673754017,2,75.2921833,0,1,4.284010614,0
84.89772503,2,0,6,18,,19.29251205,0,68.71622571,0,,4.681879511,0
89.3895515,2,0,3,24.98248496,2,2.920730034,1,42.50852553,0,0,,0
131.8802906,1,0,1,32.70874876,4,8.665324477,,47.49842174,0,0,4.356067022,0
33.29872525,2,0,2,18,4,40.02758882,0,56.08484741,0,0,5.308566576,0
134.8793485,1,1,0,46.86642128,7,59.35977421,0,100,0,0,10.11130389,0
54.08939167,3,0,7,55.6468006,6,6.799803211,1,40.68476444,1,1,6.288855993,0
183.0629607,2,0,3,,3,0.790989039,0,75.95371856,,0,3.238527449,0
53.10372117,2,1,4,18,1,26.07093273,0,70.36133746,0,0,8.325854888,0
155.1938672,,0,5,37.38124802,5,1.490027169,0,85.76083477,0,0,2.86001206,0
102.7467055,2,0,4,45.27869056,4,,1,68.23603747,0,0,6.508123112,0
172.1882302,2,0,2,18,17,,1,82.7046556,1,0,5.3917858,0
1,2,0,2,23.41451782,2,2.21216353,1,97.1373249,0,0,4.858875354,1
134.0681163,2,0,3,37.14353791,1,13.1448635,2,64.14925992,0,0,7.470363628,0
120.4126378,2,0,5,44.79940945,4,21.56890234,0,21.67020736,0,0,6.282809208,0
129.4038338,3,1,4,33.3153803,4,0.206113992,1,98.47954893,0,0,5.42614996,0
65.59248274,3,0,1,58.00819942,5,16.54575274,0,87.56523486,0,0,8.734218444,0
151.8590703,2,0,3,45.64107226,4,25.35264466,0,,0,0,3.715963454,0
39.64891761,,0,3,37.61256641,0,13.91645308,,85.98617692,0,0,4.028530577,0
136.6246051,3,0,7,18,1,39.55905656,0,76.25302763,1,0,9.775755024,0
,2,0,6,43.68556277,1,8.485428401,1,100,0,0,5.32674566,0
1,3,0,3,39.26782305,4,6.09612833,1,77.88660684,0,0,6.561184629,0
81.24018098,1,0,3,30.94078213,8,,2,,0,,5.385032761,0
157.438285,3,0,5,35.00184582,,20.76895953,1,51.6593895,1,1,6.600607715,0
63.29131006,1,0,3,53.46513966,1,0.114359087,1,100,0,0,,0
128.195456,1,0,4,69.92546678,7,19.31930173,0,62.85205856,0,1,1.920147358,1
168.5268072,2,0,4,46.14464242,10,14.78879743,2,80.57978181,0,0,2.811062657,0
83.04388604,2,0,2,46.29584265,17,20.21287202,0,93.05890103,0,1,5.552196246,1
159.3072737,1,0,4,34.3823621,15,21.00338537,2,60.09180054,1,0,4.930201155,0
,3,0,2,,3,65.84991146,2,100,1,0,3.952052747,0
52.12155225,2,0,7,74.05568052,0,0.960759039,0,,1,1,8.064463295,0
142.3385388,3,0,3,54.69315941,0,22.30987272,0,46.32784191,0,1,4.98605942,0
40.10167854,2,0,3,31.50468201,13,4.435449103,0,46.86679641,0,0,5.251474922,0
109.2316929,3,0,3,37.67079242,0,12.28365483,0,93.76675745,0,,5.36648409,0
143.9481987,2,0,3,60.25229349,1,36.46778182,2,81.49589764,,0,4.55097045,0
68.08586367,3,1,2,37.9237708,0,3.695889781,0,75.22240167,0,0,7.209846351,0
63.0114418,1,0,10,47.26702142,5,26.79072767,1,86.97209772,0,1,4.421229721,0
39.83995723,2,1,2,30.42503444,32,18.97771805,0,,0,0,5.744133783,0
107.5150881,2,0,5,33.4411237,5,12.45525954,0,95.84243672,0,1,5.039901756,0
50.64102364,3,0,1,,4,23.56934823,0,93.18497176,1,1,6.679978672,0
83.43458084,3,0,6,18,6,14.7821779,0,51.74498808,0,0,3.662494905,0
115.3701785,,0,6,43.60800861,2,29.96316,1,65.61610416,0,0,2.940822137,1
91.96844402,2,0,0,,0,62.33731765,0,89.34150048,0,0,6.741601993,0
76.54121739,2,0,2,34.5115996,1,13.42771421,0,100,0,0,6.113696822,0
102.1520435,2,0,1,,5,79.51142636,0,61.72631545,0,1,4.779659282,0
,2,0,2,29.59031118,7,46.25379129,1,100,0,0,6.507703718,0
114.8613611,2,0,4,18,11,18.89705644,0,61.7167268,0,0,4.781398985,0
70.53338843,2,1,5,35.14763878,1,,2,,0,1,,0
92.07352135,,0,1,23.0780764,3,20.47229115,1,85.81702214,0,1,6.319802953,0
155.9447299,2,0,4,20.14098274,0,29.28736696,0,75.00764779,0,0,6.80415161,0
41.48596468,3,0,1,50.65192977,18,1.500562937,1,54.14879652,0,0,,0
74.49918006,2,0,3,58.7142205,9,40.85306592,0,94.44082441,0,,5.100426294,0
179.1058376,1,0,6,36.45943308,3,1.308538412,0,78.98263183,0,0,6.048703336,0
209.2048367,3,0,1,18,0,16.17477704,2,58.3436659,1,,6.96404534,1
,1,0,2,60.48899876,2,,,51.94508743,0,0,7.189653328,0
6.327934802,2,0,1,18,2,27.49791295,0,97.37785109,0,0,7.619060124,0
,2,0,2,26.98242269,7,41.73135445,0,66.59907459,0,1,7.631989264,0
134.2753869,1,0,2,36.51388703,11,,0,97.87444731,0,0,,0
45.41495619,1,0,2,47.49826907,0,17.98366572,0,65.61434218,0,0,5.875791206,0
138.025306,3,0,3,43.82812961,9,,2,56.92608988,0,0,5.803007174,0
51.23169864,2,1,0,43.18590313,2,,0,62.4430422,0,0,6.291154596,0
107.2760599,,,2,40.08748483,12,0.937264846,1,56.70269065,0,1,8.283658048,0
124.6827424,2,0,2,,3,,1,95.45666285,0,0,2.357345173,0
153.518258,1,0,1,20.63441341,0,78.82528158,2,89.22454941,0,1,5.670437582,0
9.812475795,2,0,2,32.21291124,,1.062115785,0,,0,0,4.794921684,1
112.1976599,2,0,4,40.52040709,6,5.617714684,1,81.91003673,0,1,2.65140842,0
116.7984087,1,0,2,27.03364429,0,32.97810199,0,65.53487906,1,0,4.649048023,0
22.23131331,3,0,5,22.87293068,3,41.17905932,0,,,1,4.808466326,0
37.28552884,2,0,2,21.21312216,1,33.59169138,0,37.11985912,0,0,5.862416546,0
84.71904445,2,0,,18,2,29.40612897,0,43.35813118,0,1,,0
131.9365111,1,0,2,43.21088849,2,,1,56.68494195,0,0,,0
61.50019669,2,0,3,21.61243511,0,,0,61.99628571,0,1,4.17277029,0
,3,0,1,35.42453539,,5.345613492,2,48.5834078,0,,2.879570104,0
71.48243168,1,0,4,,,52.49539677,0,100,0,0,6.48382839,0
45.74247367,2,0,2,49.09971492,1,44.47787187,2,98.63232385,0,1,10.38706457,0
121.7470519,2,1,4,28.4670548,3,8.562272294,1,67.40781862,0,0,6.970733665,0
33.16372806,2,0,0,45.93866676,0,11.60182319,2,75.12204016,0,0,7.524628647,0
61.10916562,3,0,1,55.79437137,6,3.746908551,1,43.6228759,0,0,5.072254664,0
145.7695138,1,0,6,,2,4.092072698,1,100,0,0,4.257807167,0
133.9465645,3,0,4,43.192487,1,2.589948763,0,77.97208396,0,0,5.056714,0
73.01201598,,0,0,33.52998617,2,36.90241068,0,,1,1,3.651714388,0
23.29429146,2,0,3,26.55970716,2,14.76133368,2,81.25406984,0,1,6.62550376,0
64.61870526,2,0,5,43.9865152,13,18.8842509,0,80.02552673,0,1,2.35317,0
,3,0,5,39.73971397,2,6.03814132,0,79.55124449,0,0,2.914194912,0
,2,,1,31.59646494,3,14.72258661,1,79.99714857,0,0,3.826728801,0
172.6692239,3,0,4,28.42842996,,4.151337805,1,79.61205523,0,0,2.427993652,0
81.09960505,2,0,1,37.54833422,4,11.15834707,2,44.91436031,0,1,7.504608987,0
117.7834474,2,0,2,26.94063957,,34.91661985,0,63.06737878,0,0,5.024825011,0
105.4697397,2,0,5,62.71355365,3,19.67128808,1,70.82722323,0,0,7.83630905,0
90.38195176,2,0,2,38.97551074,2,10.19796554,1,94.44738788,0,0,4.352450087,0
105.7837317,2,1,0,41.966322,10,32.05450463,1,85.19591085,0,1,7.066204506,0
134.6361378,2,0,5,69.89478287,0,12.83044789,1,84.12094708,0,0,3.591388771,0
154.0024033,3,0,2,42.80343679,1,,0,81.49064003,0,0,6.413256587,0
142.6582653,2,1,2,21.91482759,2,7.623644862,2,51.12646238,0,0,,0
117.9737899,3,0,4,35.04014608,7,39.35231228,0,100,0,0,3.848270304,0
1,3,0,3,23.57063306,8,5.817113698,0,97.44867553,0,0,,0
59.87849801,3,0,2,37.03326447,2,6.793012947,1,,0,0,2.089895602,0
27.80725919,3,0,3,35.15799789,0,5.555561884,1,83.46117698,0,1,8.390681614,0
152.6820898,2,0,2,54.29585116,8,5.695278207,2,65.65644535,0,1,5.991247341,0
,2,0,4,43.08696647,,1.620246094,0,62.97937317,0,0,4.826903788,0
,2,1,7,20.18402779,3,4.365208562,0,,1,0,4.593047037,0
190.3598322,2,0,2,53.8376851,19,11.96223037,2,71.4806485,0,0,2.159239775,0
,3,0,3,18,1,,1,88.52749757,0,0,3.674041715,0
167.8291693,1,0,3,18,1,67.94690846,0,39.76934696,,0,6.724697005,0
74.85126147,3,0,2,41.9865509,4,24.97455424,1,91.67399398,1,0,8.21561473,0
107.8563959,3,0,6,32.40817992,5,16.73265822,,57.25969077,0,1,7.08782467,0
35.26592621,2,0,3,36.75017878,3,47.78705496,1,70.9471792,0,0,1.674953526,0
,2,0,4,20.88406975,4,11.61154291,1,82.84925201,1,1,,1
168.1688257,2,0,3,39.75138072,9,,,31.35799148,0,1,6.252865521,0
47.21802551,3,1,5,59.03285567,5,19.85790634,1,36.72767478,0,1,,0
24.37355174,2,0,3,28.29820687,1,11.52528661,1,69.85783529,0,0,2.592394729,0
,2,0,1,28.33649058,6,17.30269308,0,88.88490616,0,1,5.526791127,0
90.84247645,3,0,2,24.73084963,10,23.83871645,1,79.95923329,0,1,2.285364156,0
,3,0,2,41.25027254,12,6.132358535,0,90.47987137,0,0,5.576279573,0
117.0830116,1,1,6,18.48078322,1,12.47880866,0,81.1304895,,1,6.040071406,0
56.82531975,2,0,4,22.04733651,,8.296010443,0,90.92594172,0,1,2.710578841,0
21.87270716,3,0,3,,24,,0,50.02038688,0,0,4.439216827,0
96.89044915,2,0,2,41.38037803,4,5.904981325,1,100,0,0,,0
,2,0,6,23.70979502,3,,2,100,0,1,5.286887854,0
134.6608801,1,0,4,18.93437247,5,0.985639589,0,92.75374106,0,0,,0
110.0579828,3,0,3,22.28663182,0,5.074558731,1,55.5475214,1,0,6.470473711,1
72.22614404,3,0,3,36.885038,2,1.294546697,2,55.40251505,0,1,3.294346673,0
,,0,1,44.86958807,0,10.14004717,1,46.06766838,1,0,7.099786716,0
156.3843147,3,0,1,18,5,42.51426959,1,75.48954627,0,0,4.258606357,0
132.4354944,1,1,2,26.67849358,3,8.672944757,0,90.50206814,0,1,,0
127.2893357,2,0,4,61.6977355,11,,0,97.15513972,0,1,2.523356129,0
59.29946654,3,0,2,57.5548491,2,36.96870207,0,78.42543555,0,,3.81694846,0
59.12959328,2,0,5,29.65659113,0,12.31179363,2,66.63969068,0,0,4.705497559,0
92.64713092,3,0,4,33.12544045,2,3.281534245,0,65.37325014,0,0,3.051578059,0
92.04773948,2,1,5,36.34061928,16,36.67007982,0,68.60103214,0,1,5.766252972,0
160.9485395,1,0,2,,10,10.42974394,0,77.35416577,0,0,5.92386917,0
1,3,0,4,,,16.87474022,1,65.50355271,0,0,4.671929173,0
31.65606508,2,0,2,18,0,,0,99.54699335,0,0,4.361090519,0
,1,0,1,,0,9.36159512,2,90.20101347,0,0,2.79341546,0
124.1033364,3,0,3,38.78428753,3,2.408312597,1,64.42189762,0,1,8.614902118,0
57.68216725,3,0,2,45.99389202,10,,1,89.45986047,0,0,,0
4.01634219,3,0,1,40.3838411,1,9.862971076,1,,0,0,4.361331015,0
142.9007098,2,0,2,,2,21.29486845,1,75.9752666,0,1,,0
114.9079233,2,0,3,18,0,,1,74.85489893,1,0,7.124179575,0
8.51590924,1,0,3,33.2294019,2,15.19952156,1,45.94514275,0,1,3.090001729,0
119.0389036,3,1,1,,0,46.42209931,2,68.29091601,0,1,0.038666745,0
,3,0,3,56.06643259,4,104.4124725,0,,0,1,7.146952415,0
148.2698742,,0,1,47.5919737,18,23.58086687,2,53.55751874,0,0,7.74952635,0
157.4836009,2,0,4,39.3504052,13,0.127901672,0,92.57182877,0,1,6.823297588,0
62.46351965,1,0,5,29.51940224,7,33.41154481,2,18.11281011,0,0,3.455384048,0
89.73579903,1,0,5,,5,7.519171017,2,87.73756852,0,1,5.513498276,0
79.81757684,1,0,3,56.31149572,10,18.64744594,2,56.20462388,0,0,,0
30.36322639,2,0,1,28.73221261,0,10.38005431,1,78.94566175,0,1,4.701840778,0
134.6459312,2,1,3,,14,10.37255515,0,71.7138251,0,0,5.589271468,0
159.6253756,3,0,3,,2,6.680791202,2,94.03502156,0,0,4.89824378,0
44.68532438,3,0,4,23.63607454,7,6.630518627,1,100,1,0,5.774564442,0
110.515152,2,1,0,57.62052844,7,9.314515274,0,94.11673131,0,0,4.824305436,0
60.6412965,2,0,5,26.75211382,2,2.349619607,0,79.52413574,0,0,5.91384443,0
,3,0,5,18,5,20.03107917,2,44.63592449,0,1,,0
86.4342511,2,0,7,42.2502417,5,1.733271653,1,27.9348661,0,0,9.568943591,0
80.67291921,2,0,3,30.60607047,3,26.4213202,1,81.87849089,0,1,3.246024137,0
102.5443851,3,1,5,33.33213339,9,47.4151992,1,80.74915642,0,1,1.398936867,0
120.0117928,2,0,2,19.45343952,7,2.350839221,1,96.11749962,0,0,3.425507716,0
152.4353563,3,0,0,24.15940796,0,97.40972262,0,60.46613568,0,0,6.680974394,0
54.10119477,3,0,4,29.93438362,0,20.59133764,1,70.70705425,0,0,1.723334227,1
35.52597064,2,0,3,18.85892198,0,,0,72.0385847,0,0,7.021354684,0
79.24498555,,0,4,18,14,19.92840761,0,100,0,0,4.755349545,0
103.9288515,,0,4,29.72812453,0,32.97655813,0,76.32760331,0,1,4.984361647,0
1,2,0,2,31.92411856,2,,0,60.47891841,0,0,,0
30.40208095,,0,6,53.92374941,4,,2,59.24309041,0,0,2.954762392,0
116.1487252,3,0,3,35.57580168,1,5.065524925,1,26.22571096,0,0,5.356992677,1
78.41898436,2,0,2,33.11790253,3,0.849110063,2,100,0,0,1.230303414,0
97.12411235,1,0,7,,5,2.431462345,1,67.97643821,0,0,6.104105584,0
64.39130679,2,0,1,27.46525848,,21.8235685,1,68.45147079,0,0,5.71305975,0
58.47777967,2,0,1,38.31551815,6,,0,69.30982339,0,0,2.017236734,1
116.9248204,3,0,3,,9,11.41280015,0,26.79373844,0,0,8.125028698,0
159.8315743,1,0,5,29.7692028,1,16.33132265,2,100,,0,2.742286497,0
136.9590247,2,1,3,58.14863134,12,8.896007118,2,65.51852899,0,,5.66992595,0
128.6003139,1,0,5,36.31422532,1,2.774951259,2,78.58454017,,0,5.435573289,0
62.05146505,3,0,1,30.9762238,1,18.54404734,1,93.41313722,0,0,4.73443301,0
161.5000286,3,0,3,34.59576415,0,42.55723539,2,83.43667891,0,0,5.395262839,0
94.25988756,3,1,4,29.33024379,9,4.187024797,0,91.33230587,1,,5.166055013,0
139.200139,3,0,2,,1,,,68.8667419,0,1,3.359586956,0
42.8490344,3,0,3,48.02844261,2,15.34249854,0,56.52976095,0,1,4.916867478,0
78.95077596,2,0,3,38.76887392,1,35.87553414,1,62.41013441,0,0,6.174832861,0
160.1288253,2,0,3,32.12435287,0,7.968515154,0,52.90415208,0,1,4.433344047,0
125.2143927,1,0,2,25.77972866,1,21.48200784,,80.12325297,0,0,0.133479554,0
73.04386484,3,1,2,40.76416334,2,3.269317298,1,96.15760373,0,0,1.121646306,0
88.05259766,2,0,5,21.1548135,16,28.60954436,1,71.46828469,0,1,3.631581094,0
100.9672035,2,0,4,52.12764861,0,3.551267425,1,65.5676454,1,0,6.06447171,0
82.53711478,2,0,2,19.4883545,7,76.39173667,2,74.06430207,0,1,2.964049306,0
164.8497273,2,0,6,42.66377703,,6.529379636,0,58.59385784,0,,2.056743621,0
203.7630436,3,0,2,23.60284272,11,5.811957974,,34.41421512,0,0,7.202495761,0
124.8349612,2,0,1,30.62805155,2,0.559018297,1,0.4771745,0,0,4.413245555,0
50.43038253,3,0,5,42.6315555,1,8.135390203,0,,0,0,4.481327791,0
210.9390117,2,0,4,,4,29.98815346,1,86.73815911,0,1,7.874385786,0
25.26219268,2,0,3,18,2,1.444296248,1,84.06059755,1,1,,0
98.26441151,2,0,2,47.21935257,12,1.426685335,0,76.99378897,0,0,3.036222372,0
7.956288433,2,0,5,31.45107059,0,1.739660831,2,96.56508085,0,1,7.069690175,0
,2,0,4,,12,31.6309547,0,73.01247308,0,0,4.834614164,0
128.8225673,2,0,2,29.0590572,2,18.61797427,0,100,0,0,5.276062426,0
7.349075855,2,0,4,26.26543032,9,22.10250037,0,53.98980328,,0,2.674629514,0
103.6437049,1,0,1,41.40939672,3,16.86444695,,54.39130315,0,0,4.544760607,0
91.19332482,3,0,4,26.8153904,1,9.817464363,0,80.44764234,0,0,5.295591776,1
,1,0,1,50.80735981,4,50.22581026,0,100,0,1,4.172560804,0
137.5966516,1,1,4,50.19053707,14,30.2927241,0,53.32374006,0,1,4.900659775,0
88.20417353,3,0,2,35.4679476,,9.042743786,2,48.8438686,0,0,2.431688211,0
,3,0,2,24.2280884,6,44.87892879,0,100,0,0,,0
118.2697121,1,0,,31.00573913,5,,1,88.49911841,0,0,4.234303833,0
98.42407433,3,0,1,32.84626167,0,73.64593873,1,79.08676257,0,0,7.465238323,0
17.25716641,3,1,5,51.64232843,11,22.04194927,0,,0,0,2.892941715,0
,2,0,2,31.95107345,6,11.73611765,1,69.60151582,0,0,7.338922367,0
70.16854707,1,0,3,24.6054438,1,49.43104788,0,,0,0,8.347259976,0
,2,0,4,41.49945683,12,4.873494077,1,38.7775635,0,0,5.342637302,1
1,3,0,3,45.19226801,13,0.530044964,0,85.41276336,1,0,3.374169636,0
,3,0,3,34.78322058,5,8.62492879,0,,0,0,7.396335581,0
73.8934215,,0,4,33.64724431,1,51.06344854,0,88.41684697,0,0,3.004831898,0
,1,0,2,,1,16.61089837,0,53.13925099,0,0,,0
88.75734721,2,0,3,41.93078952,10,7.873073576,2,87.70616307,,1,,0
88.29233126,1,0,1,51.60619191,1,5.092087499,1,93.78680773,0,0,6.556162096,1
64.52794988,3,1,2,37.69246555,1,1.609311885,0,51.67185068,0,1,,0
12.67666372,2,0,2,18,0,1.364875753,1,100,0,,7.298530189,0
93.03013997,2,0,4,51.75677082,6,14.84850381,1,,0,0,2.997244466,0
115.3225431,2,0,1,35.48440428,2,19.86563941,1,70.89048109,1,0,3.629622196,0
41.22026972,2,0,2,22.14822283,1,22.5051185,1,71.99069974,0,0,,0
65.5136113,2,0,3,18,4,45.73176477,2,61.62360426,0,0,3.976768312,0
50.24130201,2,0,3,47.2868256,4,16.37283257,0,62.1030702,0,1,7.894373232,0
81.72470315,2,1,4,38.50523679,2,9.7639599,0,78.84357701,0,0,,0
156.1187109,1,0,5,32.85020827,,,2,87.38892468,,0,,0
160.1225624,1,0,5,55.1620123,2,3.635983412,,45.54778891,1,1,,1
95.47333588,3,0,4,35.72154722,17,55.6669258,2,71.40552308,0,0,3.664482806,0
,2,0,2,30.07502154,4,64.27770787,0,61.78515789,0,1,3.249147286,0
149.7986839,2,1,1,,0,12.8038829,0,62.38189317,0,0,,0
121.8117852,2,0,2,59.01763021,6,,1,,0,0,3.9534771,0
179.7252532,2,0,1,18,8,14.86465125,0,,1,0,5.237621121,0
102.3001374,2,0,5,19.87577787,1,13.05599651,0,79.60107658,0,0,7.132778998,0
141.4702791,2,0,0,30.2520762,2,27.17587399,1,70.88611898,0,0,,0
72.35395813,3,0,1,18,2,25.72395226,0,83.77059706,,1,4.73839732,0
,2,0,4,44.07607244,9,53.55628579,1,61.23238554,0,0,,0
,2,0,1,32.60138148,2,6.016706835,2,85.09775804,0,0,6.520833556,0
159.4508266,2,0,6,26.64475386,,,2,87.15394892,0,1,3.928405841,0
68.66413877,2,0,5,35.11920171,1,,0,67.96479936,0,0,2.88096643,0
75.44231264,3,1,3,26.18577281,,42.12444742,0,98.06395771,0,0,7.859620996,0
45.04776242,2,0,,30.24999501,4,0.887387084,1,50.79985664,0,0,2.551403082,1
92.83705423,2,0,3,45.75483143,8,16.30123441,0,,1,0,3.203903008,0
46.07436293,2,0,5,40.99244466,1,3.087404528,1,86.48565828,0,0,,1
169.2136409,2,,4,20.10830049,6,,0,90.74779782,0,0,-0.053768038,0
52.89699082,2,0,3,40.11062231,4,,0,50.54672503,1,1,3.859500956,1
,1,0,2,63.43296359,4,0.530714786,2,64.50759591,0,0,6.187615197,0
154.5490213,3,1,3,29.30337729,0,37.70717377,0,88.69503345,0,0,2.927129342,0
183.8688544,,0,4,33.74083856,1,,1,95.38376837,0,0,6.390579842,0
76.8530244,2,0,3,42.82982489,2,8.420094416,1,96.63057613,0,0,4.720220611,0
44.173778,2,0,3,24.59360692,,27.46385058,0,76.50588801,0,0,3.45660961,0
81.3662208,2,0,3,52.76129554,1,10.24383066,1,70.84010807,0,0,4.714976982,0
113.9541929,3,0,4,47.97091128,2,33.78901583,1,42.27964875,0,0,3.455117465,0
100.1143968,1,0,2,18,2,70.86880765,1,60.0381426,0,0,5.223563596,0
160.2997258,3,0,7,42.2935975,6,55.39446713,0,80.49449195,0,0,,0
,2,0,8,55.90753183,1,14.89403783,1,74.12245223,0,1,5.893023509,0
61.83704217,2,0,2,37.70042009,,14.83564794,0,62.3843976,0,0,5.413500511,0
174.3623078,3,0,4,24.47302976,9,74.73656315,,57.82651518,0,0,2.855319918,0
1,3,0,1,48.63920987,0,3.624809506,2,76.45699411,0,0,7.48422702,0
5.907547725,2,0,2,,2,24.59468961,0,43.37962676,0,0,2.453777764,0
60.14432169,3,0,5,,,24.87038311,0,,,0,,0
80.77222279,2,0,4,18,1,68.40269922,1,44.84124333,0,0,7.191177875,0
95.97001254,1,0,5,18,,0.142381243,0,100,0,0,,0
88.08831625,,1,2,33.04384126,0,26.51758907,2,72.98429532,0,0,1.395538494,0
,3,0,5,18,6,11.45061479,1,85.6667089,0,1,,0
109.5948868,3,0,3,39.85234296,8,53.424333,1,51.49889518,0,1,6.712129835,0
,2,0,1,35.5999786,7,53.05479071,2,,0,0,1.960975814,0
127.9895224,2,0,4,20.88324882,0,,0,91.14131048,0,0,5.388196467,0
122.4317882,3,1,0,26.83208394,1,70.90450088,1,97.28756179,0,0,6.30793133,0
87.45834918,3,0,2,28.07067427,2,16.69228593,1,76.92667103,0,0,6.102290641,0
,2,0,2,18,7,32.36361725,0,100,0,1,4.876495392,0
114.6536237,3,0,4,30.99565539,7,1.884449715,0,74.24239197,0,0,4.799483436,0
76.44376741,2,0,2,20.57126734,0,5.675997136,,,0,0,6.52032697,0
76.76913514,2,0,5,37.53931313,23,33.90280168,1,61.25699243,0,0,5.754347165,0
78.78818333,3,0,2,75.5109342,,,0,72.14571619,0,1,5.704194775,0
60.88230387,1,0,2,18,,,2,56.5936625,0,0,3.005229575,1
,3,0,3,63.63698806,12,12.05440599,1,93.05496883,0,0,7.157178233,1
89.21952107,3,0,1,,8,7.850304316,0,75.48462493,0,0,2.995009792,1
56.00928232,2,0,2,50.00123095,0,23.52110105,0,97.79042873,0,0,4.565182566,0
81.49944851,2,0,2,46.0793683,6,39.89077491,0,55.9841885,0,0,5.80925428,0
57.46933735,2,0,3,35.47640741,2,8.198532738,2,55.13576087,1,0,7.783295492,0
82.4243258,2,0,4,66.54454515,0,32.42504721,1,53.89436988,0,1,3.858909418,0
30.92041408,1,0,6,54.64632724,6,13.48109526,1,81.67458489,0,0,,0
1,2,0,2,35.04928602,7,21.97590217,1,66.28614883,0,0,7.946205581,1
70.86206712,3,1,3,25.87295328,14,13.47981287,2,75.11995413,0,0,8.477816877,0
71.68511352,3,0,3,18,11,39.94210214,0,100,0,1,,0
,1,0,0,50.4307053,5,,0,94.28095635,0,1,1.712220343,0
70.53641741,1,1,4,,0,121.7602721,1,58.07963601,1,0,6.958873519,0
158.2030076,3,0,,33.44029927,1,119.3890344,0,57.25207345,0,0,4.888528285,1
43.32894909,2,0,4,33.06058984,7,33.53219889,0,100,0,1,4.379662677,0
105.2876896,2,,2,55.00758386,8,4.668650761,0,61.86978485,0,0,2.766052314,0
139.2900079,2,0,2,29.73310633,0,23.7903452,0,70.0008709,0,1,6.233062555,0
152.5973809,1,0,6,29.27029475,0,62.42455106,1,55.06146997,0,,5.560750995,0
77.6742524,2,0,4,,2,0.229500485,1,59.24742799,1,1,3.13763194,0
135.0586371,3,0,3,62.80396841,0,13.53078082,2,96.30833283,0,0,,0
104.2259238,2,0,4,71.91574671,2,62.66164868,0,86.39806771,0,0,3.505421199,0
90.75489318,2,0,2,47.0753835,1,49.5224145,0,72.66931252,,0,2.030825161,0
55.13734969,2,1,5,64.13762889,0,33.20833575,1,43.14143126,0,1,,0
61.31054004,2,0,1,24.13672151,1,23.36372856,0,100,0,0,4.217547511,0
70.07812097,2,1,3,32.87878532,,50.98806967,1,79.79201376,0,0,0.640448872,0
71.99094799,1,0,2,28.34633138,1,1.73237416,0,,0,0,4.214390926,0
69.63227834,3,0,2,,3,6.412508818,0,,0,1,5.018790413,0
125.4841539,,0,3,23.54832607,2,9.331455593,0,76.83913117,0,1,7.460546986,0
138.5849355,2,1,4,39.49467465,1,41.21612477,,57.21600475,0,1,2.455064378,0
144.5028866,3,0,3,19.05412555,4,42.58365313,0,100,0,0,4.259347556,0
107.5703695,2,0,7,34.53685706,5,,1,,0,0,,1
79.59495804,3,0,4,44.41152875,5,62.63690753,1,85.70168717,0,0,,0
29.88153583,1,0,0,28.19854465,4,62.63778204,1,,0,1,6.187342025,0
117.3251941,,0,2,40.65997813,2,22.2712718,0,67.20446449,0,1,,0
146.0900751,3,0,3,,3,37.09917057,1,100,0,1,0.084986953,0
123.6203139,3,0,1,,1,1.913819331,,67.99263659,0,0,2.229092684,0
49.26216347,2,0,1,21.15987875,9,0.052702424,1,63.70780048,0,0,,0
49.35844398,3,1,2,18,1,17.59395891,2,63.53096143,0,0,4.261790123,1
75.82192581,2,0,3,25.44858748,4,2.252686085,1,72.40789821,0,0,3.475268056,0
116.0498782,2,,8,42.25567956,4,11.70382898,0,100,0,0,2.306804652,0
88.71718096,2,0,2,41.16981525,5,19.06186147,0,,0,1,4.230710552,0
73.26216646,2,0,3,56.13287896,,16.92357885,0,36.47896965,0,1,6.142262541,0
25.72198135,2,,5,18,5,,1,,0,1,5.483973049,0
100.9200815,3,0,4,37.46291098,7,15.53191638,2,100,0,0,6.450764272,0
135.7587195,2,0,4,48.40062215,,9.10614241,0,56.73471398,0,0,7.289252776,0
90.58987806,3,0,5,35.76366276,0,,0,53.37339387,1,1,,0
122.385428,2,1,6,38.00211984,6,18.92512156,0,63.02627585,0,0,,0
175.0421515,3,1,5,43.62053496,2,14.75907458,2,74.60175359,,0,3.133913859,0
93.79893063,1,0,2,49.98012605,5,,1,89.30485465,0,1,6.179505737,0
154.4475298,3,0,3,,0,31.06306816,0,46.55992239,0,0,,0
55.80005716,1,0,5,47.55549341,0,24.55816433,1,77.58207209,1,0,5.171680205,0
70.3094296,2,1,5,38.37480591,24,4.416199928,2,72.81086762,0,0,6.883385848,0
150.3365036,3,0,4,28.27576717,18,0.900513162,0,100,0,0,3.394603669,0
142.9793943,2,0,6,37.02540842,12,35.35068768,0,85.83390149,0,1,2.843675889,0
143.5562352,2,0,2,30.50430327,7,60.62396385,1,100,0,0,0.834400587,0
128.6872211,2,0,2,36.0032984,3,13.5817939,,,0,0,3.136499182,0
163.7214213,2,0,0,18,2,9.807535401,0,93.54972283,0,0,2.1384329,0
84.72776488,2,0,2,38.3372782,0,28.20774786,0,25.33964659,0,1,8.9657561,1
32.70101599,3,0,2,49.77333592,1,12.71601415,1,90.42920513,0,0,8.74038934,0
144.1829969,3,0,3,18,9,52.35720902,0,55.9704096,0,0,3.513721261,0
94.42455864,3,0,4,65.91198789,,35.60505007,0,76.66256944,0,0,4.216470461,0
71.46797849,2,0,2,32.96750413,,8.072537903,0,78.44432817,0,1,4.489664083,0
95.89244108,2,0,5,57.68055712,5,20.90371911,0,77.84283009,0,1,6.065515099,0
195.6002735,3,0,3,64.43632515,1,33.40512153,0,43.88384128,0,0,7.452564145,0
73.45145511,2,0,1,25.60990688,0,5.373590768,2,,0,0,6.394972188,0
196.6679874,3,0,3,30.62593083,0,34.57211118,2,66.16910512,0,1,4.801959968,0
147.8919816,3,1,3,52.16041376,1,14.59298518,0,73.27272515,0,0,4.634106064,0
,3,1,5,56.01059563,1,,1,36.56310786,0,1,3.538795715,1
58.23264734,3,0,0,44.93209326,1,12.49698104,0,65.80192164,0,0,,0
59.11588017,1,1,2,51.64410585,5,3.494953985,0,97.9656745,0,0,7.5069469,0
136.4259322,1,1,6,38.35028336,3,18.58450802,0,,0,1,4.744733637,0
62.52920065,2,1,1,38.510106,4,4.56641128,0,100,0,1,3.679797797,1
177.1621764,2,0,4,,11,36.33288811,0,66.30214763,0,0,7.662130012,0
72.58998509,3,0,4,33.26181421,4,0.856266907,2,70.59566353,0,0,5.39841843,0
82.10047828,2,0,3,,6,21.33115864,0,66.87970451,0,0,6.774509134,0
66.59547732,2,0,5,24.43964939,,66.03505716,1,88.30985005,0,0,4.848616933,0
222.0610861,2,0,5,18.18517864,3,32.57569049,0,76.0577688,0,0,4.609826851,1
130.6395371,2,0,6,18.12757414,0,98.655961,0,,0,0,,0
51.26591649,2,0,4,73.11488199,,24.99935144,1,83.85748304,0,1,,1
114.8622137,1,0,1,20.21380893,0,54.8147031,0,100,0,1,5.177044758,1
114.7616288,,0,3,18,1,30.89975929,1,70.2859526,0,0,4.685231007,0
117.1362673,2,0,5,50.33054083,3,26.26421543,0,100,0,0,4.14538514,0
79.37930909,3,0,4,,5,1.807017045,0,53.11230252,0,0,5.669278844,0
35.97722145,3,1,4,58.09481916,1,,0,,0,1,1.225190187,0
,2,0,1,50.0703933,,20.87071098,0,60.50901351,0,0,7.593541552,0
38.57780844,1,0,2,47.23052622,0,61.06107785,2,76.02430895,0,1,5.615972998,0
71.92211268,2,0,3,60.60274372,,101.3321669,0,59.09870235,0,0,5.099108024,1
1,2,0,2,35.45921697,8,17.30463019,2,66.2292238,0,1,5.238301085,0
56.93452102,1,0,1,18,3,0.092623508,0,93.27169019,0,0,1.252317848,0
69.57051384,1,0,1,49.18600487,2,1.87876689,0,74.39745651,0,0,6.636282565,0
50.07795736,3,0,,,4,20.09978864,1,66.45972858,0,0,6.515030901,0
190.2174055,2,0,2,34.00357116,3,2.436609488,2,84.69626659,0,1,7.65902874,0
100.2556728,2,1,3,23.14114534,3,2.888169693,0,72.8941288,0,0,6.969927173,0
1,3,0,2,28.72653398,,52.40556864,2,85.53853147,0,0,,1
100.1687753,2,0,1,18,4,43.47127097,2,96.91736694,0,0,6.323841029,0
83.46053878,2,0,1,40.06047499,0,32.58338736,1,100,0,0,5.757042978,0
151.623263,2,0,1,49.96669643,7,15.12504385,1,57.80201439,0,0,7.966093457,0
19.42163204,3,1,3,39.69667839,1,,1,80.54473966,0,0,5.228090676,0
128.5589703,1,0,2,25.31868813,9,,0,,0,1,3.500079544,0
,3,0,,31.37029966,11,18.89677945,2,72.66492696,0,0,7.052208009,0
147.6230985,3,0,6,18,4,36.71637478,1,80.78690519,0,0,6.39657244,0
159.3693026,3,0,3,,12,6.802427585,,75.59199048,0,1,1.511034339,0
173.5517345,2,0,2,44.04709776,8,11.67703665,0,,0,1,1.252849754,0
84.82178374,2,1,3,36.46952819,0,20.39599935,1,80.71932037,1,0,5.205051838,1
76.43681296,1,0,4,26.2193755,2,28.77596722,0,,0,0,7.574140273,0
49.98343377,3,0,4,37.80547626,1,13.4485325,0,43.05666145,0,0,5.944822409,0
135.616108,,0,5,48.40441306,6,22.12040338,1,79.73592277,0,1,,0
76.17230993,2,0,3,18,2,7.278947358,0,86.73555566,0,0,4.685596245,0
133.9364035,2,0,0,27.94599057,9,0.558666528,0,69.5773634,0,0,4.778673971,0
40.29052995,3,0,2,32.41991697,10,4.511882877,0,77.41600515,0,0,8.123258807,0
182.100758,3,0,5,39.89327252,19,,1,56.56592499,0,0,1.406389408,0
118.1815941,3,0,5,31.71778836,5,31.78920114,2,86.96386235,0,0,5.717038514,0
54.81490696,3,0,1,28.14210312,11,16.73202255,0,65.70947887,0,0,2.626721068,0
52.71269697,3,0,4,,1,7.711900481,2,92.03661116,0,1,2.29099102,0
76.18895632,2,0,6,42.98929239,11,38.50212796,2,66.23389588,1,0,3.092891444,0
45.06897874,2,0,3,25.19320154,1,6.013970216,2,85.03410589,0,1,7.146336261,0
127.8568809,3,0,2,49.11978228,0,5.088041145,1,72.34752766,0,1,6.720359154,0
122.5301706,2,0,2,18,,38.29687963,0,74.42297466,0,0,4.664064749,0
120.5275043,3,0,2,,6,24.46998239,1,60.65357727,0,0,1.888697909,0
10.68122673,1,0,5,38.15749559,7,19.79878958,1,66.25505401,0,0,7.320606812,0
35.72044996,3,0,3,49.53543731,7,16.60272625,2,54.55592696,0,0,,0
95.44620698,1,0,2,50.22602745,2,,1,67.36981482,0,0,6.486838789,0
107.7595342,2,0,3,21.5556606,2,0.506041136,2,,0,0,4.57129544,0
168.9234814,3,0,5,51.7124205,10,32.67988449,0,91.22651638,0,1,1.272011818,0
98.2496195,3,0,3,54.80064142,0,16.89894052,1,72.82488998,0,0,,0
121.1217486,2,0,1,18,8,6.733641594,0,63.75042827,0,0,3.211700309,0
167.2710023,3,1,4,18,0,11.98207237,1,73.8305623,0,0,4.687731512,0
166.0497895,3,1,6,44.42216331,2,2.822588957,0,67.57938061,,0,3.625855508,0
184.0746229,2,0,2,18,0,5.687355974,0,67.3023395,0,0,4.5588463,0
24.97617254,1,0,4,,7,50.33350501,0,62.51741668,0,0,4.977893449,0
1,3,0,8,18,0,4.185284508,2,70.54113101,0,1,2.671053189,0
92.7560719,2,0,2,,2,23.97039497,0,85.17569605,0,,,0
106.5532593,1,0,3,,15,11.97345023,0,100,0,1,,0
113.9633919,3,1,2,58.02757241,1,48.06097008,1,100,0,0,4.946062102,1
91.9790309,2,0,3,39.39244627,5,5.851613895,1,83.03370132,0,0,,0
40.4541747,2,1,4,21.62736384,12,24.23820311,2,69.10976793,0,0,9.041216047,0
86.35333399,2,1,1,42.81902052,,1.159327493,0,91.09874561,0,1,7.944610246,0
154.4768292,2,0,,40.11860549,4,24.09319998,1,80.10013362,0,0,,0
64.57966165,3,0,5,38.0717817,1,0.082845561,1,100,0,0,9.601225956,0
60.45591042,2,0,1,42.91872854,16,,0,100,0,1,5.837787382,0
37.29195065,1,0,4,18,0,21.03573484,1,,0,0,,0
,3,0,2,30.40469467,1,12.56190406,1,76.81406458,0,,1.256995903,0
126.0344748,1,0,1,18,4,,1,66.61419462,0,0,3.737211829,0
142.6600773,3,0,6,33.81612034,3,29.75888356,0,75.52820867,0,0,4.107294235,0
111.1619457,3,0,2,30.82562464,0,,2,52.86131863,0,0,4.231475739,0
163.1853339,3,0,4,32.2593118,9,12.91274213,2,73.80076451,0,1,8.91077303,0
184.3570818,2,0,1,46.74858556,1,48.90865469,0,100,0,0,4.265509797,0
104.6422451,2,0,2,31.44389015,2,,1,,0,1,,0
139.9970951,2,0,6,18,3,9.916347449,0,38.25111285,0,0,7.846536605,0
117.9226809,,0,4,18,6,102.694429,1,74.36545633,0,0,8.563456149,1
136.0739662,3,0,2,45.06376714,2,28.60033468,0,87.22656757,0,0,4.623620159,1
38.15246446,1,0,3,51.02519807,,36.21514218,0,100,0,0,4.832233936,0
,,,1,30.90272193,22,38.1011304,1,47.3772394,0,1,1.705218316,0
136.2547893,2,0,0,18,3,,0,65.36762149,0,0,5.178253809,0
55.7598643,3,0,1,35.85194808,7,10.84028812,2,80.05391451,0,0,,0
21.02818506,3,0,2,,3,13.14816101,0,,0,0,5.241515383,0
151.0018253,3,0,4,22.71362592,18,4.070798734,1,49.53844281,0,1,5.045645538,0
68.22210793,2,0,3,18,1,28.45703377,2,75.96956123,0,0,5.13500841,0
92.7819794,2,1,3,52.6952674,6,5.883078648,,68.47304513,0,0,7.107399763,0
110.6598314,3,0,3,55.95119627,2,,0,88.88011811,1,1,5.697565591,0
127.3632399,2,0,1,28.61045351,0,,0,99.77964102,,0,6.077764938,0
174.4556554,2,1,3,23.7914393,19,51.03007546,,48.41251358,0,0,0.728121697,0
157.9690522,3,0,3,44.56028558,0,68.43106763,0,74.96592585,0,1,1.281583822,0
27.99745587,1,0,5,18.24904801,4,22.32697608,1,43.1844703,1,0,6.857811405,0
144.0703764,3,0,2,21.47867434,2,4.703610852,0,57.15076471,0,1,5.6344409,0
11.06398755,2,0,6,60.59064964,3,24.9125923,2,58.3126584,0,0,,0
134.9407835,2,0,1,35.62365141,1,74.89209161,2,37.4154584,,1,2.459516866,1
196.0183751,2,0,5,30.08693499,6,5.361216888,2,12.81221709,0,0,4.035932222,0
38.52252028,3,0,0,40.44298154,0,26.90743013,0,,0,0,4.288894523,0
107.6862553,1,0,1,36.98924575,5,2.174063501,1,,0,1,7.372323141,0
77.2230237,2,0,4,70.3118508,9,,1,86.19695976,0,0,7.724647996,0
80.64501488,2,0,2,,1,,0,62.0129223,1,0,,0
129.2649718,2,0,3,42.34064295,5,10.68372143,1,50.76023189,0,1,5.198597366,1
98.25057548,2,0,5,18,9,16.7907801,0,80.05458716,0,1,3.921645243,0
59.74141241,1,0,4,35.83266236,1,121.3049636,1,100,0,0,4.383883344,0
116.2229302,1,0,3,,3,12.74411643,0,80.61441075,0,0,2.615030664,0
107.404471,2,1,5,,4,7.33626837,0,32.42875226,0,0,3.971764812,0
154.1525622,2,0,7,37.41751095,8,11.35560817,0,52.24158098,1,0,4.882278457,0
161.0410649,3,0,2,30.17862827,2,,1,94.22733965,0,0,7.223396409,0
1,2,0,1,29.11394621,6,41.80697374,1,96.32270597,0,1,3.093508565,0
2.907067031,2,0,3,31.69030474,6,4.289400847,1,73.02625171,0,1,,0
225.0450249,1,0,2,26.86248647,17,34.66310324,1,92.59267464,,0,6.252521609,0
84.84101086,2,0,2,28.95275142,2,10.42833822,0,77.77262228,0,0,3.76692321,0
1,2,0,3,39.94136591,7,,1,100,0,0,4.272194742,0
87.92512771,1,1,2,28.85224937,0,15.22189726,2,84.13182156,0,0,,0
194.9940967,2,0,4,35.65870253,2,23.9442747,2,82.2797621,0,0,4.54280825,0
79.26865497,3,0,2,24.81509175,,14.54031589,0,61.65937109,0,0,4.626503405,0
121.1944741,2,0,3,38.23912737,3,7.61009099,0,68.80779775,0,0,,0
83.42843144,2,0,2,50.50699841,5,5.407968308,0,56.12269464,0,0,2.667373537,0
64.14919254,2,0,2,27.59728415,6,67.94940271,2,71.77340067,0,0,6.524831542,0
100.9799808,2,0,0,,4,43.48082516,1,71.98273692,0,0,7.804798142,0
10.08926303,3,0,2,33.47021262,2,49.43563,1,80.37966592,0,0,5.552567096,0
171.0252124,1,0,2,19.14730013,17,11.91807528,0,100,1,1,0.517539094,0
25.29811034,2,0,2,18,1,19.72143299,0,39.55524666,1,0,5.206547262,0
134.1606202,2,0,3,33.8319071,4,,0,91.13384137,0,0,0.894032586,0
101.7004048,1,,1,35.60136504,9,10.2824176,1,50.37836029,,0,3.74070692,0
70.50526218,2,0,5,,0,26.69991629,1,45.45037361,0,0,3.567669784,0
44.42710215,3,0,6,40.18634955,0,27.36170514,1,77.2386003,0,1,6.814755223,1
146.201351,,,5,38.87704806,0,26.46989594,0,78.77265609,0,0,6.839173458,0
43.44663822,3,0,1,18,1,6.086546879,1,68.24114847,0,0,5.175157339,0
92.23704756,2,0,4,18.88976043,6,28.44546468,0,82.21268282,1,0,7.213320834,0
71.4126979,3,0,4,18,0,23.30744134,0,100,0,1,5.412618439,0
52.24387103,3,0,5,32.8607939,0,89.68842744,0,68.62701297,0,0,3.930392604,0
81.18496375,3,0,1,38.50217492,5,13.68169648,1,73.62041361,0,1,7.56627022,0
166.5669531,2,0,2,40.25170688,2,,1,100,0,0,5.923875346,1
224.6499759,2,0,6,18.8534107,3,31.38772423,2,51.94428527,0,1,5.892848214,0
59.88599864,2,0,0,32.49205593,2,22.11064414,0,72.09324074,,1,3.522636391,0
105.1769077,,0,,42.19595562,5,6.546966194,0,76.81839514,0,1,8.51649788,0
91.58075388,3,0,4,37.42174466,1,4.697322314,2,92.69213432,0,0,,1
145.9577087,3,0,9,54.5719404,7,49.86802768,2,73.08600578,0,0,9.995705853,0
47.19846,3,0,3,,1,5.02898078,0,88.02247713,0,0,3.529447209,0
141.1639958,1,0,4,24.12048951,0,5.983924978,2,97.43761046,,0,3.189047329,0
,2,0,4,27.05171751,2,8.276216186,2,89.27697709,0,0,5.587767325,0
109.3495105,3,,4,39.95791939,2,,0,90.29847484,0,0,4.957744579,0
88.47068007,2,0,2,42.30052617,3,55.73523966,0,64.1246822,0,0,2.166433982,0
108.4029903,,0,1,30.53311193,9,13.98387798,1,74.88271283,0,0,2.422654854,0
42.94957451,2,0,3,58.82379365,2,22.38876821,0,21.86123237,0,1,5.949765092,0
91.8466518,3,1,2,53.72655908,13,,0,73.96588247,0,1,7.859219772,0
72.82876144,2,0,4,38.10269875,0,,2,95.98427863,0,0,5.876631241,0
1,2,0,2,21.50548528,4,10.02481595,1,100,0,1,2.440707423,0
158.1129799,3,0,3,39.00582725,,37.52844052,2,48.44486059,0,0,4.509797753,0
171.4428854,3,0,2,37.55660732,2,,2,,0,1,6.601301951,0
1,3,0,3,,1,16.71739607,1,71.63079052,0,1,6.061214251,0
,2,0,,23.09208272,1,66.33776201,1,67.23139864,0,0,2.558204918,0
164.6030167,2,0,2,43.10010529,0,50.9605767,1,67.795562,0,0,7.325489647,0
2.133070543,2,0,3,30.04961401,0,126.1202254,1,70.15067281,0,0,7.914710615,0
,1,1,3,32.86951339,0,15.60652061,2,80.49542194,1,0,,0
135.4054338,3,0,6,43.63161239,,56.43190909,2,73.33120957,0,0,4.215382539,0
71.6647446,3,0,2,36.88779206,7,44.88918858,0,34.97458474,0,1,8.700629831,0
98.97197213,3,1,1,29.75463632,11,82.91879306,1,85.26911229,0,0,6.499537161,0
1.868715416,3,0,2,,6,16.24997792,1,59.33525802,1,0,4.472874488,0
143.6076553,2,1,,18,6,11.03517368,0,87.86133447,0,1,5.786137476,0
140.1064229,3,0,5,52.92117424,8,26.87319592,2,79.94299159,1,1,6.265414116,0
101.4090579,2,0,2,18,0,,0,,0,0,7.96296677,0
93.57268534,1,0,2,18,0,12.27935784,2,75.79107278,0,0,5.73613328,0
75.81914302,3,0,1,28.5677667,15,14.01666242,2,94.32692935,0,0,,0
52.30302903,2,0,3,51.14785417,7,1.690820475,2,94.91538806,0,0,4.933191249,0
110.8312488,3,0,3,24.42881749,4,28.3225169,0,50.15030378,0,0,4.30267313,0
62.30689432,1,0,2,33.62921149,2,48.02048165,2,40.98766858,1,0,5.264830061,0
98.72128439,2,0,2,31.46624725,15,3.661792237,0,87.45633116,0,0,1.567527751,0
44.01912834,2,1,4,18,1,27.20744186,1,99.41923706,0,1,,0
69.60890065,3,0,3,29.43233458,2,11.41098316,,83.65854131,1,1,,0
77.90755364,3,0,3,43.43836329,9,4.286896701,0,100,0,0,1.468389067,1
1,2,1,0,45.5861807,1,7.27609267,0,52.54600798,0,1,8.415163326,0
172.3281646,3,0,7,29.81595215,0,34.55301593,2,46.80459026,0,0,5.31560994,0
138.2014891,3,0,5,34.14220409,10,33.0862626,0,68.75555721,1,0,9.003195826,0
104.9466894,3,0,4,19.72311269,2,,0,64.72274976,0,0,4.703412002,0
,2,0,3,42.81545412,0,,1,,0,0,5.907890306,0
39.03577667,2,0,3,18,0,24.66216539,0,66.55607036,0,1,7.465295667,1
93.27516078,1,0,4,71.91633698,1,26.30234265,0,77.39867618,0,0,6.073430042,0
115.8726631,3,0,5,28.5247145,2,39.05529673,0,70.99538468,0,1,,0
,1,0,1,28.35865074,1,21.49260035,2,75.19389223,1,0,5.981894069,0
159.5545342,1,0,3,34.53670417,4,0.157454865,0,91.87501611,0,1,7.017844305,0
,1,,2,18,22,11.40495544,0,89.10989744,0,0,3.730554891,0
56.94560449,3,0,3,,4,14.90058482,0,76.42693217,0,0,5.785563099,0
55.32424537,3,0,0,38.39739438,4,14.31455895,1,59.90319094,1,1,6.960645451,0
105.4704236,2,0,,18,4,0.801997362,0,66.5036049,0,1,6.397921619,0
81.92686167,2,0,2,52.39017367,7,29.39611119,1,,0,0,5.462428615,0
136.940524,3,0,6,24.75732374,5,9.84728404,0,75.85164788,0,0,6.828097513,0
103.9482023,3,0,3,43.58344168,,6.344525412,1,100,0,0,8.322734298,0
119.2874984,,0,2,34.22961104,2,7.30606695,0,69.53027642,0,0,2.730678462,0
81.4692834,2,1,7,26.22696341,5,26.89767272,0,34.29988125,0,0,4.12631358,0
126.1611593,3,0,5,51.68317449,14,,2,,1,0,2.86102888,0
16.57003706,3,0,5,37.51479093,1,15.26409649,0,84.32439644,0,0,2.340401997,0
149.9155449,2,0,2,18,1,39.84931351,0,66.30530611,0,0,3.946222311,0
91.4163173,2,0,3,47.46339166,0,2.622348626,0,74.56478531,1,,5.357357419,0
70.44907721,2,0,6,38.40934311,,19.09383314,0,40.70633466,1,0,3.315058848,0
147.6437274,3,0,,44.08097213,0,8.69265576,0,19.36764205,0,1,3.643737395,0
148.1962712,,0,6,51.26691255,4,32.63397316,0,61.45901791,0,0,5.59335371,0
113.1775406,1,0,5,41.67036268,0,5.052116749,2,81.59641397,0,0,0.922388606,0
,3,0,3,33.87629632,8,27.15779071,2,75.097713,1,0,4.311622105,0
83.69882339,3,0,7,48.5158458,15,11.0604621,0,73.40118818,0,0,3.827796139,0
129.7514733,3,,3,30.12644376,15,51.20217275,0,24.89564973,0,0,0.079704614,0
189.7938837,3,0,1,18,4,6.517126433,0,73.14477674,0,0,2.089248925,1
111.2342363,3,1,4,37.39228646,20,28.76026474,1,51.49534088,0,1,4.19425054,0
,2,0,2,18,4,29.84559164,1,60.15485345,1,1,6.881289118,0
20.88884166,1,0,2,24.33097926,4,70.21525671,,63.76013769,0,0,7.08629257,0
125.7517634,2,0,3,36.54395973,0,10.29455241,1,55.7600894,0,0,4.312059534,0
144.057336,3,0,4,23.15259745,5,50.2142167,0,53.26191639,0,0,5.473514412,1
91.15263863,3,0,3,18,2,23.49020112,0,76.65712563,0,0,6.19026439,0
77.06806819,2,0,1,53.97757986,,46.94582187,0,100,0,1,6.305463105,0
,1,0,7,36.18147895,0,15.89325356,0,68.50236327,0,0,4.770128327,0
130.6758986,2,0,1,21.80522902,6,24.90825831,0,,0,1,6.617842173,0
69.2838428,2,0,4,43.70921652,1,35.19232523,0,73.88725721,,1,,0
49.16584357,2,0,0,18,6,18.87523193,1,100,0,0,3.029820256,0
151.1528278,2,0,2,18,0,13.75007511,0,100,0,1,3.259747795,0
117.3058664,1,0,6,45.81349865,14,25.57270525,0,100,0,0,6.515750057,0
135.4676257,3,1,1,62.99149436,1,38.67735102,0,58.3561878,0,0,6.727104561,0
,,0,2,70.88490021,18,56.04220406,1,80.08664109,0,1,3.586850042,0
22.56908506,3,1,4,23.54226192,6,33.42746518,0,25.49341965,0,0,5.303360606,0
115.3194741,3,0,2,18,2,23.37458832,2,73.77304736,0,0,4.928724824,0
184.2507139,1,0,4,59.68626646,1,57.7087594,,,0,0,6.975431291,0
166.6275734,1,0,4,30.38710347,1,12.7388796,0,39.43873133,0,0,3.872498391,0
78.27518863,2,0,2,63.00616242,3,51.27953601,0,100,0,0,4.33736967,0
50.28224672,2,0,,43.03597414,13,16.23801785,2,87.49438522,0,0,6.562413821,0
44.29767749,1,0,1,,11,42.72858459,2,74.10720937,0,0,,0
134.1026033,2,1,6,,0,,0,74.96809055,0,1,,0
121.0890037,2,0,2,61.2858461,27,10.2778386,2,,0,0,3.801099041,0
63.51987651,3,0,2,18,23,6.128047505,1,,0,1,,0
,2,0,2,33.8314296,4,13.45349668,1,79.99793228,0,0,4.011050123,0
202.6909345,,0,1,72.17276971,1,18.35645153,1,76.81812794,1,0,6.605773615,0
117.889368,2,0,6,19.25416721,0,25.98573274,0,84.94302451,0,0,2.805468211,0
39.54006444,3,0,3,34.26516818,,22.70141325,1,48.12539383,0,0,,0
128.9928643,1,0,0,,1,9.894087881,2,100,0,0,4.102005594,0
96.9451246,1,0,3,18,8,71.92875827,1,88.78674132,0,0,,0
133.315625,3,0,,18,0,,1,75.13894906,0,1,4.553857744,0
,1,0,8,18,4,37.72156421,1,87.83545183,0,0,5.329635838,0
30.04607859,3,0,2,45.93022188,5,30.97727193,0,,0,0,7.080671607,0
142.2901436,3,0,2,37.70471664,2,17.90594855,0,60.24162995,1,1,5.41648492,0
25.92096142,2,0,1,32.68920788,1,11.46560454,1,78.01899631,0,0,,0
91.10410621,2,0,4,72.71457643,1,9.027574679,2,73.45988681,0,,3.256672131,0
85.75815311,3,0,3,,6,21.09300201,1,92.75139666,0,1,5.855145044,0
124.5959586,3,0,5,18,3,44.14042929,2,87.54541266,0,0,4.072515857,0
140.5852786,2,0,2,39.99425517,1,25.88777371,0,,0,1,2.856172,0
119.5183097,1,0,3,18,4,15.17056377,1,45.7136327,0,0,2.941161119,0
18.64975396,2,0,6,18,6,12.25461028,0,69.61182969,0,0,8.077658662,0
200.3046444,3,0,1,20.49675998,1,2.038081977,0,100,0,0,3.933944291,0
,3,0,4,57.86813669,4,6.80992278,0,94.95119967,0,1,,0
161.9473176,2,1,4,24.94916212,6,10.66710533,2,79.32570561,0,1,9.431080282,0
140.9686634,2,,3,24.60646223,1,2.668876662,0,56.11841892,0,1,6.01832917,0
62.59519677,2,0,1,46.36084516,0,4.965940979,1,100,0,1,3.949376939,0
142.9225558,2,0,3,38.3995579,10,1.681863088,2,84.14515389,0,0,,0
140.6262911,2,0,4,44.71935194,4,83.73387204,0,82.02012877,0,0,7.95857015,0
96.79611179,3,0,3,48.51759859,8,1.882595016,1,67.30382217,0,1,3.390761835,0
119.5232425,2,0,3,34.28438985,1,5.62669534,0,82.561972,0,0,5.97765417,0
26.47552244,3,1,3,18,3,1.107986897,1,78.37325624,0,0,6.20271365,0
103.8684154,3,0,2,32.42425154,2,26.44169273,0,88.67711595,,1,2.937270136,0
59.58508573,2,0,2,23.39096872,4,,0,45.52039337,0,1,7.046148473,0
32.09125393,1,0,2,18.1713438,9,,2,58.50642274,0,0,5.702165906,0
92.92371233,2,0,4,52.55136998,14,35.12303497,0,55.462124,0,1,6.942135933,1
144.9179784,2,0,1,,12,9.85153261,1,97.12850844,0,0,7.710725065,1
137.5549727,2,0,4,56.18023984,3,2.340364268,0,100,0,0,2.701938248,0
180.4760333,1,0,6,38.06727027,2,74.7154984,1,49.70645306,0,1,2.348903159,0
22.17090507,1,0,2,,1,70.32819886,0,25.69645652,0,0,2.008393586,0
99.1788552,,0,1,18.06673989,0,21.16281616,0,,0,1,5.461474327,1
83.93070792,1,0,4,35.63719959,5,28.3408546,0,70.39676007,0,0,5.665234411,1
112.8375399,2,1,1,27.90363598,3,35.01517902,0,56.00081255,0,0,7.078150695,0
126.3919675,3,0,1,,7,46.5485887,0,78.3132001,0,0,5.413538803,0
67.42909982,2,1,3,,3,24.27070222,0,89.54071088,0,0,1.932883877,0
107.0858457,2,0,3,50.32240892,,90.76966744,2,68.9823422,0,0,5.680976483,0
50.33206502,2,0,4,41.33803137,9,50.30427072,2,100,0,1,,0
141.9674557,3,0,6,,1,26.47083939,2,77.62449888,0,0,1.275222537,0
48.68153962,3,0,2,53.96900634,3,6.693486351,0,88.37626949,0,0,4.871770077,0
166.2638045,1,0,1,20.62911806,0,94.55946656,,56.2480207,0,1,6.455691376,0
116.5735448,3,0,2,37.73446622,4,4.485263351,0,77.67386697,0,0,5.029635115,0
85.94498536,2,0,2,59.45119148,5,14.9238818,2,,,0,7.440036243,0
31.01909176,2,0,2,18,2,24.897094,0,68.91824738,0,0,4.71062851,0
106.3133868,2,0,0,18,5,29.88511668,1,79.93404323,0,0,4.398816283,0
139.3542302,3,0,3,39.93855708,3,82.87965358,0,100,1,0,1.965470802,0
101.0053233,2,0,2,33.19204034,6,28.93941064,0,98.3118227,0,0,1.846227929,0
77.24005476,2,0,2,,9,6.067808898,1,78.41032503,0,0,5.392476764,0
81.53406149,1,0,3,18,0,20.6010785,0,98.36799354,0,0,5.417144885,0
1,3,0,2,27.81899503,1,23.3021841,2,82.86231753,0,0,,0
138.9180538,1,0,3,52.62649556,14,61.48876281,0,85.51326854,1,1,7.582471584,0
31.41284354,2,0,5,,17,0.570661764,1,95.73951922,1,0,0.902025739,0
46.33359839,1,0,5,18,23,6.11916466,1,67.53393208,1,1,5.257886998,1
99.67393424,2,0,1,,1,6.617549858,1,47.87270533,0,,3.780461336,0
194.8644347,2,0,4,35.7539235,5,15.0707223,0,74.98623133,,1,7.737789543,0
71.3149998,3,0,7,44.25542745,2,19.27995638,1,43.76199193,1,,5.263669909,1
181.592845,1,0,3,37.46778548,2,3.243838378,2,65.38584048,0,0,4.39752182,0
1,2,0,2,47.06398612,1,23.89708015,0,,0,0,3.452916881,0
134.6552804,2,0,1,52.38827836,4,5.785462834,0,63.92281353,0,1,7.413123831,0
,1,0,3,24.02597781,7,2.586876404,0,100,1,0,5.923437465,0
,2,0,4,23.85052772,6,35.11530301,0,57.0931425,0,0,-0.381211333,0
63.95149458,3,0,1,,4,18.49054611,2,100,0,0,4.343150736,0
141.1272456,1,0,,24.59307768,2,,2,,0,0,6.561579249,0
96.04663291,3,0,1,39.73822672,6,30.35701429,0,56.57651195,0,0,,0
21.48876401,3,0,4,18,0,1.330541457,2,94.1691622,1,1,9.528194659,0
1,2,0,2,43.31016968,0,43.70673921,2,45.94022964,0,0,5.573953194,0
55.62539111,2,0,2,38.68290118,,0.885331145,0,69.25731015,0,0,4.287901324,0
106.7083208,3,0,3,46.53647848,0,16.39129401,2,94.92979911,0,1,0.781677656,1
148.4684651,2,0,5,26.97428368,6,,1,85.55889227,1,0,6.672795791,0
,2,1,2,41.2287819,,10.98986059,0,93.61338515,0,1,6.003651377,0
89.9254233,3,0,6,39.72918923,0,19.5089646,2,58.53345147,0,1,3.99753339,0
97.37977747,2,0,1,34.53255495,3,28.8401906,2,,0,0,4.847123282,0
79.53587809,2,0,2,,2,70.45674171,0,81.30800341,0,1,8.921429382,0
94.26317793,2,0,4,24.08144991,2,29.40205169,2,72.82700991,0,0,,0
93.13141058,3,0,2,18,7,32.79819944,2,78.32826171,0,1,,1
155.6344187,2,0,2,,8,10.94686611,0,82.77123057,,1,,0
137.8494308,2,0,1,52.48931056,1,1.927836781,1,35.31000685,0,1,6.521023449,0
81.52365356,1,0,6,63.40244481,2,71.51246409,1,75.47955301,0,0,2.640850876,0
107.4670956,3,0,3,35.43590603,,47.18670458,0,80.13283347,0,0,6.79019289,0
90.74511753,2,0,3,48.29858255,1,141.740872,2,85.95725008,1,0,,1
80.74890941,3,0,1,24.42745675,11,16.64190276,0,91.73510222,0,0,4.105999666,0
178.9718946,2,0,4,42.63634926,10,1.706346727,0,45.95167473,0,0,2.048478831,0
1,2,0,3,50.76307174,3,6.987624089,2,76.88862056,0,1,4.186239005,0
134.6428792,2,0,1,46.17938277,4,60.23158693,0,68.03652483,0,0,4.191201544,1
132.0271468,3,0,5,34.11928772,13,36.54924803,0,,0,0,4.619516754,0
111.1144928,2,0,3,39.58773911,14,19.35868685,2,42.98455605,0,0,8.07419739,0
75.55752891,2,0,1,43.9681097,5,44.39938123,,64.77979304,0,0,5.972575591,0
54.80461793,2,0,6,45.45595031,2,44.58495951,,71.74469776,0,0,4.694760323,1
85.2259841,1,0,8,36.13068036,6,,2,82.13599771,0,0,,0
112.3041808,3,0,2,20.53570077,4,13.20980169,0,72.37654556,0,0,7.245359054,0
33.22592155,1,0,4,37.17500169,1,53.65228698,0,95.42444516,0,0,8.165980317,0
199.3530556,2,1,4,52.47489976,8,59.55674135,2,80.64071508,0,1,4.845802145,0
24.25763877,3,1,4,18,0,2.669654476,1,62.90966309,0,1,2.930681405,0
113.3563326,2,0,5,32.68714898,2,49.01401178,1,74.2398067,0,0,8.782578878,0
5.522963453,2,0,1,18,3,37.40308711,1,83.22316503,1,0,8.295082907,0
42.44929582,3,0,4,44.22428076,3,10.79961333,1,,0,1,4.458153162,0
99.53498394,3,0,8,18,6,8.646630132,1,65.72295569,0,0,4.726973326,0
116.3910586,1,0,3,,8,,1,87.34217758,0,0,4.224782876,0
83.91824744,,0,0,33.66284132,10,7.819538313,0,100,0,0,7.037014992,0
,3,0,3,24.27139414,1,18.05612282,0,64.62377091,0,1,7.536055093,0
24.14131517,1,0,7,18,,,1,,0,0,6.643173002,0
92.9175707,3,0,1,28.99997551,0,8.663469303,0,96.68696996,0,0,5.937286776,0
105.8415087,2,0,1,46.20519211,1,9.171610186,0,64.39875125,0,1,2.285638257,0
5.499491441,2,0,3,48.9623459,13,15.59811195,2,60.14557229,0,0,6.75067336,0
71.8026256,2,0,0,38.58659819,0,3.110704612,2,48.60925832,0,0,5.006624555,0
84.97670256,2,1,7,37.92504817,7,29.00726881,1,95.67171887,0,0,,0
50.51859317,1,0,4,35.05054738,2,4.726223203,2,52.81722041,0,0,5.135760523,0
43.14835584,2,1,2,22.37772511,1,40.90611345,2,95.98830597,0,0,,0
117.5582734,3,0,1,28.12186367,9,2.330380568,1,90.94576799,0,0,8.591769973,0
161.6862139,2,0,6,37.7910317,10,3.330920408,2,54.82864085,0,0,4.901711796,0
91.2822871,1,0,1,50.01652542,14,0.201228058,2,87.66782887,0,0,,0
135.1266657,,0,4,23.15384543,1,,0,,1,1,3.056568409,0
188.32559,2,0,5,18,12,,0,78.85824506,0,0,7.170302735,0
53.52445699,2,0,4,34.68247173,0,13.01987641,1,50.75235566,0,0,,0
190.6224279,1,0,5,24.42764176,9,,0,51.76292899,0,1,2.915639701,0
159.3839694,3,0,6,18,1,8.981719381,0,51.92489511,1,0,6.220600787,0
22.46682845,2,0,5,38.48052018,0,19.41144671,0,72.30198733,0,0,3.756889738,1
164.7935891,2,0,2,40.5535794,11,8.397288686,1,100,0,0,,0
130.4123096,2,0,5,55.52051454,2,19.92661025,0,89.60828447,0,1,7.255122583,0
134.7701237,3,0,3,21.35746697,0,12.02295559,0,66.29951993,0,0,3.898989184,0
81.82133525,2,0,1,27.2468681,2,5.693559951,2,64.74399795,0,0,5.820215796,0
32.59114773,1,0,6,24.35209845,3,55.60637035,0,97.0784638,0,0,4.433707153,0
117.5185108,3,0,1,26.53916163,7,26.22176956,1,61.77289885,0,0,1.736980238,0
,1,0,4,,,44.59118905,0,100,0,0,6.738248007,0
130.708335,2,0,6,25.59113013,1,18.8596455,2,44.1796006,0,0,7.483614758,0
106.9826845,2,0,0,,0,,0,92.19403142,0,0,4.1358411,1
71.29587115,3,0,2,31.21061796,0,18.75321817,2,99.59963621,0,0,8.540963261,0
95.27706428,2,0,5,80,4,93.40583711,2,79.93007795,0,0,2.711107233,0
60.89982537,3,0,2,23.86627694,10,11.91605554,0,100,,0,,0
97.93536565,2,0,0,26.70363441,,20.20443138,0,59.63670043,0,0,9.63509495,0
78.55760372,3,0,4,61.92553976,2,9.210915872,0,79.65692439,1,1,,0
65.02927299,2,0,3,18.9477202,1,3.315391483,0,,0,0,3.253976201,0
110.146151,,0,1,30.98393085,0,88.89501937,0,89.12174846,1,1,6.277582081,0
